user_id,signup_date,acquisition_channel,device_type,country,age,occupation,referral_source,marketing_campaign_id
1000037,2024-03-06,affiliate,ios,India,48,"Software Engineer",NULL,210268
1000917,2024-03-30,paid_search,android,"United States",37,"Marketing Manager",NULL,421879
1003196,2024-01-24,social,web,"United States",31,Unemployed,NULL,378167
1004011,2024-12-08,organic,ios,Germany,38,"Sales Rep",NULL,NULL
1004138,2023-04-19,organic,web,Germany,26,"Marketing Manager",NULL,NULL
1004677,2023-07-12,social,ios,"United States",37,"Software Engineer",NULL,378167
1006464,2024-11-13,social,android,"United States",40,Freelancer,NULL,465838
1011009,2024-01-20,paid_search,ios,"United States",39,Retired,NULL,421879
1012879,2024-09-21,social,web,Canada,33,Unemployed,NULL,465838
1017297,2024-11-02,affiliate,web,"United States",29,"Software Engineer",NULL,221958
1019156,2024-07-12,affiliate,ios,Australia,54,Nurse,NULL,210268
1019477,2023-04-16,organic,web,"United Kingdom",26,"Small Business Owner",NULL,NULL
1019675,2024-06-03,organic,web,Canada,40,Teacher,NULL,NULL
1021253,2024-08-11,affiliate,android,Australia,31,Student,NULL,832180
1021650,2024-11-09,paid_search,ios,"United States",31,Teacher,NULL,141090
1024363,2024-03-23,organic,android,India,30,Student,NULL,NULL
1026505,2024-10-22,referral,android,Brazil,48,Unemployed,"Community Forum",NULL
1028885,2024-06-25,affiliate,web,India,37,"Small Business Owner",NULL,275203
1029092,2024-11-25,referral,android,"United States",45,"Small Business Owner",Employee,NULL
1029725,2024-07-06,social,web,"United States",31,"Small Business Owner",NULL,465838
1029813,2024-03-06,affiliate,android,Brazil,32,Teacher,NULL,291335
1033734,2023-07-16,paid_search,ios,"United States",34,"Marketing Manager",NULL,421879
1036160,2024-03-20,affiliate,web,"United States",63,Nurse,NULL,210268
1037361,2023-05-12,organic,ios,"United States",37,"Marketing Manager",NULL,NULL
1039353,2023-07-13,organic,web,"United Kingdom",52,Retired,NULL,NULL
1041743,2024-02-12,social,ios,Australia,33,Unemployed,NULL,378167
1042137,2023-09-23,organic,ios,"United States",29,Unemployed,NULL,NULL
1043585,2024-08-06,organic,web,Canada,40,"Sales Rep",NULL,NULL
1044816,2024-12-30,organic,ios,"United States",65,"Software Engineer",NULL,NULL
1045475,2024-02-20,organic,ios,Germany,32,Teacher,NULL,NULL
1045807,2024-02-28,social,android,Australia,18,Unemployed,NULL,378167
1049115,2023-12-22,paid_search,web,Australia,25,"Software Engineer",NULL,818315
1049768,2023-09-01,organic,android,"United States",18,Unemployed,NULL,NULL
1049976,2024-03-06,paid_search,ios,Philippines,33,Accountant,NULL,771155
1051707,2024-07-31,referral,android,Mexico,38,Consultant,Employee,NULL
1052066,2024-08-21,paid_search,ios,"United States",28,"Marketing Manager",NULL,187498
1053687,2024-12-12,affiliate,web,"United States",29,Nurse,NULL,210268
1053997,2024-08-15,social,web,Brazil,32,Consultant,NULL,378167
1059778,2024-11-08,affiliate,ios,Brazil,28,Accountant,NULL,221958
1061087,2024-03-06,organic,ios,Germany,21,Unemployed,NULL,NULL
1061264,2024-04-09,affiliate,web,"United Kingdom",34,"Marketing Manager",NULL,291335
1063014,2023-11-27,paid_search,android,Germany,23,Retired,NULL,621430
1064323,2024-09-21,social,web,Mexico,36,Student,NULL,465838
1065867,2024-07-03,organic,ios,Germany,28,"Software Engineer",NULL,NULL
1066150,2024-07-27,organic,web,Canada,38,"Small Business Owner",NULL,NULL
1067661,2024-02-08,organic,ios,"United States",32,Freelancer,NULL,NULL
1069518,2024-10-30,referral,ios,Mexico,40,"Software Engineer","Partner App",NULL
1070463,2023-02-16,paid_search,ios,"United States",18,Freelancer,NULL,237337
1070640,2024-11-27,social,ios,Australia,25,Student,NULL,465838
1071295,2024-05-12,organic,ios,"United States",39,"Software Engineer",NULL,NULL
1074231,2024-12-28,organic,web,"United States",18,Consultant,NULL,NULL
1074804,2024-01-10,organic,android,Brazil,22,Teacher,NULL,999159
1075388,2024-05-31,organic,android,Australia,26,Nurse,NULL,429365
1076218,2024-08-20,organic,web,Canada,23,"Sales Rep",NULL,NULL
1077175,2024-11-06,social,web,Germany,35,Consultant,NULL,378167
1078840,2024-01-09,paid_search,android,"United States",35,"Marketing Manager",NULL,818315
1078947,2024-12-27,affiliate,web,Canada,34,"Sales Rep",NULL,275203
1081171,2024-03-08,organic,ios,Mexico,46,Accountant,NULL,NULL
1082409,2024-06-30,affiliate,ios,Canada,50,Retired,NULL,275203
1085166,2024-04-02,social,web,"United States",18,"Small Business Owner",NULL,378167
1085395,2024-02-22,organic,ios,Canada,29,Consultant,NULL,429365
1088780,2023-09-13,social,web,Nigeria,34,Consultant,NULL,465838
1089743,2023-10-28,organic,web,"United States",40,Consultant,NULL,NULL
1090093,2024-06-09,organic,android,"United States",38,Accountant,NULL,NULL
1091006,2024-08-25,paid_search,web,"United States",48,Student,NULL,154886
1091656,2024-01-27,paid_search,ios,Nigeria,42,Freelancer,NULL,771155
1092036,2023-03-07,social,web,"United States",41,"Sales Rep",NULL,465838
1092091,2024-02-05,organic,web,Mexico,33,Consultant,NULL,NULL
1092193,2024-11-18,affiliate,web,"United States",40,Teacher,NULL,887201
1093246,2024-09-06,paid_search,web,"United States",36,"Software Engineer",NULL,237337
1095028,2024-07-11,organic,android,"United States",44,Student,NULL,429365
1095556,2024-04-02,organic,android,"United States",41,Consultant,NULL,NULL
1100734,2024-06-23,affiliate,ios,"United States",22,"Marketing Manager",NULL,887201
1101894,2023-12-02,social,android,"United States",27,Consultant,NULL,465838
1104195,2024-08-20,organic,web,Brazil,30,"Sales Rep",NULL,429365
1109556,2024-06-23,organic,web,"United States",23,"Small Business Owner",NULL,429365
1110078,2023-06-11,affiliate,android,Mexico,19,Accountant,NULL,231932
1110957,2024-03-29,affiliate,ios,India,36,Teacher,NULL,210268
1112036,2023-04-25,referral,ios,"United States",18,Consultant,"Partner App",NULL
1112935,2024-01-26,affiliate,web,"United States",44,"Software Engineer",NULL,887201
1113936,2024-01-26,paid_search,web,"United States",19,Nurse,NULL,818315
1114560,2023-10-07,affiliate,ios,"United States",38,"Marketing Manager",NULL,744167
1116220,2024-01-03,organic,ios,India,31,"Sales Rep",NULL,NULL
1116381,2024-09-04,organic,ios,"United States",31,"Software Engineer",NULL,NULL
1116739,2024-08-24,referral,ios,"United Kingdom",56,Student,"Community Forum",NULL
1116841,2024-11-12,organic,ios,"United States",34,"Small Business Owner",NULL,999159
1116908,2023-11-05,organic,ios,Germany,43,"Small Business Owner",NULL,NULL
1117369,2023-08-06,referral,ios,"United States",30,Teacher,"Community Forum",NULL
1117408,2024-07-27,paid_search,ios,"United States",25,"Small Business Owner",NULL,154886
1118033,2024-10-06,paid_search,ios,India,21,Nurse,NULL,621430
1118581,2024-09-14,paid_search,android,India,43,Nurse,NULL,818315
1118834,2024-05-02,paid_search,android,Philippines,32,"Software Engineer",NULL,154886
1121937,2024-09-09,referral,ios,Nigeria,18,Accountant,"Partner App",NULL
1122019,2024-02-20,social,web,Philippines,52,Teacher,NULL,378167
1122026,2024-09-21,paid_search,ios,India,61,Consultant,NULL,164820
1124932,2023-10-21,paid_search,web,"United States",38,Student,NULL,818315
1125355,2023-03-10,organic,ios,India,35,Retired,NULL,NULL
1125438,2024-07-19,paid_search,android,Brazil,29,Retired,NULL,187498
1125851,2023-04-02,paid_search,web,Mexico,44,Retired,NULL,164820
1126202,2024-07-02,organic,ios,Mexico,53,Unemployed,NULL,429365
1130334,2024-02-05,organic,android,"United Kingdom",24,Teacher,NULL,NULL
1131562,2024-12-28,organic,ios,"United States",41,"Small Business Owner",NULL,429365
1131936,2023-09-08,paid_search,web,"United States",47,Nurse,NULL,154886
1134055,2024-08-02,organic,ios,Germany,44,Accountant,NULL,NULL
1134445,2024-11-17,organic,android,India,22,"Marketing Manager",NULL,NULL
1135370,2024-04-18,organic,web,India,26,Unemployed,NULL,NULL
1136645,2024-02-05,organic,ios,India,39,Student,NULL,NULL
1137686,2024-08-22,organic,web,Germany,29,Unemployed,NULL,NULL
1137799,2024-09-20,organic,ios,"United States",31,"Small Business Owner",NULL,NULL
1138925,2023-03-15,affiliate,android,Australia,48,"Marketing Manager",NULL,231932
1139133,2023-08-30,affiliate,ios,Nigeria,34,Retired,NULL,231932
1139565,2024-05-18,affiliate,android,"United States",57,"Marketing Manager",NULL,832180
1142157,2023-09-21,affiliate,web,Brazil,38,Accountant,NULL,887201
1142980,2024-11-19,organic,ios,"United Kingdom",33,Student,NULL,NULL
1143704,2024-08-21,organic,android,Canada,39,"Small Business Owner",NULL,NULL
1144356,2024-06-29,organic,web,Australia,31,Teacher,NULL,NULL
1144375,2023-08-02,paid_search,web,"United States",33,"Software Engineer",NULL,818315
1144454,2024-07-02,affiliate,android,India,18,Retired,NULL,210268
1144771,2023-11-07,paid_search,android,Germany,40,Unemployed,NULL,141090
1145693,2024-09-11,paid_search,web,"United States",39,Teacher,NULL,237337
1147745,2024-05-08,affiliate,web,"United States",34,Freelancer,NULL,832180
1148178,2024-12-28,paid_search,ios,"United States",39,Nurse,NULL,421879
1148469,2024-10-07,paid_search,ios,Canada,30,Student,NULL,237337
1150653,2024-04-22,organic,ios,"United States",37,Nurse,NULL,NULL
1152999,2024-04-25,organic,android,Canada,30,Teacher,NULL,NULL
1154692,2024-07-02,affiliate,web,"United States",48,Nurse,NULL,275203
1157164,2023-09-12,referral,android,"United States",34,Consultant,"Partner App",NULL
1158253,2024-06-09,affiliate,android,"United States",38,Teacher,NULL,221958
1158998,2024-07-16,organic,web,"United States",43,"Software Engineer",NULL,NULL
1160775,2023-07-24,paid_search,ios,"United States",57,Unemployed,NULL,359178
1161297,2024-11-23,affiliate,ios,"United Kingdom",39,"Marketing Manager",NULL,221958
1161445,2024-06-07,affiliate,ios,"United States",48,Consultant,NULL,210268
1163944,2024-03-19,social,web,"United States",31,"Marketing Manager",NULL,465838
1164053,2024-12-15,paid_search,android,Germany,44,Accountant,NULL,154886
1164074,2024-03-30,paid_search,android,India,47,Consultant,NULL,359178
1166991,2024-06-12,affiliate,web,Germany,18,Nurse,NULL,231932
1171236,2024-12-08,organic,web,"United States",18,"Small Business Owner",NULL,NULL
1171277,2024-12-30,social,web,India,20,Teacher,NULL,465838
1174001,2023-10-26,organic,ios,"United States",29,Teacher,NULL,NULL
1174588,2023-08-23,social,ios,Philippines,44,Retired,NULL,378167
1175211,2024-12-23,referral,android,India,49,"Software Engineer","Existing Customer",NULL
1176355,2024-09-30,social,android,Brazil,34,Accountant,NULL,465838
1176615,2024-05-02,affiliate,android,Canada,23,Teacher,NULL,221958
1177216,2024-11-23,social,web,Germany,32,Teacher,NULL,378167
1177476,2024-06-25,paid_search,web,"United States",27,"Software Engineer",NULL,237337
1179001,2024-01-24,organic,web,Canada,43,"Sales Rep",NULL,NULL
1181360,2023-07-25,social,web,Philippines,18,Unemployed,NULL,378167
1183062,2024-02-08,paid_search,ios,Brazil,37,Unemployed,NULL,154886
1184514,2023-08-18,affiliate,android,"United States",39,"Software Engineer",NULL,275203
1187771,2023-04-07,paid_search,ios,Mexico,28,"Marketing Manager",NULL,771155
1189073,2024-08-31,paid_search,android,India,24,"Sales Rep",NULL,771155
1190285,2024-11-24,organic,android,"United Kingdom",27,Teacher,NULL,NULL
1191387,2024-09-13,affiliate,ios,Australia,23,Student,NULL,275203
1192458,2024-12-10,organic,ios,Canada,52,Consultant,NULL,429365
1192512,2023-12-13,social,web,"United Kingdom",33,Freelancer,NULL,378167
1194152,2023-02-12,organic,android,Canada,38,"Software Engineer",NULL,NULL
1195246,2023-08-30,organic,android,India,35,Nurse,NULL,NULL
1196211,2024-06-06,affiliate,web,"United Kingdom",33,Unemployed,NULL,231932
1197775,2024-09-04,social,ios,"United States",61,Teacher,NULL,378167
1198110,2024-04-13,affiliate,android,India,30,"Software Engineer",NULL,887201
1199542,2024-09-13,organic,android,Canada,31,Freelancer,NULL,NULL
1206487,2024-07-19,paid_search,ios,Mexico,18,"Marketing Manager",NULL,359178
1207580,2024-01-14,paid_search,android,"United States",25,Accountant,NULL,359178
1208944,2024-02-09,affiliate,ios,Mexico,26,Retired,NULL,210268
1209720,2024-07-18,organic,web,"United States",40,"Sales Rep",NULL,NULL
1211463,2023-12-07,organic,android,"United States",29,Student,NULL,999159
1211830,2024-09-20,organic,ios,Mexico,19,"Sales Rep",NULL,429365
1212204,2024-10-14,paid_search,ios,"United States",28,"Software Engineer",NULL,141090
1212803,2024-07-20,organic,ios,"United States",30,Student,NULL,NULL
1213299,2024-03-13,affiliate,web,"United States",39,Consultant,NULL,210268
1213968,2024-11-28,organic,ios,"United Kingdom",36,"Marketing Manager",NULL,NULL
1217314,2024-07-24,affiliate,ios,Australia,28,Accountant,NULL,887201
1217770,2024-06-05,social,ios,Germany,31,Accountant,NULL,378167
1218547,2024-12-20,organic,ios,"United States",57,Accountant,NULL,NULL
1220326,2024-11-06,paid_search,android,"United States",39,"Small Business Owner",NULL,164820
1221421,2024-02-02,affiliate,android,Germany,48,Freelancer,NULL,221958
1221552,2024-01-21,affiliate,web,Canada,18,Teacher,NULL,832180
1224695,2023-11-10,organic,web,Philippines,18,"Marketing Manager",NULL,NULL
1225049,2023-12-29,social,web,"United States",29,Student,NULL,378167
1225281,2024-11-27,social,ios,"United States",37,"Software Engineer",NULL,378167
1225391,2024-03-10,affiliate,ios,India,45,Student,NULL,291335
1226256,2024-11-28,organic,ios,India,39,Accountant,NULL,NULL
1230596,2024-05-29,paid_search,web,India,29,Consultant,NULL,141090
1231414,2024-01-24,referral,android,"United States",30,Retired,Employee,NULL
1233462,2024-08-28,social,android,"United States",53,Student,NULL,465838
1233782,2023-12-05,paid_search,web,Canada,37,Nurse,NULL,421879
1234000,2024-04-25,affiliate,ios,"United States",40,"Marketing Manager",NULL,744167
1234898,2024-04-02,social,ios,"United States",36,Retired,NULL,378167
1236824,2024-01-24,social,web,Australia,37,Freelancer,NULL,465838
1237068,2024-04-12,affiliate,web,Australia,30,Accountant,NULL,231932
1237199,2024-08-01,organic,web,"United States",42,"Marketing Manager",NULL,NULL
1238366,2024-03-12,affiliate,ios,"United States",28,Accountant,NULL,832180
1239017,2024-09-09,referral,ios,"United States",58,Consultant,"Community Forum",NULL
1239608,2024-10-22,organic,android,Germany,38,"Sales Rep",NULL,NULL
1239647,2024-10-11,social,ios,"United States",51,Accountant,NULL,378167
1239779,2023-12-17,social,web,Philippines,20,"Software Engineer",NULL,465838
1239968,2024-11-20,organic,android,"United States",26,Consultant,NULL,NULL
1240346,2024-08-24,organic,web,India,35,Teacher,NULL,NULL
1243877,2024-05-16,organic,web,Nigeria,51,Student,NULL,NULL
1244761,2024-07-01,affiliate,android,"United States",45,"Software Engineer",NULL,275203
1245144,2023-08-17,paid_search,ios,"United States",48,Student,NULL,818315
1245300,2024-11-03,organic,ios,"United Kingdom",38,Consultant,NULL,NULL
1246889,2024-04-17,paid_search,web,"United States",20,Accountant,NULL,237337
1250231,2024-07-30,paid_search,ios,Canada,47,Student,NULL,771155
1251492,2023-12-11,affiliate,ios,Germany,21,"Sales Rep",NULL,221958
1253078,2024-07-26,referral,web,"United States",34,Accountant,"Existing Customer",NULL
1254043,2023-04-27,social,android,Australia,30,Consultant,NULL,378167
1255658,2024-02-01,affiliate,web,Australia,48,Consultant,NULL,887201
1257354,2024-10-04,social,ios,Mexico,40,"Sales Rep",NULL,465838
1257681,2024-08-24,organic,ios,Brazil,18,Retired,NULL,NULL
1258517,2024-08-02,affiliate,web,"United States",51,Unemployed,NULL,221958
1259425,2024-09-05,organic,ios,"United States",32,Student,NULL,NULL
1260102,2023-10-03,social,web,"United States",59,Consultant,NULL,378167
1260116,2023-12-27,paid_search,web,Mexico,41,Freelancer,NULL,187498
1261420,2024-07-10,referral,android,"United States",35,Student,"Community Forum",NULL
1262199,2024-07-12,social,web,"United Kingdom",31,Accountant,NULL,465838
1264237,2024-12-23,affiliate,android,"United States",39,Freelancer,NULL,275203
1264500,2024-02-27,affiliate,android,"United States",42,Consultant,NULL,887201
1265033,2024-01-16,paid_search,web,"United States",38,"Sales Rep",NULL,187498
1265039,2024-12-08,affiliate,web,Mexico,30,Unemployed,NULL,291335
1268116,2023-10-04,organic,android,Canada,43,Unemployed,NULL,NULL
1268449,2023-12-23,organic,web,Australia,24,Unemployed,NULL,NULL
1268602,2024-02-09,social,web,"United States",55,Unemployed,NULL,465838
1270001,2024-10-06,organic,web,"United States",43,Retired,NULL,NULL
1272544,2024-07-19,social,web,"United States",24,"Sales Rep",NULL,465838
1273146,2023-07-15,organic,ios,India,53,Nurse,NULL,NULL
1273452,2023-09-10,social,android,"United States",46,"Marketing Manager",NULL,378167
1274535,2024-07-06,paid_search,web,"United States",54,Student,NULL,141090
1277834,2024-07-21,organic,web,"United States",25,Accountant,NULL,NULL
1278495,2024-11-01,social,android,"United States",25,"Marketing Manager",NULL,378167
1279215,2023-12-13,paid_search,android,"United States",38,Teacher,NULL,359178
1281854,2023-04-07,paid_search,android,Philippines,30,Student,NULL,164820
1282140,2024-12-17,paid_search,web,Australia,48,Retired,NULL,164820
1285622,2024-12-21,referral,android,Germany,45,Teacher,"Existing Customer",NULL
1285711,2024-05-11,social,ios,"United States",40,Teacher,NULL,378167
1287635,2024-10-11,paid_search,android,"United States",25,Student,NULL,237337
1288790,2024-12-25,organic,ios,"United States",37,Retired,NULL,429365
1288859,2023-08-19,affiliate,android,"United States",53,Retired,NULL,744167
1289102,2024-08-03,organic,android,"United States",23,Teacher,NULL,999159
1289134,2023-09-21,affiliate,web,"United Kingdom",32,"Software Engineer",NULL,210268
1290998,2023-07-18,social,web,Brazil,44,Student,NULL,465838
1291464,2024-02-24,organic,android,"United States",24,"Sales Rep",NULL,NULL
1292007,2024-12-15,organic,web,"United Kingdom",33,Freelancer,NULL,999159
1292575,2024-07-19,affiliate,web,"United Kingdom",18,Student,NULL,832180
1294358,2024-07-23,organic,ios,"United States",57,Freelancer,NULL,NULL
1294746,2023-10-22,organic,web,"United States",18,Freelancer,NULL,NULL
1295599,2023-08-15,organic,android,Germany,34,Retired,NULL,NULL
1295866,2024-09-23,organic,android,Australia,33,"Small Business Owner",NULL,NULL
1296063,2023-11-29,organic,ios,Mexico,21,Teacher,NULL,NULL
1296412,2024-08-07,affiliate,web,"United States",30,Student,NULL,744167
1297542,2024-09-17,social,ios,Germany,30,Student,NULL,465838
1297584,2024-03-21,organic,ios,Philippines,25,"Marketing Manager",NULL,NULL
1297883,2023-05-09,organic,ios,"United States",34,"Marketing Manager",NULL,NULL
1298090,2024-02-07,organic,ios,Australia,20,Retired,NULL,NULL
1298783,2024-12-14,organic,web,"United Kingdom",30,"Software Engineer",NULL,NULL
1299189,2024-01-26,paid_search,web,Germany,37,Teacher,NULL,154886
1300406,2024-11-02,organic,ios,"United States",39,"Marketing Manager",NULL,NULL
1302186,2024-03-19,social,ios,Canada,30,Nurse,NULL,378167
1303446,2024-01-13,social,web,"United States",36,"Small Business Owner",NULL,465838
1304543,2024-06-20,organic,web,"United States",26,Teacher,NULL,NULL
1308617,2024-03-01,organic,web,"United States",29,"Software Engineer",NULL,NULL
1308623,2024-07-19,organic,ios,"United States",52,Accountant,NULL,NULL
1309963,2024-01-30,paid_search,web,"United States",23,Consultant,NULL,164820
1310375,2024-07-22,organic,android,Germany,22,Retired,NULL,NULL
1311385,2024-02-14,affiliate,android,Canada,32,"Marketing Manager",NULL,231932
1311955,2023-08-23,organic,web,Australia,31,"Small Business Owner",NULL,NULL
1312023,2024-12-25,organic,ios,Canada,47,"Small Business Owner",NULL,NULL
1312579,2024-08-08,organic,ios,Germany,51,Retired,NULL,NULL
1315315,2024-07-31,social,android,"United Kingdom",42,Freelancer,NULL,465838
1317537,2023-12-13,paid_search,web,"United States",33,Freelancer,NULL,771155
1317942,2024-03-01,social,web,"United States",23,Freelancer,NULL,378167
1318408,2023-07-10,paid_search,web,"United States",30,Consultant,NULL,164820
1318774,2024-10-17,paid_search,ios,Australia,47,"Sales Rep",NULL,164820
1321199,2024-10-11,social,android,Germany,18,"Marketing Manager",NULL,378167
1322918,2023-11-12,organic,web,India,40,"Marketing Manager",NULL,NULL
1325437,2023-12-09,paid_search,ios,India,38,Teacher,NULL,359178
1326916,2024-02-26,organic,web,"United States",42,"Marketing Manager",NULL,NULL
1327359,2023-11-19,social,web,"United Kingdom",43,Teacher,NULL,465838
1328821,2023-08-06,referral,android,"United States",60,Nurse,"Existing Customer",NULL
1337164,2023-02-16,paid_search,android,Canada,33,Nurse,NULL,421879
1337283,2023-11-26,affiliate,android,"United States",30,Accountant,NULL,275203
1337462,2024-03-19,organic,ios,Germany,21,Consultant,NULL,NULL
1337913,2024-04-22,paid_search,web,Brazil,26,"Marketing Manager",NULL,359178
1341207,2023-04-28,organic,ios,India,30,"Small Business Owner",NULL,NULL
1344126,2024-08-24,paid_search,web,"United Kingdom",49,"Marketing Manager",NULL,164820
1344855,2023-10-28,affiliate,android,"United States",25,Student,NULL,275203
1345266,2023-10-06,organic,ios,"United States",38,Freelancer,NULL,NULL
1345430,2024-07-16,paid_search,ios,"United Kingdom",19,Accountant,NULL,164820
1350067,2023-09-07,social,ios,Australia,22,Student,NULL,378167
1353153,2024-11-30,social,ios,"United States",44,Retired,NULL,378167
1353791,2024-11-22,affiliate,ios,"United States",31,Unemployed,NULL,887201
1358062,2024-12-05,paid_search,ios,"United States",39,Student,NULL,771155
1359281,2024-02-13,organic,android,Mexico,24,Consultant,NULL,NULL
1360306,2024-01-23,organic,web,Nigeria,29,"Sales Rep",NULL,NULL
1364446,2024-06-11,affiliate,ios,"United States",18,"Small Business Owner",NULL,275203
1368893,2024-10-27,affiliate,ios,Australia,46,"Small Business Owner",NULL,832180
1371616,2024-01-23,social,ios,"United States",20,Nurse,NULL,378167
1375233,2024-07-03,affiliate,ios,Canada,33,Consultant,NULL,231932
1376794,2024-10-30,organic,web,Brazil,18,Retired,NULL,429365
1377224,2024-03-29,social,ios,Germany,41,Student,NULL,378167
1378165,2024-11-18,affiliate,web,"United States",41,Unemployed,NULL,210268
1378355,2024-03-14,social,android,"United States",39,Freelancer,NULL,378167
1379039,2024-12-09,paid_search,web,"United States",18,"Software Engineer",NULL,237337
1380069,2024-12-14,paid_search,web,Brazil,54,Accountant,NULL,421879
1381325,2024-03-27,paid_search,android,"United Kingdom",27,Freelancer,NULL,237337
1381856,2024-08-26,organic,ios,"United States",39,"Marketing Manager",NULL,NULL
1383609,2024-12-07,organic,web,Canada,43,Nurse,NULL,NULL
1384083,2024-05-14,paid_search,web,"United States",18,Accountant,NULL,164820
1384903,2024-12-14,affiliate,web,"United States",20,Student,NULL,221958
1386354,2024-06-15,affiliate,ios,"United Kingdom",23,"Sales Rep",NULL,291335
1386594,2024-05-03,affiliate,ios,"United States",18,"Sales Rep",NULL,887201
1387405,2023-08-19,social,ios,"United States",35,"Marketing Manager",NULL,378167
1387952,2024-11-20,social,android,Canada,55,"Small Business Owner",NULL,465838
1388076,2023-12-30,paid_search,web,"United Kingdom",36,Freelancer,NULL,237337
1388742,2024-12-01,organic,ios,"United Kingdom",19,Unemployed,NULL,NULL
1390719,2023-05-30,referral,android,India,30,"Small Business Owner","Partner App",NULL
1391670,2024-12-21,organic,android,"United States",44,Student,NULL,NULL
1393186,2024-05-07,paid_search,web,Germany,43,Student,NULL,771155
1397595,2024-03-12,referral,web,"United States",25,Nurse,"Community Forum",NULL
1397710,2024-04-07,organic,ios,India,26,"Software Engineer",NULL,NULL
1397891,2024-12-16,paid_search,web,Brazil,28,Student,NULL,421879
1398008,2024-06-19,paid_search,ios,India,42,"Software Engineer",NULL,237337
1398422,2024-09-11,paid_search,web,"United States",25,Accountant,NULL,771155
1398825,2024-10-12,organic,android,Germany,35,Freelancer,NULL,429365
1401067,2023-03-14,affiliate,ios,Mexico,26,Student,NULL,231932
1401072,2024-10-05,social,ios,Canada,39,Retired,NULL,378167
1402690,2023-09-07,affiliate,ios,"United States",38,Consultant,NULL,291335
1402732,2024-11-11,social,ios,Mexico,31,"Marketing Manager",NULL,378167
1402980,2024-09-25,paid_search,ios,Canada,30,"Small Business Owner",NULL,621430
1403119,2023-10-18,paid_search,web,"United Kingdom",29,Accountant,NULL,187498
1403322,2024-07-12,affiliate,ios,"United States",33,"Software Engineer",NULL,291335
1404470,2024-04-04,social,web,"United States",52,"Small Business Owner",NULL,378167
1404911,2023-07-29,affiliate,web,Canada,18,"Sales Rep",NULL,744167
1406547,2023-05-05,paid_search,web,"United States",42,"Software Engineer",NULL,359178
1407974,2023-12-05,paid_search,ios,"United States",31,"Software Engineer",NULL,359178
1414994,2023-08-24,paid_search,android,Germany,33,Nurse,NULL,771155
1415008,2024-05-10,affiliate,web,"United Kingdom",48,Student,NULL,291335
1416561,2023-04-03,organic,web,"United States",27,Freelancer,NULL,NULL
1416690,2024-02-08,paid_search,web,Mexico,28,Unemployed,NULL,771155
1416880,2024-05-21,paid_search,android,Brazil,18,"Small Business Owner",NULL,359178
1418829,2024-12-16,social,android,"United States",25,"Sales Rep",NULL,465838
1419503,2023-12-17,affiliate,android,"United States",25,Teacher,NULL,887201
1420888,2024-10-26,organic,web,"United States",37,"Small Business Owner",NULL,NULL
1420993,2024-04-21,paid_search,web,Canada,32,Retired,NULL,164820
1421240,2024-12-01,paid_search,android,Australia,35,"Software Engineer",NULL,771155
1421280,2023-06-25,social,android,Germany,57,Student,NULL,465838
1421655,2024-06-06,organic,web,"United Kingdom",41,Consultant,NULL,429365
1422381,2024-07-10,paid_search,ios,Germany,24,Freelancer,NULL,421879
1423570,2024-12-08,organic,ios,India,36,"Software Engineer",NULL,NULL
1424190,2024-10-02,affiliate,ios,"United States",31,"Sales Rep",NULL,210268
1424226,2024-11-23,organic,android,Germany,46,Freelancer,NULL,NULL
1424528,2024-04-17,social,android,"United Kingdom",35,Retired,NULL,378167
1426941,2024-10-07,affiliate,ios,India,28,Nurse,NULL,887201
1427244,2024-09-17,paid_search,web,Philippines,29,Unemployed,NULL,818315
1427709,2024-05-29,organic,web,"United States",44,Consultant,NULL,NULL
1428988,2024-02-21,organic,android,"United States",52,Student,NULL,NULL
1431413,2024-03-25,organic,ios,"United States",22,Teacher,NULL,NULL
1431978,2024-05-03,paid_search,android,"United States",35,Consultant,NULL,187498
1432184,2024-11-02,referral,web,"United Kingdom",42,"Software Engineer","Existing Customer",NULL
1434368,2023-12-10,organic,android,"United States",32,Teacher,NULL,NULL
1435477,2024-03-05,organic,ios,Philippines,39,"Small Business Owner",NULL,NULL
1439439,2024-11-11,paid_search,web,India,18,Nurse,NULL,187498
1441168,2024-12-11,organic,ios,"United States",46,Consultant,NULL,NULL
1441904,2023-11-03,affiliate,ios,"United States",45,Teacher,NULL,210268
1442061,2024-11-16,affiliate,web,Germany,38,Student,NULL,210268
1442939,2023-09-11,paid_search,web,Brazil,25,Consultant,NULL,771155
1443031,2023-12-01,paid_search,web,"United States",18,"Small Business Owner",NULL,164820
1443035,2024-11-24,organic,web,Brazil,30,"Software Engineer",NULL,NULL
1443945,2024-10-03,affiliate,web,"United States",27,Teacher,NULL,744167
1444191,2023-06-16,organic,android,"United States",62,Accountant,NULL,NULL
1444874,2023-12-29,social,web,India,40,"Sales Rep",NULL,465838
1445101,2024-03-02,paid_search,web,"United States",42,"Marketing Manager",NULL,141090
1447244,2023-04-14,paid_search,web,"United States",18,"Sales Rep",NULL,141090
1447628,2024-08-20,organic,ios,Canada,18,Consultant,NULL,NULL
1448345,2023-05-17,affiliate,android,Mexico,37,"Sales Rep",NULL,221958
1448934,2023-12-11,social,ios,"United States",48,"Small Business Owner",NULL,465838
1449395,2023-05-20,organic,android,"United States",40,Unemployed,NULL,NULL
1449813,2024-09-11,organic,web,India,41,Freelancer,NULL,429365
1450930,2023-08-14,referral,ios,"United States",30,Student,"Existing Customer",NULL
1454529,2024-04-06,affiliate,web,"United States",47,Retired,NULL,744167
1455433,2024-05-12,paid_search,ios,"United States",18,Freelancer,NULL,818315
1458298,2024-11-08,paid_search,android,Canada,27,Student,NULL,818315
1458819,2023-06-11,organic,android,Brazil,27,"Marketing Manager",NULL,NULL
1460796,2024-10-01,social,web,Philippines,47,Student,NULL,378167
1461122,2024-09-12,social,web,Canada,28,Retired,NULL,465838
1463001,2024-01-26,affiliate,ios,"United States",40,"Software Engineer",NULL,887201
1464071,2024-10-26,affiliate,ios,Canada,34,Student,NULL,275203
1464310,2024-09-26,organic,web,"United States",35,"Marketing Manager",NULL,NULL
1464462,2024-11-03,paid_search,web,"United States",44,Student,NULL,621430
1465982,2024-01-23,paid_search,ios,India,43,"Software Engineer",NULL,154886
1467010,2024-09-29,social,android,"United States",27,Freelancer,NULL,465838
1468298,2024-02-06,organic,web,"United States",32,"Sales Rep",NULL,NULL
1468451,2023-12-22,paid_search,ios,Australia,39,Freelancer,NULL,421879
1470529,2024-10-31,referral,web,"United States",32,Accountant,"Existing Customer",NULL
1473006,2024-03-15,social,ios,Brazil,36,Accountant,NULL,465838
1475147,2024-05-22,referral,ios,Germany,29,Teacher,"Existing Customer",NULL
1475595,2024-01-09,organic,web,Canada,30,Nurse,NULL,NULL
1476377,2024-10-24,paid_search,web,"United Kingdom",33,"Small Business Owner",NULL,164820
1477843,2024-03-02,paid_search,android,Canada,42,"Software Engineer",NULL,141090
1478365,2024-04-16,organic,android,Mexico,37,"Sales Rep",NULL,NULL
1479083,2024-06-11,organic,ios,Canada,46,"Marketing Manager",NULL,NULL
1479809,2024-07-10,affiliate,android,Brazil,30,"Small Business Owner",NULL,291335
1480674,2024-05-28,paid_search,web,"United Kingdom",24,Teacher,NULL,771155
1481632,2024-10-18,social,android,Australia,43,Retired,NULL,465838
1481680,2024-04-02,social,web,"United States",40,Student,NULL,465838
1482870,2024-04-20,organic,android,Canada,37,Consultant,NULL,NULL
1483075,2024-08-09,referral,ios,Germany,24,Student,"Community Forum",NULL
1483442,2024-07-31,affiliate,ios,"United Kingdom",39,Retired,NULL,744167
1483455,2024-12-07,paid_search,web,Canada,45,"Sales Rep",NULL,818315
1483791,2024-03-22,organic,web,Canada,39,Teacher,NULL,999159
1484273,2024-09-11,referral,ios,"United States",23,Accountant,"Partner App",NULL
1484427,2024-06-22,organic,android,Germany,18,Unemployed,NULL,NULL
1484814,2024-02-29,affiliate,web,India,34,Retired,NULL,231932
1486799,2023-12-26,affiliate,ios,Canada,34,"Small Business Owner",NULL,210268
1487510,2024-07-16,organic,web,Australia,26,Nurse,NULL,999159
1487707,2024-04-17,referral,ios,"United States",33,Teacher,"Existing Customer",NULL
1490999,2024-05-16,social,ios,Germany,27,"Small Business Owner",NULL,378167
1491036,2024-01-31,paid_search,web,"United States",38,"Marketing Manager",NULL,237337
1491072,2024-07-21,social,ios,India,21,Consultant,NULL,465838
1493948,2023-06-30,affiliate,android,"United States",41,Nurse,NULL,832180
1494209,2024-07-26,organic,web,"United States",30,Accountant,NULL,NULL
1494592,2024-08-30,paid_search,android,"United States",38,Retired,NULL,818315
1494955,2024-09-06,paid_search,web,Australia,23,"Software Engineer",NULL,359178
1496232,2024-09-19,referral,ios,"United States",38,Unemployed,"Partner App",NULL
1497562,2024-03-11,paid_search,ios,"United States",18,"Marketing Manager",NULL,818315
1497619,2023-02-16,social,web,Australia,30,Retired,NULL,378167
1498095,2024-04-07,social,ios,India,25,Nurse,NULL,465838
1498863,2023-09-19,social,web,Canada,29,"Sales Rep",NULL,378167
1499876,2023-12-30,organic,android,India,18,Student,NULL,NULL
1499964,2023-09-07,paid_search,android,India,45,"Sales Rep",NULL,141090
1501157,2024-10-01,paid_search,web,"United States",18,Consultant,NULL,237337
1501590,2024-10-03,social,web,Brazil,37,Teacher,NULL,378167
1502420,2024-02-15,organic,ios,India,22,"Small Business Owner",NULL,NULL
1504655,2024-01-16,organic,web,"United States",68,Nurse,NULL,NULL
1506079,2023-05-04,organic,android,"United States",34,Student,NULL,NULL
1506453,2024-06-03,organic,ios,"United Kingdom",30,Teacher,NULL,NULL
1506995,2024-12-11,paid_search,ios,"United States",32,Accountant,NULL,141090
1513313,2024-10-21,organic,web,Australia,54,"Software Engineer",NULL,999159
1513953,2024-03-08,social,web,Philippines,35,Accountant,NULL,378167
1515693,2024-01-11,paid_search,web,"United States",44,Retired,NULL,154886
1516394,2024-05-25,referral,ios,"United States",41,Student,Employee,NULL
1516409,2024-10-15,affiliate,ios,"United States",32,"Software Engineer",NULL,832180
1517961,2023-11-27,organic,ios,Germany,40,Teacher,NULL,NULL
1518349,2024-08-22,social,web,India,18,Student,NULL,378167
1518490,2023-11-28,organic,web,Australia,31,Accountant,NULL,429365
1519165,2023-03-27,social,ios,"United Kingdom",32,Student,NULL,378167
1519385,2024-10-04,social,android,"United States",37,"Marketing Manager",NULL,378167
1521244,2024-06-17,affiliate,ios,Brazil,56,Unemployed,NULL,231932
1524658,2024-08-19,affiliate,ios,"United States",34,Unemployed,NULL,832180
1526925,2023-08-19,organic,web,Mexico,42,Student,NULL,NULL
1527409,2023-07-07,organic,web,Canada,49,Freelancer,NULL,NULL
1528714,2023-12-16,social,android,"United States",26,"Software Engineer",NULL,378167
1529525,2024-04-27,affiliate,web,Mexico,18,Consultant,NULL,275203
1531831,2024-04-22,organic,web,"United States",40,"Software Engineer",NULL,NULL
1533037,2024-04-18,organic,android,"United Kingdom",42,"Software Engineer",NULL,999159
1533634,2024-10-21,organic,ios,"United Kingdom",33,"Marketing Manager",NULL,NULL
1533636,2024-07-12,paid_search,web,Nigeria,31,Nurse,NULL,771155
1534633,2024-06-27,social,ios,India,30,"Small Business Owner",NULL,378167
1535888,2024-09-07,social,web,"United Kingdom",41,Freelancer,NULL,465838
1536644,2024-06-25,affiliate,web,"United States",23,Student,NULL,221958
1537977,2024-10-31,referral,ios,Canada,34,"Small Business Owner","Partner App",NULL
1538645,2024-05-07,organic,ios,"United States",36,Consultant,NULL,NULL
1541529,2023-03-16,social,android,India,45,Consultant,NULL,465838
1541797,2023-07-07,organic,ios,"United States",38,"Software Engineer",NULL,NULL
1542335,2024-07-21,social,ios,"United States",23,"Software Engineer",NULL,465838
1542955,2024-03-08,organic,ios,India,31,Retired,NULL,NULL
1544026,2024-06-27,organic,android,"United States",23,Consultant,NULL,NULL
1544344,2023-10-10,referral,web,"United States",51,Unemployed,"Existing Customer",NULL
1544653,2023-08-28,paid_search,web,India,35,"Marketing Manager",NULL,237337
1545726,2024-01-29,paid_search,web,"United States",18,Nurse,NULL,237337
1549148,2024-10-31,affiliate,android,Mexico,25,Unemployed,NULL,231932
1549239,2024-12-22,referral,android,Germany,52,Retired,Employee,NULL
1549656,2023-10-30,organic,ios,"United States",26,Student,NULL,NULL
1550222,2024-08-16,paid_search,ios,"United States",56,"Sales Rep",NULL,164820
1550242,2024-12-04,organic,ios,Australia,28,Student,NULL,NULL
1550428,2024-11-24,referral,web,"United States",37,Freelancer,"Community Forum",NULL
1551238,2024-02-16,referral,ios,"United States",35,"Software Engineer","Community Forum",NULL
1552226,2024-05-09,paid_search,android,Nigeria,40,Accountant,NULL,621430
1554594,2024-06-13,social,web,Philippines,22,"Software Engineer",NULL,378167
1555839,2023-07-04,organic,web,Canada,35,Accountant,NULL,NULL
1558745,2024-05-08,affiliate,web,"United States",18,"Marketing Manager",NULL,231932
1558924,2023-06-12,organic,ios,India,26,Freelancer,NULL,429365
1558981,2024-07-24,paid_search,ios,"United States",27,Unemployed,NULL,154886
1559031,2024-10-29,organic,web,Nigeria,36,"Marketing Manager",NULL,NULL
1561548,2023-05-03,organic,android,"United States",36,Accountant,NULL,NULL
1562167,2024-05-06,organic,web,Brazil,42,Unemployed,NULL,NULL
1562621,2023-06-30,social,android,"United States",34,Retired,NULL,378167
1563889,2024-07-26,social,ios,"United States",22,"Small Business Owner",NULL,378167
1564174,2024-12-11,paid_search,web,"United Kingdom",44,Student,NULL,818315
1565635,2023-06-14,organic,ios,"United States",38,Consultant,NULL,NULL
1566088,2024-04-01,paid_search,android,"United States",34,"Sales Rep",NULL,154886
1567827,2024-02-15,affiliate,web,Brazil,27,Freelancer,NULL,275203
1570303,2023-09-09,paid_search,android,India,37,"Software Engineer",NULL,237337
1570451,2024-02-26,social,ios,India,35,Student,NULL,378167
1571107,2024-06-06,organic,android,Mexico,25,"Marketing Manager",NULL,429365
1571650,2023-01-16,organic,web,"United Kingdom",24,"Small Business Owner",NULL,NULL
1573881,2024-05-22,affiliate,web,India,47,Unemployed,NULL,291335
1575278,2024-11-12,affiliate,ios,"United States",26,Freelancer,NULL,275203
1575919,2024-11-14,affiliate,android,"United States",35,Retired,NULL,210268
1576515,2023-10-31,organic,ios,"United States",48,Student,NULL,NULL
1578110,2023-10-05,paid_search,web,Philippines,23,"Sales Rep",NULL,359178
1578526,2024-05-29,paid_search,ios,Germany,20,Accountant,NULL,154886
1578688,2024-01-08,organic,web,"United States",43,"Software Engineer",NULL,NULL
1583510,2024-03-30,organic,ios,"United States",18,"Small Business Owner",NULL,NULL
1584942,2024-10-17,organic,ios,"United States",33,Teacher,NULL,NULL
1586470,2024-12-06,organic,ios,Canada,35,"Software Engineer",NULL,NULL
1590348,2024-12-08,paid_search,web,"United States",28,Freelancer,NULL,164820
1592632,2024-08-24,referral,ios,Canada,25,Retired,"Community Forum",NULL
1593975,2024-11-22,organic,web,Australia,18,Freelancer,NULL,NULL
1594557,2024-12-19,affiliate,ios,Canada,32,Consultant,NULL,291335
1597897,2024-11-13,social,web,Brazil,35,"Marketing Manager",NULL,378167
1597904,2024-07-06,paid_search,web,Philippines,40,Freelancer,NULL,237337
1600198,2024-08-30,organic,android,"United States",29,Nurse,NULL,NULL
1600338,2024-06-20,paid_search,android,India,35,Freelancer,NULL,421879
1603103,2024-05-05,organic,web,Australia,37,Teacher,NULL,NULL
1603151,2024-06-02,referral,ios,India,41,Freelancer,Employee,NULL
1605409,2023-09-13,organic,web,"United Kingdom",18,Teacher,NULL,NULL
1606752,2024-07-28,referral,ios,India,21,Retired,Employee,NULL
1607317,2024-02-27,paid_search,android,"United States",45,Unemployed,NULL,154886
1611213,2023-08-30,social,android,"United States",29,Retired,NULL,465838
1611868,2024-11-22,affiliate,web,"United Kingdom",27,Accountant,NULL,221958
1614101,2023-03-06,affiliate,ios,India,22,"Software Engineer",NULL,887201
1615937,2024-10-29,affiliate,web,India,19,"Marketing Manager",NULL,291335
1617423,2023-10-12,organic,ios,"United States",24,Freelancer,NULL,NULL
1618467,2024-12-16,affiliate,ios,"United States",34,Unemployed,NULL,832180
1621747,2024-05-30,social,ios,"United States",25,Teacher,NULL,465838
1624135,2023-03-20,social,web,India,18,"Sales Rep",NULL,465838
1624773,2024-09-16,organic,android,"United Kingdom",35,Nurse,NULL,429365
1624913,2023-12-12,referral,android,"United Kingdom",31,Unemployed,"Community Forum",NULL
1626776,2024-11-03,organic,android,India,35,Consultant,NULL,429365
1628373,2023-12-12,organic,ios,"United Kingdom",35,Teacher,NULL,NULL
1629085,2024-01-28,paid_search,web,"United Kingdom",43,Retired,NULL,359178
1632731,2024-03-01,social,web,Philippines,43,Accountant,NULL,378167
1633389,2024-02-13,affiliate,web,"United States",61,Retired,NULL,231932
1635605,2023-10-15,organic,ios,"United States",27,Nurse,NULL,NULL
1636431,2024-10-05,affiliate,android,"United States",22,Consultant,NULL,887201
1638922,2024-04-02,organic,android,"United States",19,Accountant,NULL,NULL
1639872,2023-07-05,organic,android,"United States",40,"Software Engineer",NULL,NULL
1641462,2023-09-17,organic,android,"United States",34,"Sales Rep",NULL,NULL
1641593,2023-12-13,affiliate,ios,"United Kingdom",42,Consultant,NULL,887201
1645649,2024-10-31,organic,ios,"United States",51,Teacher,NULL,NULL
1646012,2024-11-10,affiliate,web,Canada,27,"Sales Rep",NULL,275203
1647122,2024-06-23,affiliate,web,"United States",38,Accountant,NULL,744167
1647296,2024-02-08,affiliate,web,"United States",47,Student,NULL,744167
1649150,2024-06-14,paid_search,ios,India,18,"Marketing Manager",NULL,154886
1651824,2023-12-13,organic,android,Germany,29,Teacher,NULL,NULL
1652416,2024-03-07,paid_search,android,India,39,Student,NULL,421879
1652755,2024-09-10,organic,web,Mexico,33,Accountant,NULL,NULL
1653668,2024-03-15,affiliate,android,Germany,25,"Sales Rep",NULL,291335
1653817,2024-05-05,social,ios,"United States",37,Student,NULL,465838
1656951,2024-11-05,organic,ios,Australia,42,Unemployed,NULL,NULL
1657191,2024-06-14,social,web,Philippines,46,Student,NULL,378167
1658003,2023-11-27,social,android,Germany,25,Student,NULL,465838
1658139,2024-05-14,social,web,Philippines,18,"Software Engineer",NULL,465838
1660501,2024-06-12,organic,web,India,30,Freelancer,NULL,NULL
1660902,2023-04-30,organic,android,"United Kingdom",22,"Sales Rep",NULL,NULL
1661440,2023-02-01,paid_search,android,Australia,56,"Small Business Owner",NULL,771155
1663431,2024-04-24,affiliate,ios,"United Kingdom",45,"Small Business Owner",NULL,744167
1664468,2024-07-16,referral,android,"United States",44,Nurse,"Partner App",NULL
1665979,2023-07-20,paid_search,ios,"United States",18,Accountant,NULL,141090
1666165,2023-09-05,social,android,Australia,41,"Sales Rep",NULL,465838
1666326,2023-11-28,social,ios,Nigeria,42,"Marketing Manager",NULL,378167
1667538,2024-07-02,organic,android,"United States",36,Retired,NULL,NULL
1668629,2023-10-05,affiliate,ios,"United States",38,Accountant,NULL,887201
1671253,2024-12-10,affiliate,android,"United Kingdom",57,Freelancer,NULL,291335
1671986,2024-03-04,social,android,Brazil,26,Student,NULL,465838
1672225,2024-07-03,organic,web,"United States",28,Unemployed,NULL,NULL
1673812,2024-06-16,organic,android,"United States",21,Accountant,NULL,NULL
1675025,2023-09-05,paid_search,android,Mexico,19,"Small Business Owner",NULL,154886
1675510,2024-07-26,social,ios,"United Kingdom",18,Retired,NULL,465838
1676296,2024-04-04,organic,ios,Philippines,21,"Software Engineer",NULL,999159
1676337,2024-03-23,affiliate,android,Brazil,39,"Sales Rep",NULL,887201
1676935,2023-04-26,organic,ios,Mexico,37,Retired,NULL,NULL
1678066,2023-10-17,organic,android,"United States",36,"Marketing Manager",NULL,NULL
1678841,2024-09-16,organic,ios,India,43,Retired,NULL,NULL
1680667,2023-12-04,social,ios,"United States",35,Unemployed,NULL,465838
1682346,2024-08-06,social,web,"United States",35,Freelancer,NULL,378167
1684029,2024-06-20,affiliate,ios,"United Kingdom",29,"Software Engineer",NULL,744167
1684659,2024-08-10,paid_search,web,India,49,Consultant,NULL,771155
1685338,2024-07-29,paid_search,ios,"United Kingdom",44,"Sales Rep",NULL,359178
1685503,2024-10-16,organic,ios,Philippines,56,"Sales Rep",NULL,NULL
1686268,2024-09-09,affiliate,ios,Germany,59,Unemployed,NULL,832180
1686290,2024-07-23,organic,web,Philippines,29,Accountant,NULL,NULL
1686976,2023-09-03,paid_search,android,India,38,Consultant,NULL,154886
1688105,2024-04-18,organic,web,"United States",39,Student,NULL,999159
1688725,2023-09-08,organic,ios,"United States",22,Consultant,NULL,NULL
1689556,2023-10-12,paid_search,ios,Brazil,20,Student,NULL,818315
1689925,2024-07-06,affiliate,web,"United States",34,"Small Business Owner",NULL,291335
1690778,2024-02-12,referral,web,"United Kingdom",34,"Marketing Manager","Community Forum",NULL
1691757,2024-03-20,social,web,"United States",38,Unemployed,NULL,378167
1692924,2023-10-15,organic,web,"United States",32,Unemployed,NULL,NULL
1693464,2024-12-24,affiliate,web,Mexico,23,Retired,NULL,832180
1698956,2024-09-30,affiliate,web,"United States",30,Student,NULL,291335
1700033,2024-10-19,paid_search,ios,India,42,Teacher,NULL,771155
1700270,2024-04-11,social,android,Canada,36,Nurse,NULL,465838
1703645,2024-09-08,organic,ios,"United Kingdom",35,"Software Engineer",NULL,NULL
1703662,2024-02-09,paid_search,web,"United States",22,"Small Business Owner",NULL,164820
1705475,2024-08-20,paid_search,ios,Mexico,24,"Marketing Manager",NULL,237337
1707689,2024-11-29,paid_search,ios,"United States",50,"Small Business Owner",NULL,421879
1708092,2023-05-16,social,web,"United States",44,Retired,NULL,378167
1708175,2023-04-09,paid_search,web,"United Kingdom",46,"Marketing Manager",NULL,421879
1708669,2024-11-08,referral,web,"United States",24,Unemployed,"Existing Customer",NULL
1708672,2024-04-29,organic,ios,Mexico,55,Teacher,NULL,NULL
1709662,2024-10-28,organic,android,India,47,Accountant,NULL,429365
1711716,2024-07-31,organic,web,"United States",39,Teacher,NULL,429365
1711943,2024-04-10,paid_search,ios,"United States",34,Freelancer,NULL,187498
1712917,2024-02-26,referral,web,"United States",18,"Small Business Owner","Existing Customer",NULL
1713391,2024-11-22,paid_search,ios,"United States",21,"Sales Rep",NULL,187498
1713806,2024-12-22,organic,ios,"United States",20,Accountant,NULL,NULL
1715295,2024-09-25,affiliate,android,Brazil,34,Nurse,NULL,231932
1716756,2024-10-27,organic,web,"United States",47,Retired,NULL,NULL
1719407,2023-11-12,affiliate,web,India,36,Freelancer,NULL,275203
1721037,2024-07-19,organic,web,"United States",35,Teacher,NULL,NULL
1721384,2023-01-31,paid_search,android,"United Kingdom",25,Student,NULL,141090
1721747,2024-11-16,affiliate,ios,Australia,39,Freelancer,NULL,832180
1723858,2024-10-29,paid_search,web,India,20,"Marketing Manager",NULL,237337
1723879,2024-11-03,paid_search,android,Canada,48,"Marketing Manager",NULL,154886
1726331,2023-09-26,affiliate,ios,"United States",53,Unemployed,NULL,887201
1726448,2024-02-06,affiliate,android,Germany,22,Accountant,NULL,744167
1730559,2023-06-13,paid_search,web,"United States",24,Unemployed,NULL,164820
1731636,2023-11-28,affiliate,android,"United States",18,"Marketing Manager",NULL,221958
1732722,2024-11-20,social,android,"United Kingdom",19,"Sales Rep",NULL,378167
1734275,2024-05-19,affiliate,web,"United States",21,Freelancer,NULL,231932
1735053,2023-11-02,affiliate,web,"United States",28,"Marketing Manager",NULL,221958
1737090,2024-12-16,paid_search,web,"United States",41,Student,NULL,164820
1737550,2024-10-05,organic,ios,"United States",18,Teacher,NULL,NULL
1737954,2024-05-20,organic,web,"United States",33,Freelancer,NULL,NULL
1739574,2024-05-27,organic,android,"United Kingdom",48,Freelancer,NULL,NULL
1743088,2023-07-11,referral,web,Germany,58,Teacher,Employee,NULL
1744748,2023-11-27,affiliate,web,Brazil,38,Teacher,NULL,221958
1747419,2023-02-13,organic,web,Brazil,46,Retired,NULL,NULL
1747852,2024-06-05,organic,ios,"United States",30,"Marketing Manager",NULL,NULL
1748692,2024-05-07,paid_search,android,"United States",45,"Small Business Owner",NULL,359178
1749045,2024-06-16,social,android,"United Kingdom",31,Consultant,NULL,465838
1749971,2024-06-23,organic,web,"United States",43,"Small Business Owner",NULL,NULL
1750774,2024-07-06,organic,ios,"United States",36,Accountant,NULL,999159
1751240,2024-07-21,organic,web,"United Kingdom",35,Consultant,NULL,NULL
1751518,2023-09-05,organic,ios,Canada,39,"Software Engineer",NULL,NULL
1751972,2024-11-24,affiliate,web,Germany,53,Accountant,NULL,210268
1751993,2024-09-06,social,android,"United Kingdom",39,Freelancer,NULL,465838
1753494,2023-11-05,social,ios,Australia,23,Teacher,NULL,378167
1755111,2024-12-27,paid_search,web,"United States",27,Nurse,NULL,154886
1756079,2024-06-30,affiliate,web,"United States",33,"Marketing Manager",NULL,744167
1758795,2024-06-28,organic,web,Mexico,42,"Software Engineer",NULL,NULL
1759401,2024-12-21,paid_search,android,"United States",18,Teacher,NULL,421879
1760956,2024-11-24,organic,android,"United States",28,"Small Business Owner",NULL,NULL
1762371,2024-02-11,paid_search,ios,"United States",35,Accountant,NULL,187498
1762557,2023-09-01,organic,web,"United Kingdom",42,Student,NULL,NULL
1764121,2023-06-06,referral,web,"United Kingdom",50,Retired,"Partner App",NULL
1764265,2024-12-19,organic,android,"United States",58,"Software Engineer",NULL,NULL
1767128,2024-09-27,organic,ios,Germany,41,Freelancer,NULL,429365
1767442,2023-10-13,paid_search,ios,"United Kingdom",30,Unemployed,NULL,818315
1768734,2024-05-06,paid_search,ios,"United States",40,Consultant,NULL,154886
1769032,2024-07-07,paid_search,web,Canada,39,Freelancer,NULL,359178
1769598,2024-10-31,affiliate,ios,Nigeria,30,Teacher,NULL,275203
1770044,2024-07-24,referral,ios,"United States",18,"Software Engineer",Employee,NULL
1770173,2024-12-22,affiliate,web,"United States",46,Unemployed,NULL,832180
1770692,2024-10-16,social,ios,Australia,28,"Software Engineer",NULL,465838
1771143,2024-07-29,organic,ios,Canada,41,Teacher,NULL,NULL
1771279,2024-12-04,paid_search,web,"United States",31,Nurse,NULL,421879
1772838,2023-07-26,organic,ios,"United States",37,"Small Business Owner",NULL,NULL
1773952,2024-05-06,organic,ios,"United Kingdom",43,Accountant,NULL,999159
1775292,2023-11-11,social,android,Germany,24,Nurse,NULL,465838
1777567,2024-09-25,organic,ios,Brazil,27,Nurse,NULL,NULL
1777867,2023-09-18,paid_search,web,Philippines,18,Unemployed,NULL,187498
1778799,2024-09-29,organic,web,Mexico,29,Freelancer,NULL,NULL
1779091,2024-10-11,social,android,Germany,30,Nurse,NULL,465838
1779105,2024-07-07,organic,ios,Nigeria,47,"Small Business Owner",NULL,429365
1779957,2023-02-07,organic,android,Philippines,47,Nurse,NULL,NULL
1780641,2024-04-15,paid_search,android,"United States",38,Retired,NULL,771155
1782409,2024-08-26,affiliate,web,Canada,18,Freelancer,NULL,887201
1782877,2024-12-04,paid_search,web,"United Kingdom",36,"Small Business Owner",NULL,154886
1783066,2023-03-13,referral,web,"United States",36,Freelancer,"Existing Customer",NULL
1783258,2023-11-16,organic,ios,Brazil,18,Retired,NULL,NULL
1783566,2024-10-11,paid_search,android,India,25,"Sales Rep",NULL,237337
1784278,2024-05-28,social,ios,"United States",49,"Software Engineer",NULL,465838
1785332,2024-05-02,paid_search,ios,"United Kingdom",27,Consultant,NULL,141090
1785786,2024-10-29,social,web,Germany,30,"Software Engineer",NULL,378167
1785890,2023-11-27,referral,web,Germany,28,Retired,Employee,NULL
1786261,2024-04-06,affiliate,ios,Philippines,49,Teacher,NULL,887201
1786667,2024-08-20,paid_search,web,"United States",48,"Sales Rep",NULL,154886
1787494,2024-07-16,paid_search,android,"United Kingdom",39,Freelancer,NULL,187498
1787600,2024-11-07,paid_search,ios,"United Kingdom",34,Teacher,NULL,621430
1788443,2024-10-16,affiliate,web,"United States",32,Accountant,NULL,231932
1789148,2023-11-09,organic,web,"United States",40,Retired,NULL,NULL
1791624,2024-03-30,organic,ios,India,41,Nurse,NULL,NULL
1791971,2024-11-09,social,ios,Canada,35,Accountant,NULL,465838
1792330,2023-09-12,social,ios,"United States",22,Accountant,NULL,378167
1792425,2024-12-27,organic,web,"United States",59,Consultant,NULL,NULL
1792515,2024-03-02,affiliate,web,Philippines,29,Accountant,NULL,231932
1794878,2024-07-15,referral,android,"United States",39,Student,"Community Forum",NULL
1797968,2024-05-23,organic,ios,Canada,31,Retired,NULL,NULL
1799717,2024-03-04,organic,android,Canada,44,Freelancer,NULL,999159
1800101,2024-09-17,paid_search,web,"United States",44,"Sales Rep",NULL,359178
1801125,2024-10-01,organic,ios,"United States",53,"Software Engineer",NULL,NULL
1801849,2024-08-06,organic,ios,Mexico,39,Teacher,NULL,NULL
1801955,2024-08-01,referral,ios,"United States",36,Teacher,Employee,NULL
1803328,2024-10-07,organic,ios,"United States",19,"Small Business Owner",NULL,NULL
1805113,2023-12-23,paid_search,android,"United States",40,"Software Engineer",NULL,187498
1806564,2023-11-04,organic,ios,"United Kingdom",22,Nurse,NULL,999159
1807040,2024-11-20,organic,android,"United States",20,"Small Business Owner",NULL,NULL
1807400,2024-01-18,social,web,"United States",57,Teacher,NULL,378167
1807744,2024-08-12,affiliate,android,India,18,Consultant,NULL,887201
1808301,2023-11-02,paid_search,ios,"United States",43,"Marketing Manager",NULL,164820
1809178,2023-09-30,social,android,"United States",38,Freelancer,NULL,378167
1809359,2023-10-03,organic,android,"United States",18,Consultant,NULL,NULL
1812461,2023-09-09,organic,web,India,18,Nurse,NULL,NULL
1813168,2023-09-03,organic,web,"United States",39,"Software Engineer",NULL,429365
1814422,2023-03-23,social,web,"United States",38,Teacher,NULL,465838
1816609,2024-05-11,affiliate,web,"United States",46,Consultant,NULL,744167
1817052,2023-09-29,affiliate,web,"United States",18,"Marketing Manager",NULL,291335
1819973,2024-11-19,organic,android,Germany,47,Accountant,NULL,NULL
1821052,2024-11-19,social,web,"United States",29,Nurse,NULL,465838
1821939,2024-09-24,social,ios,India,36,"Software Engineer",NULL,378167
1822564,2024-10-04,organic,web,"United States",31,Freelancer,NULL,429365
1824143,2024-08-01,organic,web,"United States",28,"Sales Rep",NULL,NULL
1825782,2024-09-29,organic,ios,Canada,39,Consultant,NULL,NULL
1825816,2024-01-02,organic,web,"United States",29,"Sales Rep",NULL,NULL
1827150,2024-05-30,organic,web,Philippines,41,Unemployed,NULL,NULL
1828282,2024-05-28,organic,web,Philippines,18,"Software Engineer",NULL,NULL
1828791,2024-09-09,social,web,Philippines,35,"Marketing Manager",NULL,465838
1829735,2024-06-15,paid_search,android,Germany,52,Teacher,NULL,164820
1831635,2023-12-11,paid_search,web,"United Kingdom",35,Teacher,NULL,154886
1834938,2023-06-17,organic,web,"United States",23,"Sales Rep",NULL,999159
1835165,2023-05-28,organic,web,Brazil,23,Accountant,NULL,NULL
1835988,2024-07-31,social,web,Canada,30,Teacher,NULL,465838
1837393,2023-03-04,social,web,Philippines,32,"Software Engineer",NULL,465838
1837566,2024-06-16,affiliate,ios,Mexico,40,Teacher,NULL,210268
1838003,2024-07-29,organic,ios,Brazil,45,Nurse,NULL,NULL
1838761,2023-12-15,paid_search,android,Canada,35,"Small Business Owner",NULL,164820
1840268,2024-09-01,affiliate,android,"United States",29,"Small Business Owner",NULL,887201
1840597,2024-05-25,organic,web,"United Kingdom",35,Accountant,NULL,NULL
1841531,2024-04-12,organic,web,Philippines,31,Freelancer,NULL,NULL
1842186,2024-05-09,affiliate,ios,"United States",33,Unemployed,NULL,231932
1842329,2024-02-27,paid_search,ios,Nigeria,34,"Marketing Manager",NULL,359178
1842840,2023-05-14,organic,ios,Germany,27,"Sales Rep",NULL,NULL
1843523,2024-12-10,organic,android,Australia,46,Freelancer,NULL,NULL
1846462,2024-03-25,affiliate,ios,India,30,Retired,NULL,221958
1847405,2023-11-12,organic,web,India,20,Retired,NULL,NULL
1850122,2023-12-05,referral,web,"United States",53,Nurse,Employee,NULL
1850350,2024-11-03,referral,android,"United Kingdom",54,Nurse,"Community Forum",NULL
1851161,2024-07-15,social,ios,"United States",41,Consultant,NULL,465838
1851563,2024-05-14,organic,ios,"United States",28,"Marketing Manager",NULL,429365
1851980,2024-08-19,organic,web,"United States",22,Accountant,NULL,NULL
1853159,2023-07-24,organic,android,"United States",37,Unemployed,NULL,NULL
1853392,2024-05-12,paid_search,ios,"United States",38,Nurse,NULL,421879
1854016,2024-02-07,paid_search,web,"United Kingdom",33,Teacher,NULL,187498
1854741,2024-12-04,paid_search,ios,"United Kingdom",27,Unemployed,NULL,359178
1855656,2023-01-13,affiliate,ios,"United States",22,Freelancer,NULL,275203
1855695,2024-01-15,organic,ios,"United States",25,"Software Engineer",NULL,NULL
1856636,2024-04-12,organic,ios,Philippines,23,Retired,NULL,NULL
1858811,2024-01-15,organic,ios,Germany,25,Retired,NULL,999159
1859734,2024-05-13,paid_search,web,"United States",18,"Small Business Owner",NULL,421879
1862219,2024-10-18,paid_search,web,Germany,63,Freelancer,NULL,141090
1862839,2024-01-16,organic,web,"United States",67,Teacher,NULL,NULL
1863403,2023-12-15,social,web,India,38,Retired,NULL,465838
1863561,2024-08-28,organic,ios,India,39,"Software Engineer",NULL,NULL
1863663,2024-05-10,affiliate,android,Nigeria,18,Retired,NULL,887201
1864645,2024-09-25,organic,ios,"United States",36,Freelancer,NULL,NULL
1864899,2024-02-21,affiliate,web,Mexico,45,Unemployed,NULL,832180
1865139,2024-05-27,affiliate,web,Australia,27,Retired,NULL,832180
1865256,2024-06-03,referral,ios,"United States",40,Nurse,Employee,NULL
1865630,2024-09-03,social,web,"United States",40,Accountant,NULL,465838
1866964,2023-04-20,organic,web,Nigeria,29,Teacher,NULL,NULL
1867838,2024-04-13,paid_search,android,Mexico,45,"Software Engineer",NULL,359178
1869953,2024-04-26,affiliate,ios,Philippines,30,Unemployed,NULL,832180
1871522,2024-05-07,organic,ios,"United States",41,Freelancer,NULL,999159
1871535,2023-12-27,organic,ios,"United States",34,"Sales Rep",NULL,NULL
1872109,2024-10-27,organic,web,Mexico,34,"Software Engineer",NULL,429365
1872328,2023-04-05,social,android,"United States",27,Freelancer,NULL,378167
1872834,2023-10-16,organic,web,"United States",41,Retired,NULL,NULL
1873172,2023-02-11,referral,ios,"United Kingdom",46,Accountant,"Partner App",NULL
1873420,2024-04-02,organic,ios,Canada,18,Accountant,NULL,NULL
1874371,2023-11-05,organic,android,India,43,Nurse,NULL,NULL
1876031,2023-12-16,organic,ios,"United States",24,"Software Engineer",NULL,NULL
1876336,2024-07-09,referral,web,Germany,30,Student,Employee,NULL
1878835,2023-06-22,organic,web,"United States",33,"Sales Rep",NULL,NULL
1879459,2024-05-12,affiliate,ios,"United States",30,Consultant,NULL,832180
1880096,2024-05-09,organic,ios,"United Kingdom",31,Teacher,NULL,NULL
1880412,2024-09-24,organic,web,India,43,Teacher,NULL,NULL
1880432,2024-02-04,paid_search,android,"United Kingdom",42,Teacher,NULL,164820
1881809,2023-08-10,paid_search,android,"United States",21,"Sales Rep",NULL,771155
1883435,2024-10-10,organic,web,Brazil,35,Accountant,NULL,NULL
1885421,2024-05-05,paid_search,web,Nigeria,38,Accountant,NULL,164820
1885621,2024-05-28,organic,ios,Germany,34,"Small Business Owner",NULL,999159
1886040,2024-05-10,affiliate,android,"United States",31,"Sales Rep",NULL,887201
1888036,2024-11-27,paid_search,android,Philippines,54,Freelancer,NULL,154886
1888698,2023-12-17,social,android,Australia,28,Student,NULL,378167
1889694,2024-02-09,organic,web,"United States",39,"Small Business Owner",NULL,429365
1890695,2024-05-16,paid_search,ios,"United Kingdom",26,Retired,NULL,818315
1892015,2024-03-04,affiliate,web,Germany,23,Unemployed,NULL,832180
1893150,2024-06-17,organic,web,India,45,Freelancer,NULL,429365
1895596,2024-07-26,organic,web,India,44,Teacher,NULL,NULL
1898320,2023-08-19,social,web,India,28,"Software Engineer",NULL,465838
1898332,2024-04-24,social,ios,India,47,Consultant,NULL,378167
1898628,2024-11-18,organic,ios,Mexico,21,Teacher,NULL,NULL
1898704,2024-05-01,organic,ios,"United States",33,Teacher,NULL,NULL
1900542,2024-02-29,social,ios,Mexico,18,Unemployed,NULL,378167
1902473,2024-12-13,affiliate,ios,"United Kingdom",43,"Small Business Owner",NULL,744167
1906395,2024-06-04,affiliate,ios,Canada,18,Retired,NULL,210268
1906450,2024-09-12,referral,android,Nigeria,44,Accountant,"Existing Customer",NULL
1907153,2024-07-16,affiliate,ios,"United States",18,Retired,NULL,275203
1908380,2024-11-03,referral,android,"United States",33,Teacher,"Community Forum",NULL
1909210,2024-01-08,social,android,"United Kingdom",36,"Software Engineer",NULL,378167
1909245,2023-09-13,organic,android,Philippines,18,"Marketing Manager",NULL,NULL
1909711,2023-06-09,social,web,India,36,Nurse,NULL,378167
1910681,2024-11-11,paid_search,web,"United States",18,Unemployed,NULL,141090
1910775,2024-01-01,affiliate,web,Canada,43,Unemployed,NULL,291335
1910913,2024-05-12,referral,web,"United States",46,Retired,Employee,NULL
1913605,2024-04-03,organic,ios,Canada,31,Consultant,NULL,999159
1914228,2024-02-22,organic,android,Brazil,29,Nurse,NULL,NULL
1915767,2024-10-31,paid_search,ios,India,33,Teacher,NULL,141090
1916094,2024-06-20,organic,web,"United States",37,"Sales Rep",NULL,NULL
1917472,2024-10-02,affiliate,web,"United States",41,Consultant,NULL,275203
1919134,2024-08-21,organic,web,Canada,32,Teacher,NULL,NULL
1920114,2023-09-26,affiliate,web,"United States",45,Accountant,NULL,210268
1920243,2024-02-23,social,android,Mexico,35,"Software Engineer",NULL,465838
1920759,2024-09-28,organic,ios,"United States",50,Unemployed,NULL,NULL
1921806,2024-09-13,social,android,"United States",19,Nurse,NULL,378167
1923780,2024-11-05,organic,web,Philippines,46,"Marketing Manager",NULL,429365
1924993,2024-12-18,referral,web,"United States",21,Freelancer,"Existing Customer",NULL
1926097,2023-12-06,organic,ios,"United States",40,Student,NULL,NULL
1926109,2023-05-13,affiliate,android,Canada,31,Consultant,NULL,210268
1928252,2023-07-10,paid_search,web,Brazil,18,"Sales Rep",NULL,621430
1928864,2024-08-15,social,web,Brazil,32,"Software Engineer",NULL,378167
1929090,2024-09-02,organic,ios,Canada,50,Retired,NULL,NULL
1931253,2024-11-30,affiliate,ios,"United States",18,Nurse,NULL,221958
1935709,2024-02-03,paid_search,ios,"United States",34,Freelancer,NULL,141090
1936320,2023-11-07,affiliate,ios,"United States",29,Student,NULL,210268
1937841,2024-01-07,paid_search,web,"United States",54,Freelancer,NULL,421879
1941208,2023-12-26,referral,android,"United States",27,"Small Business Owner","Community Forum",NULL
1941768,2023-03-11,organic,ios,Canada,26,"Marketing Manager",NULL,NULL
1944353,2024-11-05,paid_search,web,India,27,Teacher,NULL,359178
1944461,2024-04-16,organic,ios,Canada,41,Student,NULL,NULL
1944789,2023-07-01,organic,web,India,21,"Marketing Manager",NULL,NULL
1947272,2024-07-12,paid_search,ios,"United States",49,"Marketing Manager",NULL,621430
1950922,2024-10-19,paid_search,web,Mexico,43,"Software Engineer",NULL,771155
1951302,2024-03-11,social,web,Germany,48,Freelancer,NULL,378167
1953122,2024-09-21,paid_search,android,"United States",32,Freelancer,NULL,818315
1953692,2024-03-20,organic,ios,Mexico,56,"Small Business Owner",NULL,429365
1953959,2024-09-29,organic,web,"United States",36,Accountant,NULL,999159
1954480,2024-11-19,social,ios,"United States",31,Unemployed,NULL,465838
1955205,2023-09-27,paid_search,android,Philippines,21,"Small Business Owner",NULL,141090
1956011,2024-09-08,social,web,Mexico,23,Consultant,NULL,465838
1956740,2024-08-30,organic,ios,India,34,"Marketing Manager",NULL,NULL
1958379,2024-11-11,organic,ios,Brazil,45,"Small Business Owner",NULL,NULL
1960652,2023-11-09,organic,web,Australia,27,Teacher,NULL,NULL
1963544,2024-09-14,affiliate,ios,"United States",39,"Small Business Owner",NULL,832180
1964795,2024-01-22,organic,ios,"United States",20,"Marketing Manager",NULL,NULL
1965188,2023-11-16,social,ios,"United Kingdom",28,Unemployed,NULL,465838
1966649,2024-07-19,paid_search,ios,"United Kingdom",42,Student,NULL,771155
1967344,2023-04-26,organic,android,Germany,43,"Marketing Manager",NULL,NULL
1968410,2024-07-23,paid_search,ios,"United States",32,Consultant,NULL,359178
1968616,2024-10-08,paid_search,web,Canada,39,Accountant,NULL,237337
1970278,2024-01-21,social,ios,Philippines,49,"Software Engineer",NULL,465838
1971248,2024-03-05,paid_search,android,"United States",41,Nurse,NULL,154886
1973181,2024-01-13,social,web,"United States",29,Student,NULL,378167
1973215,2024-10-27,paid_search,web,Germany,46,"Small Business Owner",NULL,164820
1973548,2024-12-12,organic,ios,Mexico,37,Teacher,NULL,NULL
1973737,2024-06-07,organic,web,"United States",31,Teacher,NULL,NULL
1974303,2024-03-05,affiliate,web,Australia,28,"Sales Rep",NULL,221958
1975112,2024-11-23,organic,ios,Philippines,39,Unemployed,NULL,429365
1976264,2024-07-10,organic,ios,"United States",48,Nurse,NULL,NULL
1976433,2024-11-27,affiliate,android,"United States",45,Nurse,NULL,221958
1978039,2024-11-17,affiliate,web,Germany,31,Teacher,NULL,221958
1978534,2024-04-29,paid_search,android,"United States",44,Unemployed,NULL,187498
1978836,2023-08-27,social,web,"United States",50,"Sales Rep",NULL,378167
1978935,2024-06-12,organic,android,Mexico,18,Accountant,NULL,NULL
1979907,2024-01-20,organic,web,Germany,40,"Software Engineer",NULL,NULL
1981883,2023-01-10,affiliate,android,"United States",50,"Software Engineer",NULL,887201
1983061,2024-12-19,paid_search,android,Canada,37,Teacher,NULL,237337
1983638,2024-04-09,organic,android,"United States",28,Freelancer,NULL,NULL
1984156,2023-12-20,paid_search,ios,"United States",49,"Marketing Manager",NULL,154886
1984588,2024-09-29,social,web,Australia,42,"Software Engineer",NULL,378167
1985257,2024-12-21,social,web,Philippines,58,"Small Business Owner",NULL,378167
1985461,2023-09-16,paid_search,android,Australia,18,Retired,NULL,421879
1987938,2024-12-27,affiliate,android,"United States",20,Teacher,NULL,210268
1988722,2024-06-14,referral,ios,India,18,Unemployed,"Existing Customer",NULL
1989336,2024-10-04,affiliate,ios,"United States",27,"Small Business Owner",NULL,210268
1990121,2023-12-16,referral,web,"United States",53,Teacher,"Community Forum",NULL
1995791,2024-01-30,referral,web,India,31,"Marketing Manager",Employee,NULL
1995893,2023-03-26,organic,ios,"United States",28,Retired,NULL,NULL
1996161,2024-04-01,social,android,Canada,28,"Software Engineer",NULL,378167
1996433,2024-05-22,affiliate,ios,Nigeria,18,Nurse,NULL,275203
1996530,2024-09-13,organic,web,"United States",30,"Sales Rep",NULL,NULL
1997057,2024-06-22,organic,web,Australia,43,"Small Business Owner",NULL,NULL
1998899,2024-12-13,paid_search,android,Mexico,36,Freelancer,NULL,818315
2000294,2024-05-14,social,ios,"United Kingdom",59,Unemployed,NULL,378167
2002021,2024-03-12,affiliate,ios,"United States",41,Teacher,NULL,275203
2003171,2024-07-19,organic,web,"United States",25,Accountant,NULL,NULL
2003510,2024-01-06,paid_search,ios,Brazil,23,Teacher,NULL,771155
2004646,2024-09-13,paid_search,web,"United States",46,Freelancer,NULL,421879
2006152,2023-09-18,affiliate,ios,"United States",35,Student,NULL,887201
2008314,2024-07-24,organic,ios,Brazil,32,Accountant,NULL,NULL
2008923,2024-06-20,affiliate,ios,"United States",35,Retired,NULL,291335
2011930,2023-09-05,paid_search,web,Australia,32,Freelancer,NULL,818315
2012384,2024-12-03,referral,web,"United States",39,Freelancer,Employee,NULL
2013071,2024-12-28,social,ios,"United States",34,Freelancer,NULL,465838
2014929,2024-06-15,referral,web,"United States",19,Accountant,"Existing Customer",NULL
2017375,2024-06-28,referral,web,"United States",40,"Sales Rep","Partner App",NULL
2017433,2024-08-02,organic,android,Canada,33,Retired,NULL,NULL
2017481,2024-01-18,organic,android,"United States",28,Student,NULL,NULL
2018543,2023-05-11,paid_search,web,"United States",34,Nurse,NULL,187498
2020154,2024-10-25,referral,web,India,34,Student,Employee,NULL
2020346,2024-08-10,social,android,"United States",42,Teacher,NULL,378167
2021469,2024-09-16,organic,web,"United Kingdom",30,"Marketing Manager",NULL,NULL
2026553,2024-10-15,organic,web,Canada,20,Accountant,NULL,NULL
2027557,2024-11-23,social,android,"United Kingdom",41,Consultant,NULL,465838
2029242,2023-06-10,organic,web,Canada,33,Student,NULL,NULL
2030117,2023-12-16,paid_search,web,"United States",30,Accountant,NULL,421879
2030120,2023-10-09,affiliate,ios,"United Kingdom",29,Consultant,NULL,887201
2031519,2024-12-23,referral,web,Australia,52,Accountant,"Existing Customer",NULL
2032499,2024-09-05,paid_search,web,Canada,36,Unemployed,NULL,141090
2033255,2023-09-07,paid_search,android,Canada,41,"Sales Rep",NULL,141090
2033290,2024-01-25,organic,web,"United Kingdom",30,"Sales Rep",NULL,NULL
2033316,2023-09-06,social,web,Canada,38,"Small Business Owner",NULL,465838
2033668,2024-04-21,paid_search,ios,"United States",32,Student,NULL,164820
2034586,2024-08-14,organic,web,Germany,26,Teacher,NULL,NULL
2034780,2024-11-14,social,web,"United States",26,"Small Business Owner",NULL,378167
2035108,2023-07-21,affiliate,android,Australia,27,Consultant,NULL,887201
2035211,2023-08-14,social,android,"United Kingdom",26,"Sales Rep",NULL,378167
2035408,2024-11-28,organic,ios,"United States",43,Nurse,NULL,NULL
2035598,2024-09-13,paid_search,web,"United States",47,Accountant,NULL,237337
2035891,2024-08-28,social,android,"United Kingdom",26,"Small Business Owner",NULL,378167
2038218,2024-05-30,organic,web,Philippines,44,Student,NULL,NULL
2039458,2024-10-13,paid_search,android,Mexico,31,Freelancer,NULL,421879
2039504,2023-08-22,organic,web,Brazil,42,Student,NULL,NULL
2040835,2023-10-11,affiliate,android,"United States",44,Accountant,NULL,832180
2041566,2024-03-11,organic,web,"United Kingdom",38,Accountant,NULL,NULL
2042377,2024-10-12,organic,web,"United States",36,Unemployed,NULL,NULL
2043233,2023-11-15,organic,ios,Canada,33,Teacher,NULL,NULL
2045482,2023-04-04,organic,ios,"United States",25,"Marketing Manager",NULL,NULL
2045533,2024-09-13,organic,ios,Canada,42,"Marketing Manager",NULL,NULL
2045716,2024-06-13,affiliate,web,India,35,Student,NULL,291335
2045851,2024-05-25,organic,ios,Germany,51,Unemployed,NULL,NULL
2046161,2024-05-31,affiliate,android,"United States",29,Unemployed,NULL,221958
2047343,2024-07-02,paid_search,web,"United States",20,Unemployed,NULL,359178
2048173,2024-08-25,affiliate,web,"United States",50,Retired,NULL,231932
2048939,2024-03-09,organic,ios,"United States",35,"Sales Rep",NULL,NULL
2048966,2024-06-16,paid_search,android,"United States",32,Unemployed,NULL,421879
2052425,2024-06-02,paid_search,web,Australia,26,"Software Engineer",NULL,154886
2054212,2024-12-10,referral,web,"United Kingdom",18,"Sales Rep",Employee,NULL
2055675,2023-03-31,organic,web,"United States",28,"Small Business Owner",NULL,NULL
2057880,2023-04-13,social,ios,"United States",35,Student,NULL,465838
2059165,2023-07-11,paid_search,android,"United Kingdom",24,Student,NULL,187498
2059622,2023-12-13,referral,web,India,52,Freelancer,"Partner App",NULL
2063692,2024-10-13,affiliate,android,Canada,29,Teacher,NULL,887201
2064367,2024-04-07,social,ios,"United States",35,Unemployed,NULL,465838
2065560,2023-08-26,affiliate,android,"United States",37,"Software Engineer",NULL,210268
2069412,2023-11-24,referral,web,"United States",25,"Marketing Manager","Community Forum",NULL
2071192,2023-12-28,organic,ios,Mexico,38,"Small Business Owner",NULL,NULL
2072200,2024-10-26,organic,ios,"United States",18,Freelancer,NULL,NULL
2072647,2023-10-16,organic,web,"United States",43,Teacher,NULL,NULL
2074477,2023-07-30,affiliate,ios,Australia,33,"Sales Rep",NULL,210268
2074961,2024-05-09,social,android,Nigeria,53,"Sales Rep",NULL,378167
2076837,2024-05-13,affiliate,web,Mexico,45,"Sales Rep",NULL,231932
2076941,2023-09-25,affiliate,web,"United States",31,Accountant,NULL,221958
2079037,2024-12-17,paid_search,web,India,27,Teacher,NULL,154886
2079600,2023-06-15,referral,web,Brazil,46,"Small Business Owner","Partner App",NULL
2085610,2024-04-18,referral,android,"United Kingdom",18,Retired,"Partner App",NULL
2086880,2023-11-15,affiliate,android,Canada,36,Unemployed,NULL,832180
2087341,2024-02-24,referral,android,"United States",36,Accountant,"Partner App",NULL
2089100,2024-01-12,social,android,"United Kingdom",45,Accountant,NULL,378167
2092501,2024-12-04,paid_search,android,"United States",43,Consultant,NULL,237337
2093060,2024-08-13,organic,ios,"United Kingdom",29,Teacher,NULL,NULL
2094316,2024-08-23,organic,android,"United States",48,Unemployed,NULL,NULL
2095589,2024-03-09,referral,web,Australia,28,Nurse,Employee,NULL
2097996,2024-05-07,organic,ios,"United States",25,"Software Engineer",NULL,NULL
2099577,2024-04-22,paid_search,android,Nigeria,31,Freelancer,NULL,359178
2100500,2024-10-23,social,web,"United Kingdom",37,Accountant,NULL,378167
2100567,2024-10-02,affiliate,ios,Philippines,42,Teacher,NULL,887201
2101267,2023-09-09,referral,web,Germany,47,"Sales Rep",Employee,NULL
2104188,2024-01-29,paid_search,android,Brazil,50,Retired,NULL,359178
2105534,2024-05-26,paid_search,ios,"United States",34,Nurse,NULL,818315
2107177,2024-12-03,paid_search,web,Nigeria,44,Nurse,NULL,141090
2107677,2024-02-27,paid_search,android,"United Kingdom",57,Unemployed,NULL,621430
2109229,2024-08-05,organic,web,"United States",37,Retired,NULL,NULL
2110389,2024-10-31,referral,web,Germany,41,"Small Business Owner","Partner App",NULL
2111288,2024-11-30,paid_search,android,Germany,18,Retired,NULL,141090
2114100,2023-08-21,organic,web,"United States",44,Accountant,NULL,NULL
2116271,2024-12-17,organic,web,"United States",32,Unemployed,NULL,NULL
2117374,2023-10-21,affiliate,android,"United States",39,Student,NULL,744167
2118844,2023-09-28,organic,web,Germany,53,Nurse,NULL,NULL
2119043,2024-02-13,social,web,"United States",40,Consultant,NULL,465838
2120113,2024-06-01,paid_search,ios,Mexico,23,Consultant,NULL,187498
2120803,2024-06-01,organic,android,"United States",23,Student,NULL,NULL
2121889,2024-05-11,affiliate,web,Mexico,41,Teacher,NULL,275203
2124905,2023-03-20,social,android,"United States",23,Teacher,NULL,465838
2129775,2024-03-16,referral,ios,"United States",49,Student,"Community Forum",NULL
2132658,2024-06-30,affiliate,android,Mexico,25,"Software Engineer",NULL,291335
2133243,2024-01-01,affiliate,android,Nigeria,27,Retired,NULL,221958
2133629,2024-06-03,organic,web,"United Kingdom",37,Nurse,NULL,NULL
2134106,2024-07-07,organic,ios,Canada,36,"Software Engineer",NULL,NULL
2135270,2024-02-07,paid_search,web,"United States",42,Teacher,NULL,621430
2135627,2024-11-15,paid_search,ios,Brazil,27,"Small Business Owner",NULL,818315
2135964,2024-08-09,organic,ios,Philippines,39,"Small Business Owner",NULL,NULL
2136078,2023-05-11,social,web,"United Kingdom",24,"Sales Rep",NULL,465838
2137273,2023-09-19,organic,android,"United States",36,"Small Business Owner",NULL,999159
2137317,2024-05-04,organic,ios,Brazil,18,Unemployed,NULL,NULL
2137411,2024-11-18,social,web,Brazil,31,Unemployed,NULL,465838
2138422,2023-10-26,affiliate,ios,Philippines,55,Unemployed,NULL,231932
2138452,2024-12-24,paid_search,ios,"United States",37,Teacher,NULL,818315
2141452,2024-09-28,organic,web,Canada,21,Freelancer,NULL,NULL
2141766,2024-03-07,referral,android,"United States",28,Accountant,"Community Forum",NULL
2142953,2024-03-04,paid_search,web,"United States",50,Retired,NULL,237337
2143647,2024-04-03,affiliate,ios,"United States",49,"Small Business Owner",NULL,221958
2147116,2024-11-12,affiliate,ios,"United States",25,"Small Business Owner",NULL,832180
2150311,2024-01-11,affiliate,web,Australia,34,Teacher,NULL,832180
2151882,2024-07-24,organic,web,"United Kingdom",18,"Small Business Owner",NULL,NULL
2153224,2024-11-16,social,android,Philippines,28,Consultant,NULL,378167
2155933,2024-12-09,social,web,"United States",40,Teacher,NULL,378167
2156245,2023-04-24,organic,android,Canada,20,Retired,NULL,NULL
2157260,2024-05-30,paid_search,web,"United States",22,"Marketing Manager",NULL,771155
2158343,2023-11-15,affiliate,ios,"United Kingdom",31,Consultant,NULL,291335
2160152,2024-12-06,referral,android,Canada,35,Student,"Partner App",NULL
2160714,2024-06-30,affiliate,web,Canada,18,Consultant,NULL,275203
2161068,2024-10-21,paid_search,ios,"United Kingdom",18,Retired,NULL,771155
2161140,2024-10-07,paid_search,web,Brazil,40,Accountant,NULL,359178
2162189,2024-08-18,organic,web,"United States",24,Accountant,NULL,NULL
2163950,2023-10-02,organic,web,"United States",20,Retired,NULL,999159
2164795,2024-09-18,social,web,"United States",35,Unemployed,NULL,465838
2166670,2024-07-07,organic,web,"United Kingdom",39,"Software Engineer",NULL,NULL
2167498,2024-03-27,organic,ios,"United States",20,Accountant,NULL,NULL
2169070,2024-01-13,organic,ios,"United States",39,Accountant,NULL,NULL
2170365,2024-09-16,referral,ios,Australia,44,Freelancer,Employee,NULL
2170933,2024-07-09,referral,ios,"United States",40,Retired,"Existing Customer",NULL
2171248,2024-05-10,affiliate,web,India,32,Accountant,NULL,275203
2172622,2024-01-03,affiliate,web,Canada,21,"Small Business Owner",NULL,231932
2178049,2024-05-15,affiliate,web,Nigeria,57,"Small Business Owner",NULL,291335
2180859,2024-09-16,organic,web,Mexico,44,Accountant,NULL,NULL
2180887,2023-10-07,affiliate,android,"United Kingdom",24,Teacher,NULL,210268
2183493,2024-09-17,referral,android,Mexico,28,"Small Business Owner","Existing Customer",NULL
2185111,2024-12-04,affiliate,ios,Germany,26,Retired,NULL,291335
2185560,2024-06-05,organic,ios,Philippines,49,"Small Business Owner",NULL,NULL
2186430,2024-12-14,organic,android,"United States",44,Accountant,NULL,NULL
2186837,2024-11-28,organic,android,"United States",35,"Marketing Manager",NULL,NULL
2186887,2023-10-14,affiliate,web,Nigeria,31,Retired,NULL,832180
2187018,2024-03-01,organic,web,Australia,35,Freelancer,NULL,NULL
2187030,2024-12-19,organic,android,India,51,Accountant,NULL,NULL
2189138,2024-05-23,paid_search,android,"United Kingdom",45,Nurse,NULL,421879
2192929,2023-11-20,social,android,"United States",19,Unemployed,NULL,378167
2192931,2024-11-11,organic,web,India,21,"Software Engineer",NULL,NULL
2193502,2023-09-05,referral,android,Mexico,18,Retired,"Existing Customer",NULL
2193728,2024-10-07,organic,android,Brazil,25,Unemployed,NULL,NULL
2193982,2023-04-13,organic,ios,India,51,Teacher,NULL,NULL
2194737,2024-07-05,organic,android,Canada,26,Student,NULL,NULL
2195344,2023-12-27,social,ios,Canada,39,"Sales Rep",NULL,465838
2195885,2024-01-26,organic,ios,"United Kingdom",25,"Sales Rep",NULL,NULL
2196311,2024-11-13,referral,web,India,38,Unemployed,"Partner App",NULL
2197162,2024-03-11,affiliate,android,"United States",35,Teacher,NULL,291335
2197442,2024-07-22,paid_search,ios,"United States",45,"Small Business Owner",NULL,421879
2199217,2024-04-09,organic,ios,Australia,38,Student,NULL,NULL
2199529,2023-04-19,social,web,"United States",39,Consultant,NULL,465838
2199728,2024-08-05,affiliate,web,Philippines,38,Unemployed,NULL,231932
2200346,2024-02-07,organic,ios,"United Kingdom",24,Accountant,NULL,999159
2200532,2024-02-29,organic,ios,Mexico,31,Student,NULL,NULL
2201482,2024-04-09,paid_search,web,India,18,Consultant,NULL,621430
2203920,2024-10-05,organic,web,Philippines,21,Unemployed,NULL,429365
2206751,2024-06-29,paid_search,ios,Brazil,48,Unemployed,NULL,187498
2206861,2024-01-03,affiliate,ios,India,30,Nurse,NULL,210268
2207068,2024-07-22,paid_search,ios,Mexico,20,Consultant,NULL,818315
2207739,2024-05-27,affiliate,web,Germany,27,Accountant,NULL,832180
2208052,2024-07-13,organic,android,Canada,41,"Software Engineer",NULL,NULL
2208060,2023-06-23,paid_search,web,Canada,19,"Marketing Manager",NULL,818315
2208957,2024-12-19,organic,android,"United States",18,Student,NULL,NULL
2215442,2024-09-04,paid_search,web,Canada,18,"Software Engineer",NULL,359178
2215502,2024-04-28,organic,web,"United States",43,Teacher,NULL,NULL
2217060,2024-02-25,social,android,"United States",50,Retired,NULL,378167
2217309,2024-04-23,organic,android,Philippines,29,Accountant,NULL,NULL
2218284,2023-12-23,social,ios,India,21,"Sales Rep",NULL,378167
2220682,2023-10-07,affiliate,web,Philippines,42,"Sales Rep",NULL,221958
2220985,2023-09-26,paid_search,ios,Mexico,24,Consultant,NULL,359178
2222869,2024-05-29,organic,web,"United Kingdom",43,Freelancer,NULL,NULL
2223045,2024-08-23,social,android,"United States",18,"Software Engineer",NULL,378167
2223981,2024-07-13,paid_search,web,"United States",20,Retired,NULL,771155
2224744,2024-12-27,organic,web,India,35,Student,NULL,NULL
2225811,2023-09-03,paid_search,web,"United Kingdom",24,"Small Business Owner",NULL,771155
2226476,2024-09-18,organic,android,Germany,18,Freelancer,NULL,NULL
2227222,2024-08-09,organic,web,India,29,"Marketing Manager",NULL,NULL
2228337,2024-10-31,organic,android,Philippines,31,Teacher,NULL,NULL
2228807,2024-12-10,paid_search,ios,Nigeria,63,Unemployed,NULL,187498
2229458,2024-09-09,social,ios,Canada,26,Consultant,NULL,465838
2230746,2023-04-30,organic,web,"United States",18,Student,NULL,NULL
2230796,2023-10-27,referral,ios,Germany,26,Nurse,Employee,NULL
2235382,2024-08-23,referral,web,Nigeria,39,Freelancer,"Existing Customer",NULL
2236541,2024-06-27,affiliate,web,"United States",34,"Marketing Manager",NULL,231932
2237715,2024-07-19,affiliate,ios,Philippines,28,Consultant,NULL,887201
2241082,2024-09-09,organic,android,Philippines,20,Nurse,NULL,NULL
2243294,2024-12-14,organic,android,Brazil,26,"Software Engineer",NULL,NULL
2244289,2023-09-13,social,android,"United States",32,Nurse,NULL,465838
2244360,2023-12-29,organic,web,Nigeria,34,Nurse,NULL,NULL
2245749,2024-08-18,organic,ios,Brazil,18,Retired,NULL,NULL
2247752,2024-04-27,organic,ios,Canada,28,Nurse,NULL,NULL
2248749,2024-02-11,affiliate,ios,"United Kingdom",51,Unemployed,NULL,887201
2250632,2023-06-01,referral,ios,Canada,36,Retired,"Existing Customer",NULL
2250844,2024-12-23,organic,web,Canada,32,Accountant,NULL,NULL
2251661,2024-12-29,organic,web,Nigeria,47,Accountant,NULL,NULL
2252557,2024-07-06,affiliate,ios,Germany,38,"Small Business Owner",NULL,210268
2255564,2024-11-02,paid_search,ios,"United States",35,"Small Business Owner",NULL,818315
2255950,2024-01-25,social,web,"United States",25,"Small Business Owner",NULL,465838
2255959,2024-08-19,social,android,Canada,48,"Small Business Owner",NULL,378167
2256715,2024-11-24,organic,web,India,30,Unemployed,NULL,NULL
2257008,2024-01-09,organic,android,Mexico,18,Unemployed,NULL,NULL
2257949,2024-08-14,organic,ios,"United States",20,Student,NULL,NULL
2258542,2024-10-17,social,ios,Mexico,41,"Software Engineer",NULL,378167
2258624,2024-12-08,paid_search,ios,"United States",44,"Marketing Manager",NULL,771155
2260386,2024-07-30,organic,ios,"United States",25,Accountant,NULL,NULL
2261402,2024-11-07,affiliate,ios,Germany,39,Teacher,NULL,744167
2264008,2024-02-11,organic,ios,"United States",61,Unemployed,NULL,NULL
2264134,2023-12-22,organic,ios,Mexico,34,"Marketing Manager",NULL,NULL
2265898,2024-07-11,paid_search,ios,"United States",35,"Small Business Owner",NULL,818315
2267633,2024-01-05,social,ios,Germany,32,Nurse,NULL,465838
2268182,2024-12-07,affiliate,web,Australia,40,Teacher,NULL,291335
2268300,2024-02-08,organic,android,Brazil,40,Student,NULL,NULL
2270896,2023-12-29,affiliate,android,"United States",18,Student,NULL,832180
2271300,2023-11-10,social,ios,"United States",29,"Marketing Manager",NULL,378167
2274634,2024-06-12,affiliate,ios,Brazil,48,Teacher,NULL,210268
2276647,2024-12-08,affiliate,web,"United Kingdom",18,"Marketing Manager",NULL,832180
2278343,2024-08-09,organic,android,Germany,49,"Small Business Owner",NULL,429365
2278673,2024-04-27,affiliate,ios,"United States",43,Student,NULL,832180
2279898,2024-06-02,organic,android,"United States",29,"Sales Rep",NULL,NULL
2281258,2023-09-12,organic,android,India,24,Consultant,NULL,999159
2284382,2023-07-11,organic,web,India,36,Consultant,NULL,429365
2285844,2024-09-23,social,web,Mexico,36,"Marketing Manager",NULL,465838
2286188,2023-11-22,social,android,Germany,27,"Marketing Manager",NULL,465838
2286643,2024-09-20,affiliate,android,Germany,31,Accountant,NULL,887201
2290906,2024-09-05,organic,ios,Mexico,26,Retired,NULL,NULL
2294315,2024-10-29,social,web,Brazil,42,Teacher,NULL,465838
2294416,2024-12-20,paid_search,web,Canada,33,Accountant,NULL,771155
2294929,2024-11-13,social,web,Nigeria,41,Teacher,NULL,465838
2296516,2024-04-20,affiliate,ios,Australia,22,Teacher,NULL,275203
2297638,2023-12-07,affiliate,ios,Germany,33,Consultant,NULL,744167
2297776,2023-08-14,organic,ios,"United States",32,Retired,NULL,NULL
2303306,2024-07-03,paid_search,web,Canada,26,Consultant,NULL,359178
2305585,2024-10-31,paid_search,android,"United States",39,Freelancer,NULL,154886
2307506,2024-12-17,social,web,Germany,45,Consultant,NULL,465838
2308014,2024-10-04,paid_search,ios,"United States",41,Retired,NULL,187498
2308166,2024-11-08,paid_search,web,India,33,"Sales Rep",NULL,164820
2308507,2024-01-20,affiliate,web,"United States",31,Retired,NULL,744167
2311629,2023-10-02,social,web,"United States",18,Student,NULL,465838
2312743,2024-10-12,social,android,"United States",43,Student,NULL,378167
2314532,2024-08-09,paid_search,ios,"United States",26,"Small Business Owner",NULL,621430
2315823,2023-06-22,social,ios,Brazil,33,Student,NULL,465838
2317621,2024-04-09,referral,android,"United Kingdom",32,Freelancer,Employee,NULL
2318155,2024-09-18,paid_search,ios,Mexico,24,Teacher,NULL,164820
2320307,2023-12-17,social,web,"United Kingdom",43,Teacher,NULL,465838
2323483,2024-08-04,organic,web,India,37,Teacher,NULL,NULL
2324070,2023-04-25,paid_search,android,Brazil,19,"Software Engineer",NULL,818315
2325831,2024-03-25,social,web,Nigeria,37,"Small Business Owner",NULL,465838
2327654,2024-11-11,affiliate,web,"United States",26,Unemployed,NULL,231932
2327877,2024-06-29,organic,ios,Canada,30,"Sales Rep",NULL,NULL
2329785,2024-08-02,social,ios,Mexico,34,Accountant,NULL,465838
2330363,2024-06-06,affiliate,ios,"United States",31,Accountant,NULL,887201
2330728,2023-11-07,organic,ios,"United States",18,"Software Engineer",NULL,NULL
2332397,2023-04-10,affiliate,ios,"United States",44,Student,NULL,210268
2333572,2024-01-12,affiliate,web,"United States",25,Freelancer,NULL,275203
2337768,2024-11-04,organic,ios,"United States",37,"Small Business Owner",NULL,NULL
2339083,2023-09-02,social,android,"United States",45,Freelancer,NULL,465838
2339462,2024-08-18,affiliate,web,Brazil,35,Student,NULL,275203
2340683,2024-07-29,paid_search,ios,"United States",18,"Software Engineer",NULL,154886
2343054,2024-09-30,organic,ios,"United Kingdom",34,Student,NULL,NULL
2344027,2024-01-30,organic,ios,"United States",18,"Marketing Manager",NULL,NULL
2344091,2024-06-24,affiliate,android,"United States",29,Consultant,NULL,887201
2346365,2024-11-24,organic,ios,Philippines,21,Student,NULL,NULL
2347203,2024-05-23,affiliate,ios,India,21,Unemployed,NULL,291335
2348055,2024-02-28,affiliate,web,India,31,Nurse,NULL,832180
2348894,2024-04-07,affiliate,ios,"United States",30,Freelancer,NULL,744167
2349590,2024-12-09,organic,android,Canada,18,Retired,NULL,NULL
2349987,2024-09-07,affiliate,android,"United States",19,Nurse,NULL,887201
2350093,2023-12-19,organic,ios,Philippines,42,"Sales Rep",NULL,NULL
2350339,2024-08-13,paid_search,android,"United States",45,"Marketing Manager",NULL,164820
2350816,2024-12-21,affiliate,android,Canada,38,Student,NULL,221958
2352144,2024-12-21,paid_search,web,Germany,25,"Sales Rep",NULL,187498
2352695,2024-12-16,affiliate,android,"United States",44,Consultant,NULL,744167
2353038,2024-05-20,affiliate,web,Brazil,18,Teacher,NULL,221958
2353324,2024-08-04,paid_search,ios,Mexico,49,Retired,NULL,621430
2355097,2023-08-15,organic,android,India,25,Accountant,NULL,NULL
2355531,2024-12-01,paid_search,ios,Canada,38,Freelancer,NULL,421879
2357453,2023-11-24,social,ios,Mexico,37,Student,NULL,465838
2358097,2024-01-22,referral,android,Nigeria,29,"Marketing Manager","Community Forum",NULL
2358356,2024-12-15,paid_search,android,Canada,32,Student,NULL,237337
2358454,2024-06-22,paid_search,web,"United States",26,Freelancer,NULL,421879
2360764,2024-12-19,organic,ios,Brazil,26,Consultant,NULL,NULL
2361212,2024-12-03,social,web,"United States",33,Retired,NULL,465838
2361303,2024-10-28,organic,ios,India,34,Unemployed,NULL,NULL
2362516,2024-10-21,referral,web,Brazil,34,Accountant,"Existing Customer",NULL
2363864,2024-12-23,social,android,Germany,33,"Software Engineer",NULL,465838
2365265,2024-09-07,social,ios,Mexico,46,"Software Engineer",NULL,378167
2367223,2024-03-25,affiliate,ios,"United States",54,Unemployed,NULL,291335
2369277,2024-10-24,social,ios,"United States",27,Teacher,NULL,465838
2370485,2024-09-29,organic,ios,"United Kingdom",42,Consultant,NULL,NULL
2372070,2024-10-15,paid_search,web,Canada,18,"Small Business Owner",NULL,771155
2375607,2024-10-18,paid_search,web,"United States",25,"Marketing Manager",NULL,187498
2375645,2024-09-13,referral,ios,Mexico,36,Nurse,"Community Forum",NULL
2378369,2023-05-30,organic,ios,Canada,25,Accountant,NULL,NULL
2379339,2023-08-20,organic,ios,Australia,29,"Small Business Owner",NULL,NULL
2379904,2024-08-29,referral,web,Germany,59,"Sales Rep","Community Forum",NULL
2380188,2024-12-03,affiliate,web,Australia,50,"Marketing Manager",NULL,744167
2381710,2024-11-07,organic,android,Australia,21,Retired,NULL,NULL
2383640,2024-01-20,paid_search,ios,India,43,Teacher,NULL,187498
2383875,2024-11-10,paid_search,ios,"United States",38,Consultant,NULL,359178
2384250,2024-07-02,organic,android,Mexico,50,"Sales Rep",NULL,NULL
2384410,2024-01-05,paid_search,ios,Brazil,35,Consultant,NULL,771155
2384418,2024-06-03,paid_search,android,"United States",41,Unemployed,NULL,771155
2384525,2023-11-29,social,android,India,57,Retired,NULL,378167
2384822,2023-04-10,organic,ios,Germany,26,Teacher,NULL,NULL
2385049,2024-02-28,social,ios,Philippines,45,"Sales Rep",NULL,378167
2386689,2024-07-06,organic,web,"United States",40,"Small Business Owner",NULL,NULL
2386980,2023-07-11,organic,web,India,18,Retired,NULL,NULL
2390281,2024-11-25,paid_search,web,Canada,25,"Small Business Owner",NULL,771155
2390598,2024-06-08,paid_search,android,"United States",22,Teacher,NULL,237337
2391449,2023-10-29,affiliate,ios,"United States",46,Retired,NULL,275203
2391538,2024-08-05,affiliate,ios,India,43,Student,NULL,887201
2393196,2023-04-13,paid_search,ios,"United States",38,Student,NULL,359178
2396102,2024-05-25,organic,android,"United States",41,Student,NULL,NULL
2396436,2024-10-29,paid_search,web,"United States",33,Retired,NULL,164820
2398558,2024-09-20,affiliate,ios,Germany,45,Retired,NULL,887201
2399298,2024-05-11,organic,web,Canada,43,Consultant,NULL,429365
2399769,2023-10-20,affiliate,android,Philippines,61,Nurse,NULL,231932
2400283,2024-12-19,referral,ios,Canada,46,Teacher,Employee,NULL
2400507,2024-07-28,paid_search,ios,Canada,29,Student,NULL,421879
2401471,2023-09-11,paid_search,ios,Philippines,29,"Software Engineer",NULL,621430
2404330,2023-09-24,paid_search,android,"United States",56,"Software Engineer",NULL,141090
2404355,2024-03-06,affiliate,ios,"United States",18,Student,NULL,275203
2404568,2024-11-03,organic,web,Mexico,18,Retired,NULL,NULL
2404962,2024-09-25,social,web,Germany,33,Student,NULL,378167
2406150,2023-11-14,organic,ios,"United Kingdom",37,Freelancer,NULL,999159
2406368,2024-05-30,affiliate,android,Nigeria,33,"Marketing Manager",NULL,744167
2406427,2024-08-14,social,web,"United States",34,Consultant,NULL,465838
2407757,2024-12-24,organic,ios,"United States",41,Teacher,NULL,429365
2408277,2023-10-27,social,android,Brazil,44,"Software Engineer",NULL,378167
2409854,2024-07-04,paid_search,ios,India,58,"Small Business Owner",NULL,141090
2413967,2024-12-24,organic,web,Brazil,34,Consultant,NULL,NULL
2414119,2023-02-15,organic,android,Brazil,18,Freelancer,NULL,NULL
2414466,2024-07-18,paid_search,ios,"United States",38,"Small Business Owner",NULL,621430
2414474,2024-02-09,organic,ios,Canada,41,"Software Engineer",NULL,NULL
2416012,2024-11-10,referral,android,Canada,24,Teacher,"Community Forum",NULL
2416842,2023-10-06,organic,web,Brazil,33,Retired,NULL,NULL
2416953,2024-10-09,paid_search,ios,Germany,35,"Sales Rep",NULL,154886
2417158,2023-12-19,social,ios,"United Kingdom",18,Unemployed,NULL,465838
2417191,2024-11-04,paid_search,ios,"United States",26,"Software Engineer",NULL,237337
2417231,2024-11-02,organic,android,"United Kingdom",38,Nurse,NULL,429365
2418060,2023-09-17,paid_search,ios,"United Kingdom",27,Unemployed,NULL,164820
2418175,2024-06-07,referral,ios,"United States",38,"Marketing Manager","Partner App",NULL
2418180,2024-09-23,paid_search,ios,"United States",18,"Software Engineer",NULL,164820
2419920,2024-11-10,organic,web,Germany,18,Student,NULL,NULL
2420654,2024-01-22,organic,ios,"United States",26,Freelancer,NULL,NULL
2420858,2023-06-25,paid_search,android,Canada,18,Unemployed,NULL,818315
2423286,2024-10-26,paid_search,android,"United States",39,Accountant,NULL,621430
2424945,2024-10-09,organic,ios,"United Kingdom",40,"Software Engineer",NULL,429365
2427197,2024-11-29,organic,web,Philippines,38,Freelancer,NULL,999159
2428080,2024-05-14,social,web,"United States",18,Accountant,NULL,378167
2428127,2024-05-27,affiliate,ios,"United Kingdom",19,"Sales Rep",NULL,832180
2429290,2024-05-13,paid_search,web,Mexico,41,Teacher,NULL,237337
2432672,2024-08-09,paid_search,web,Germany,40,Retired,NULL,141090
2433284,2024-11-15,social,web,"United States",38,"Marketing Manager",NULL,378167
2434730,2024-08-15,social,ios,"United Kingdom",36,"Software Engineer",NULL,378167
2435367,2024-11-14,paid_search,web,Germany,30,"Small Business Owner",NULL,237337
2435986,2024-01-01,affiliate,ios,"United States",42,Nurse,NULL,291335
2437188,2024-12-02,social,web,"United States",30,"Software Engineer",NULL,465838
2443401,2024-07-12,organic,ios,India,29,Retired,NULL,NULL
2443717,2024-12-07,organic,ios,Canada,26,"Marketing Manager",NULL,NULL
2444315,2024-09-27,paid_search,web,Australia,45,"Small Business Owner",NULL,154886
2447947,2024-03-04,affiliate,ios,"United States",20,Teacher,NULL,744167
2449991,2023-09-30,affiliate,android,"United States",55,Unemployed,NULL,291335
2451469,2024-01-28,organic,android,India,50,Retired,NULL,NULL
2454908,2024-11-29,affiliate,ios,India,19,Unemployed,NULL,744167
2455465,2024-04-24,organic,ios,"United States",30,Student,NULL,999159
2456498,2024-12-11,social,ios,"United States",39,"Sales Rep",NULL,378167
2458316,2023-12-01,paid_search,ios,India,43,Freelancer,NULL,818315
2459700,2023-12-04,paid_search,android,Canada,49,Consultant,NULL,818315
2460235,2024-07-01,paid_search,android,India,47,Unemployed,NULL,621430
2461312,2024-10-30,paid_search,web,Germany,36,Accountant,NULL,237337
2461433,2024-07-13,organic,web,Brazil,18,Student,NULL,NULL
2462538,2024-08-19,organic,web,"United States",29,Retired,NULL,NULL
2462603,2023-05-23,social,web,Mexico,26,Accountant,NULL,465838
2465088,2024-07-09,organic,ios,Mexico,26,Freelancer,NULL,NULL
2467217,2023-11-20,social,web,"United Kingdom",20,"Sales Rep",NULL,378167
2467256,2024-10-30,paid_search,ios,"United Kingdom",40,"Small Business Owner",NULL,771155
2468919,2024-09-14,paid_search,ios,"United States",33,Nurse,NULL,237337
2470851,2024-11-08,affiliate,web,Philippines,30,Retired,NULL,231932
2471926,2024-02-02,paid_search,web,Mexico,31,"Marketing Manager",NULL,621430
2472542,2024-07-12,organic,android,Canada,23,"Small Business Owner",NULL,NULL
2473300,2024-03-22,social,android,"United States",36,Consultant,NULL,378167
2474620,2023-05-11,affiliate,web,Canada,47,Retired,NULL,231932
2478081,2024-12-11,social,web,"United States",43,"Small Business Owner",NULL,378167
2478768,2024-08-11,paid_search,ios,"United States",33,Student,NULL,187498
2480175,2024-02-26,social,web,Philippines,18,Consultant,NULL,378167
2481177,2024-04-01,paid_search,ios,"United States",38,Retired,NULL,359178
2485619,2024-01-28,organic,ios,"United States",57,Teacher,NULL,NULL
2488303,2024-09-02,paid_search,web,Germany,38,Unemployed,NULL,237337
2488543,2024-08-18,paid_search,ios,"United States",41,"Marketing Manager",NULL,621430
2490017,2024-08-20,organic,ios,"United Kingdom",44,Retired,NULL,NULL
2490036,2024-11-22,social,android,Canada,42,Teacher,NULL,465838
2490687,2024-07-10,social,android,Australia,25,Nurse,NULL,378167
2491633,2024-10-13,paid_search,ios,"United States",40,"Small Business Owner",NULL,359178
2493551,2024-02-16,referral,web,India,34,"Sales Rep","Community Forum",NULL
2494139,2024-04-19,social,web,Australia,31,"Sales Rep",NULL,378167
2496030,2024-06-20,organic,ios,"United States",38,Student,NULL,NULL
2496176,2023-06-04,affiliate,web,Philippines,18,Accountant,NULL,210268
2498339,2024-10-12,organic,ios,"United States",36,Unemployed,NULL,NULL
2498447,2023-05-07,organic,web,"United States",33,"Marketing Manager",NULL,NULL
2500134,2024-11-14,organic,ios,India,38,Consultant,NULL,NULL
2500844,2023-11-21,organic,web,Mexico,49,Teacher,NULL,NULL
2500948,2024-11-21,affiliate,android,"United States",38,"Marketing Manager",NULL,210268
2502337,2024-04-29,social,web,"United States",23,Unemployed,NULL,378167
2502718,2024-07-31,organic,ios,"United States",37,Unemployed,NULL,NULL
2504329,2024-02-17,social,android,"United States",35,Nurse,NULL,378167
2504900,2024-07-13,organic,android,"United Kingdom",44,"Small Business Owner",NULL,429365
2506145,2024-09-18,paid_search,ios,India,25,Teacher,NULL,164820
2507394,2023-07-14,referral,ios,"United States",37,"Software Engineer","Partner App",NULL
2509390,2024-09-07,paid_search,web,"United Kingdom",44,"Small Business Owner",NULL,421879
2511710,2024-10-22,social,ios,"United States",23,Teacher,NULL,378167
2512760,2024-10-02,social,web,"United States",42,Teacher,NULL,378167
2514101,2023-12-28,referral,ios,"United States",18,Teacher,"Community Forum",NULL
2514542,2024-10-20,organic,web,"United States",33,Student,NULL,NULL
2515538,2024-02-19,organic,ios,"United States",42,Teacher,NULL,NULL
2515554,2024-11-19,paid_search,ios,"United States",18,"Sales Rep",NULL,141090
2515719,2023-08-17,paid_search,ios,"United States",35,Accountant,NULL,237337
2518560,2024-11-11,organic,web,"United States",53,Nurse,NULL,429365
2519598,2024-02-29,referral,web,Mexico,45,"Sales Rep",Employee,NULL
2519603,2023-07-01,social,ios,Canada,38,Consultant,NULL,378167
2520982,2024-12-08,social,web,India,40,"Sales Rep",NULL,378167
2521701,2024-11-09,referral,web,"United States",29,"Marketing Manager","Partner App",NULL
2524102,2023-12-30,affiliate,web,"United States",40,Teacher,NULL,210268
2524631,2024-04-20,paid_search,android,Brazil,36,"Software Engineer",NULL,164820
2525068,2024-06-23,organic,ios,India,18,Accountant,NULL,429365
2526534,2024-10-31,paid_search,web,"United States",31,Unemployed,NULL,421879
2530332,2024-09-08,affiliate,web,Nigeria,18,"Marketing Manager",NULL,832180
2531064,2024-10-03,organic,android,Brazil,54,Consultant,NULL,NULL
2531817,2024-03-27,organic,ios,"United States",38,"Small Business Owner",NULL,NULL
2532337,2023-12-08,paid_search,android,"United Kingdom",47,Student,NULL,154886
2534026,2024-02-15,affiliate,web,"United States",40,Nurse,NULL,291335
2534227,2024-05-16,affiliate,web,India,34,Consultant,NULL,231932
2534230,2024-05-29,organic,android,"United States",27,Accountant,NULL,NULL
2534837,2024-11-22,organic,web,"United States",18,Student,NULL,NULL
2538112,2023-10-04,organic,android,"United Kingdom",18,Nurse,NULL,999159
2539219,2024-07-23,organic,ios,"United Kingdom",22,"Marketing Manager",NULL,NULL
2539600,2024-07-18,social,android,Canada,23,Nurse,NULL,378167
2540710,2024-11-15,paid_search,ios,Brazil,22,Teacher,NULL,164820
2540724,2023-09-27,organic,android,"United States",32,"Marketing Manager",NULL,NULL
2543812,2024-06-09,organic,ios,"United States",34,Nurse,NULL,NULL
2543992,2024-12-27,paid_search,android,"United States",18,Retired,NULL,237337
2544613,2023-09-22,affiliate,android,Mexico,38,Teacher,NULL,291335
2545288,2024-05-16,referral,web,"United States",37,Freelancer,"Partner App",NULL
2545329,2023-12-13,social,web,Mexico,38,"Small Business Owner",NULL,465838
2546064,2024-09-29,organic,web,"United States",43,"Small Business Owner",NULL,NULL
2546236,2023-11-15,affiliate,android,"United States",41,"Marketing Manager",NULL,275203
2546933,2024-06-15,social,web,Germany,57,Student,NULL,465838
2548075,2024-08-28,paid_search,android,Nigeria,44,"Marketing Manager",NULL,141090
2549302,2024-06-10,organic,web,India,49,Teacher,NULL,NULL
2549317,2024-12-29,social,android,"United States",20,Unemployed,NULL,465838
2549420,2023-12-20,paid_search,ios,"United States",18,"Sales Rep",NULL,421879
2550184,2023-07-27,affiliate,android,India,36,"Marketing Manager",NULL,291335
2550642,2023-07-05,organic,android,Mexico,25,"Small Business Owner",NULL,NULL
2551330,2024-05-08,paid_search,web,"United States",31,Student,NULL,359178
2551726,2024-06-21,referral,android,Germany,39,Nurse,Employee,NULL
2553416,2024-03-07,referral,ios,India,18,Accountant,"Existing Customer",NULL
2553744,2024-11-28,social,web,India,18,"Marketing Manager",NULL,465838
2554205,2023-11-23,organic,ios,Philippines,30,Unemployed,NULL,429365
2554510,2024-12-01,organic,web,"United States",18,"Marketing Manager",NULL,NULL
2555811,2024-02-11,affiliate,android,Philippines,37,"Marketing Manager",NULL,275203
2556518,2024-05-20,paid_search,web,"United States",33,Accountant,NULL,187498
2557009,2024-05-26,referral,web,"United States",36,Teacher,"Existing Customer",NULL
2558242,2024-10-29,social,web,Germany,40,Freelancer,NULL,465838
2558274,2024-12-06,affiliate,ios,"United Kingdom",29,Teacher,NULL,231932
2559049,2024-05-03,social,android,Germany,27,"Marketing Manager",NULL,465838
2559657,2023-04-20,paid_search,web,Brazil,28,Retired,NULL,141090
2559757,2024-10-01,social,web,Brazil,35,"Sales Rep",NULL,378167
2560121,2024-04-13,paid_search,web,"United States",18,"Software Engineer",NULL,359178
2561014,2024-04-06,paid_search,android,"United States",44,Nurse,NULL,141090
2561729,2024-08-09,organic,web,Canada,51,Freelancer,NULL,NULL
2562518,2024-07-04,organic,ios,"United Kingdom",20,"Software Engineer",NULL,NULL
2563825,2024-10-21,paid_search,ios,"United States",27,"Software Engineer",NULL,187498
2564718,2024-12-19,social,web,Germany,47,"Software Engineer",NULL,378167
2565976,2024-03-02,social,ios,Australia,34,"Sales Rep",NULL,465838
2566772,2023-09-01,organic,web,Australia,42,Accountant,NULL,NULL
2568146,2023-11-29,affiliate,android,Mexico,28,Teacher,NULL,291335
2569123,2024-03-05,social,web,"United Kingdom",37,Accountant,NULL,378167
2569720,2023-12-04,referral,web,"United States",50,"Software Engineer","Community Forum",NULL
2570889,2023-09-26,paid_search,web,"United States",46,"Sales Rep",NULL,359178
2571480,2023-11-03,organic,web,Germany,22,Accountant,NULL,NULL
2572138,2024-02-11,paid_search,web,Germany,35,Freelancer,NULL,154886
2572732,2024-06-03,organic,ios,"United States",26,Nurse,NULL,NULL
2575557,2024-02-28,organic,ios,"United States",28,Student,NULL,NULL
2576590,2024-04-10,paid_search,ios,Philippines,31,"Sales Rep",NULL,154886
2576845,2024-03-30,affiliate,ios,"United Kingdom",18,Student,NULL,231932
2577415,2024-10-16,paid_search,android,Canada,26,Retired,NULL,818315
2577969,2024-10-25,organic,web,"United States",18,Accountant,NULL,NULL
2578315,2023-09-23,paid_search,android,"United States",31,Teacher,NULL,771155
2578458,2024-09-07,affiliate,web,Canada,40,"Marketing Manager",NULL,744167
2579159,2024-05-20,organic,ios,"United States",18,Consultant,NULL,NULL
2581420,2023-09-06,affiliate,android,India,25,"Small Business Owner",NULL,210268
2581530,2023-06-12,organic,web,India,44,Unemployed,NULL,NULL
2583246,2023-12-16,paid_search,ios,Australia,39,"Small Business Owner",NULL,164820
2584645,2024-09-03,organic,ios,"United States",21,Accountant,NULL,NULL
2587542,2023-11-28,affiliate,android,Canada,21,Freelancer,NULL,291335
2587819,2024-05-26,paid_search,ios,India,33,"Software Engineer",NULL,187498
2588404,2024-07-05,paid_search,web,Mexico,19,"Small Business Owner",NULL,141090
2589228,2024-06-06,social,web,"United States",36,"Sales Rep",NULL,465838
2591711,2024-06-19,paid_search,ios,Australia,28,Freelancer,NULL,187498
2592173,2024-05-02,paid_search,ios,"United States",55,"Sales Rep",NULL,187498
2594362,2023-12-11,organic,ios,"United States",29,Retired,NULL,999159
2594502,2024-10-17,affiliate,ios,Canada,20,"Software Engineer",NULL,231932
2595123,2024-01-02,social,ios,"United States",31,Student,NULL,378167
2595776,2024-08-10,organic,web,Philippines,43,"Small Business Owner",NULL,999159
2596246,2023-06-28,organic,android,"United Kingdom",42,Accountant,NULL,999159
2598099,2024-04-23,social,ios,Philippines,36,Nurse,NULL,465838
2599908,2024-01-10,affiliate,web,Canada,39,Consultant,NULL,291335
2600396,2023-09-17,referral,web,Canada,65,Teacher,Employee,NULL
2600720,2024-10-27,affiliate,web,"United States",21,Accountant,NULL,832180
2601207,2024-03-29,affiliate,web,Nigeria,38,"Marketing Manager",NULL,887201
2601596,2024-04-12,social,ios,"United Kingdom",35,Student,NULL,465838
2602970,2024-11-21,affiliate,android,"United Kingdom",55,Nurse,NULL,210268
2603344,2024-10-03,social,android,Mexico,32,Unemployed,NULL,465838
2604243,2024-01-14,organic,android,"United Kingdom",35,"Small Business Owner",NULL,999159
2605196,2024-05-05,organic,android,Philippines,28,Unemployed,NULL,NULL
2605752,2024-12-11,organic,ios,Canada,38,Teacher,NULL,NULL
2607618,2024-07-09,organic,ios,"United States",45,"Software Engineer",NULL,NULL
2609184,2023-04-22,paid_search,web,Canada,36,"Marketing Manager",NULL,421879
2609425,2023-10-23,paid_search,android,Germany,37,"Software Engineer",NULL,359178
2612033,2024-02-14,affiliate,web,Canada,31,Teacher,NULL,210268
2612119,2023-10-10,paid_search,android,"United States",35,Retired,NULL,141090
2613560,2023-09-20,organic,android,Nigeria,30,Student,NULL,NULL
2614694,2023-08-08,paid_search,android,Canada,41,Teacher,NULL,154886
2615181,2024-10-06,social,ios,Germany,26,Nurse,NULL,465838
2615270,2024-11-27,paid_search,web,Australia,41,Teacher,NULL,141090
2615777,2024-01-03,paid_search,web,"United Kingdom",47,Student,NULL,421879
2619282,2024-11-09,referral,web,Canada,50,"Software Engineer","Community Forum",NULL
2619426,2024-11-21,organic,ios,"United States",18,Nurse,NULL,NULL
2619715,2023-12-21,social,web,India,30,"Small Business Owner",NULL,465838
2619814,2023-12-16,referral,android,"United States",28,Consultant,"Existing Customer",NULL
2622563,2024-08-15,paid_search,android,Nigeria,30,Retired,NULL,141090
2622572,2024-06-12,organic,android,"United States",27,"Marketing Manager",NULL,999159
2625199,2024-05-14,paid_search,web,Mexico,33,Student,NULL,164820
2626528,2024-12-20,paid_search,ios,Mexico,36,"Sales Rep",NULL,818315
2628853,2023-10-06,organic,android,Mexico,31,"Marketing Manager",NULL,NULL
2629040,2024-07-15,paid_search,web,Philippines,37,Unemployed,NULL,154886
2629618,2024-01-02,organic,web,"United States",25,"Small Business Owner",NULL,NULL
2631107,2023-12-30,organic,android,"United Kingdom",18,Nurse,NULL,NULL
2631570,2024-12-16,paid_search,ios,Brazil,57,"Software Engineer",NULL,154886
2631993,2024-06-25,paid_search,android,"United States",27,"Marketing Manager",NULL,421879
2634461,2024-04-14,organic,web,"United States",28,Freelancer,NULL,NULL
2635156,2024-10-07,paid_search,ios,"United States",35,Student,NULL,164820
2636675,2024-07-24,affiliate,ios,Australia,35,Teacher,NULL,231932
2638004,2024-12-14,affiliate,ios,Brazil,49,Accountant,NULL,832180
2638846,2023-02-27,social,android,"United Kingdom",26,Nurse,NULL,378167
2643083,2023-10-20,social,ios,Philippines,23,Unemployed,NULL,465838
2644173,2024-09-27,paid_search,android,Mexico,19,Nurse,NULL,359178
2646711,2024-12-26,paid_search,android,Canada,35,"Sales Rep",NULL,359178
2647824,2023-03-15,organic,android,"United States",31,Unemployed,NULL,NULL
2649729,2024-04-02,social,web,"United States",33,Freelancer,NULL,465838
2649734,2023-09-29,social,ios,Germany,18,"Small Business Owner",NULL,378167
2649959,2024-06-30,paid_search,ios,Australia,36,"Software Engineer",NULL,187498
2650224,2024-04-25,affiliate,web,"United States",30,Consultant,NULL,832180
2650375,2023-06-06,organic,ios,"United Kingdom",35,Accountant,NULL,NULL
2650522,2023-11-27,paid_search,ios,Canada,32,Accountant,NULL,164820
2650824,2024-12-11,organic,web,Brazil,27,Nurse,NULL,NULL
2650870,2024-10-09,organic,ios,Nigeria,30,Student,NULL,NULL
2651348,2024-09-23,organic,ios,"United States",25,"Sales Rep",NULL,NULL
2652131,2024-09-25,social,android,"United States",42,Student,NULL,465838
2653005,2024-11-02,organic,android,"United Kingdom",44,Student,NULL,NULL
2654753,2023-12-15,paid_search,ios,Mexico,19,Student,NULL,141090
2655016,2024-07-23,social,android,Brazil,36,Teacher,NULL,465838
2655464,2023-05-14,social,android,Australia,38,"Small Business Owner",NULL,465838
2656321,2023-12-31,organic,web,"United States",26,Teacher,NULL,429365
2656671,2023-08-28,organic,ios,Mexico,27,Teacher,NULL,NULL
2657153,2024-06-04,social,web,"United Kingdom",54,Freelancer,NULL,378167
2657387,2024-04-26,organic,ios,"United States",22,Retired,NULL,429365
2657583,2024-12-02,affiliate,ios,"United States",42,"Sales Rep",NULL,231932
2657888,2023-07-14,referral,web,"United States",52,Student,Employee,NULL
2658332,2024-10-24,organic,ios,"United States",48,Student,NULL,NULL
2658800,2023-04-24,social,web,Philippines,38,Freelancer,NULL,378167
2659066,2024-03-17,affiliate,ios,"United Kingdom",34,"Sales Rep",NULL,221958
2659537,2023-04-27,organic,web,Canada,35,"Software Engineer",NULL,NULL
2660102,2024-01-05,organic,web,"United States",18,"Software Engineer",NULL,NULL
2661342,2024-08-09,affiliate,web,Philippines,30,Freelancer,NULL,275203
2661655,2023-10-27,paid_search,ios,"United States",32,"Software Engineer",NULL,164820
2661793,2024-10-28,organic,ios,Canada,33,Unemployed,NULL,NULL
2661909,2024-11-21,paid_search,web,"United States",43,"Small Business Owner",NULL,771155
2662656,2024-06-15,organic,ios,Brazil,24,Student,NULL,429365
2667108,2024-10-24,organic,ios,"United Kingdom",18,"Small Business Owner",NULL,NULL
2667690,2024-08-17,organic,ios,Philippines,18,Freelancer,NULL,NULL
2668321,2024-03-03,affiliate,web,"United States",32,Consultant,NULL,832180
2670357,2024-04-10,organic,android,Canada,40,Student,NULL,NULL
2673879,2024-09-30,social,web,"United Kingdom",42,Teacher,NULL,465838
2675259,2024-03-28,paid_search,web,Australia,52,"Software Engineer",NULL,164820
2675843,2024-10-03,organic,web,"United States",35,Consultant,NULL,NULL
2676850,2024-11-26,social,web,India,46,Nurse,NULL,465838
2678332,2023-08-23,organic,web,"United States",39,"Small Business Owner",NULL,NULL
2679161,2023-12-30,social,android,"United States",40,Accountant,NULL,378167
2681076,2024-05-22,referral,android,"United States",36,Consultant,Employee,NULL
2681641,2024-02-07,paid_search,web,Philippines,38,Freelancer,NULL,237337
2683032,2024-10-31,referral,ios,"United States",36,Retired,"Existing Customer",NULL
2684449,2024-10-16,organic,android,Canada,22,Freelancer,NULL,NULL
2685996,2024-06-15,organic,android,India,23,Unemployed,NULL,NULL
2690792,2024-04-06,organic,ios,Germany,37,Teacher,NULL,429365
2693439,2024-02-05,social,web,India,37,"Sales Rep",NULL,465838
2693481,2024-12-15,organic,web,"United Kingdom",32,Freelancer,NULL,NULL
2693675,2024-02-03,organic,web,India,51,"Small Business Owner",NULL,NULL
2695625,2024-12-07,affiliate,ios,"United States",36,Consultant,NULL,275203
2696609,2024-07-10,paid_search,web,"United States",20,Freelancer,NULL,141090
2698413,2024-06-08,paid_search,android,Australia,18,Accountant,NULL,771155
2699547,2024-08-23,affiliate,web,India,21,Consultant,NULL,221958
2699660,2023-06-15,paid_search,web,India,50,Nurse,NULL,187498
2702159,2023-10-17,referral,ios,Germany,21,Student,"Partner App",NULL
2702424,2023-09-24,social,android,"United States",33,Student,NULL,378167
2703728,2023-10-14,social,ios,India,52,"Software Engineer",NULL,378167
2705215,2024-12-03,affiliate,android,Australia,33,Freelancer,NULL,887201
2705243,2023-09-21,organic,web,"United States",18,Nurse,NULL,999159
2705692,2024-04-04,affiliate,web,"United Kingdom",24,Student,NULL,832180
2706930,2023-06-29,organic,web,"United States",20,"Small Business Owner",NULL,NULL
2707017,2023-10-21,organic,web,Canada,18,Accountant,NULL,NULL
2707542,2024-01-03,referral,android,Canada,39,Consultant,"Existing Customer",NULL
2707923,2024-11-28,affiliate,android,India,40,Accountant,NULL,275203
2711672,2024-01-03,affiliate,android,Germany,43,Retired,NULL,744167
2712503,2024-10-01,social,web,"United States",49,"Small Business Owner",NULL,378167
2715630,2024-01-12,organic,ios,"United States",26,Nurse,NULL,NULL
2716548,2024-08-21,organic,web,"United Kingdom",35,Student,NULL,NULL
2717355,2024-09-24,paid_search,ios,"United States",42,Consultant,NULL,237337
2717479,2024-07-24,social,web,India,30,Student,NULL,378167
2718224,2024-12-19,referral,web,Philippines,26,Student,"Partner App",NULL
2718303,2024-09-03,paid_search,web,Mexico,21,Retired,NULL,154886
2718562,2023-07-07,organic,ios,"United States",24,Consultant,NULL,999159
2720444,2023-08-13,affiliate,ios,"United States",24,Consultant,NULL,231932
2721610,2023-08-22,referral,android,"United States",37,Consultant,"Community Forum",NULL
2721742,2024-09-23,organic,web,India,47,Nurse,NULL,429365
2722320,2024-03-21,paid_search,ios,"United States",45,Unemployed,NULL,621430
2722907,2024-06-17,organic,ios,"United States",25,"Small Business Owner",NULL,NULL
2723480,2023-03-28,organic,web,"United States",23,Retired,NULL,NULL
2724620,2024-10-12,referral,android,Canada,31,Student,"Community Forum",NULL
2724854,2024-05-15,affiliate,web,"United States",33,"Small Business Owner",NULL,231932
2725049,2024-09-17,paid_search,web,"United States",24,Accountant,NULL,771155
2725690,2023-05-24,affiliate,web,Canada,48,Student,NULL,231932
2726199,2023-07-28,paid_search,web,"United States",41,Teacher,NULL,154886
2726334,2023-10-21,paid_search,web,Philippines,40,"Marketing Manager",NULL,187498
2726676,2023-04-07,paid_search,web,Canada,40,Student,NULL,141090
2726681,2024-04-26,referral,android,"United States",35,Teacher,"Community Forum",NULL
2727408,2023-10-20,social,web,Germany,19,Nurse,NULL,378167
2728096,2024-08-15,organic,android,Canada,34,Unemployed,NULL,429365
2729187,2024-09-21,affiliate,ios,"United Kingdom",18,Student,NULL,744167
2730085,2023-04-19,affiliate,web,India,43,Unemployed,NULL,291335
2730228,2024-04-10,organic,web,"United Kingdom",37,Unemployed,NULL,NULL
2730283,2024-09-03,affiliate,ios,"United States",47,"Marketing Manager",NULL,231932
2731041,2024-08-21,affiliate,web,"United States",23,Student,NULL,221958
2731530,2024-09-27,social,web,Australia,30,"Marketing Manager",NULL,465838
2732141,2023-12-27,paid_search,ios,"United States",26,Unemployed,NULL,237337
2732465,2024-01-25,organic,ios,"United Kingdom",42,Consultant,NULL,NULL
2734428,2023-08-22,organic,web,"United States",37,Consultant,NULL,NULL
2741888,2024-04-27,affiliate,web,"United Kingdom",28,Teacher,NULL,221958
2742166,2024-04-18,organic,web,Brazil,37,"Sales Rep",NULL,NULL
2742955,2023-09-27,organic,ios,"United States",27,Nurse,NULL,NULL
2743227,2023-05-20,organic,web,Canada,37,Freelancer,NULL,429365
2746988,2024-09-28,affiliate,ios,"United States",26,Teacher,NULL,210268
2748014,2023-06-11,organic,web,"United States",52,Nurse,NULL,NULL
2748982,2024-12-20,paid_search,android,Philippines,34,Retired,NULL,237337
2749736,2024-11-21,organic,web,"United Kingdom",44,Teacher,NULL,NULL
2750093,2023-06-28,paid_search,ios,"United States",37,Consultant,NULL,421879
2750740,2023-07-09,organic,android,"United States",29,"Software Engineer",NULL,NULL
2750866,2024-08-08,social,web,Philippines,50,"Marketing Manager",NULL,378167
2751797,2023-10-24,social,android,"United States",18,Student,NULL,465838
2752683,2024-12-21,affiliate,web,Brazil,35,Teacher,NULL,291335
2753313,2023-09-28,organic,web,"United States",40,Consultant,NULL,NULL
2755692,2024-09-30,affiliate,ios,"United States",28,Consultant,NULL,832180
2756124,2024-12-15,social,web,"United States",35,Student,NULL,378167
2760143,2024-06-09,organic,web,Canada,37,Student,NULL,429365
2760399,2024-12-29,paid_search,ios,Philippines,24,Teacher,NULL,359178
2760462,2024-09-24,social,ios,"United States",21,Consultant,NULL,465838
2760511,2023-05-15,organic,ios,Philippines,43,Accountant,NULL,NULL
2761201,2024-06-16,paid_search,web,"United States",18,Nurse,NULL,187498
2761331,2024-04-24,referral,web,Philippines,40,"Small Business Owner","Existing Customer",NULL
2761369,2024-03-30,referral,web,"United Kingdom",31,Unemployed,Employee,NULL
2761856,2024-09-14,referral,ios,Philippines,40,Unemployed,"Existing Customer",NULL
2761987,2024-12-29,social,android,"United States",18,Teacher,NULL,378167
2764688,2024-12-08,paid_search,android,"United States",32,"Marketing Manager",NULL,187498
2764694,2024-05-27,organic,ios,"United States",50,Teacher,NULL,NULL
2765317,2024-06-26,organic,web,"United Kingdom",38,"Marketing Manager",NULL,NULL
2765524,2024-11-17,paid_search,web,Canada,39,Unemployed,NULL,187498
2766299,2024-01-28,organic,web,"United States",37,"Small Business Owner",NULL,NULL
2767413,2023-09-15,paid_search,web,"United States",51,Freelancer,NULL,187498
2768407,2024-11-19,referral,web,Germany,43,Consultant,"Community Forum",NULL
2768693,2024-10-23,paid_search,ios,"United States",50,Retired,NULL,164820
2768967,2024-01-06,organic,web,"United States",20,Teacher,NULL,429365
2769617,2024-11-05,affiliate,web,"United Kingdom",59,"Sales Rep",NULL,275203
2770330,2024-03-19,affiliate,ios,"United States",43,Student,NULL,275203
2770403,2024-09-27,organic,android,India,18,"Small Business Owner",NULL,NULL
2773055,2023-12-09,referral,web,"United Kingdom",43,"Sales Rep","Existing Customer",NULL
2775767,2024-06-03,paid_search,web,Philippines,22,"Small Business Owner",NULL,359178
2776238,2024-06-11,affiliate,ios,Canada,28,"Marketing Manager",NULL,221958
2777850,2024-10-06,organic,web,Brazil,45,Consultant,NULL,NULL
2778244,2024-01-29,social,web,Brazil,34,"Marketing Manager",NULL,465838
2779472,2024-08-30,organic,ios,"United Kingdom",35,Consultant,NULL,999159
2779892,2023-07-21,affiliate,ios,Germany,19,"Small Business Owner",NULL,744167
2780248,2024-07-05,organic,ios,"United States",38,Accountant,NULL,999159
2780752,2024-02-28,affiliate,ios,India,36,Accountant,NULL,231932
2784006,2024-07-11,organic,web,Philippines,51,"Small Business Owner",NULL,NULL
2784094,2024-05-02,social,ios,Philippines,31,"Small Business Owner",NULL,378167
2785559,2023-08-19,organic,ios,India,22,"Small Business Owner",NULL,NULL
2785818,2024-09-15,organic,ios,"United States",38,"Sales Rep",NULL,999159
2786852,2024-08-06,paid_search,android,Canada,44,Student,NULL,164820
2790008,2023-04-17,organic,web,India,45,Student,NULL,999159
2790228,2024-10-23,organic,android,"United States",44,Student,NULL,NULL
2792363,2024-08-03,organic,web,"United States",53,Teacher,NULL,NULL
2794291,2024-12-27,paid_search,android,"United States",44,Teacher,NULL,359178
2796218,2024-02-03,organic,android,Canada,30,"Small Business Owner",NULL,NULL
2796641,2024-11-28,paid_search,ios,"United States",28,"Software Engineer",NULL,771155
2797519,2024-08-09,organic,web,Canada,40,"Software Engineer",NULL,NULL
2798954,2024-10-18,social,android,Canada,32,Student,NULL,378167
2799971,2024-09-16,organic,android,"United States",24,Retired,NULL,NULL
2801951,2024-06-03,social,web,India,32,Teacher,NULL,465838
2802466,2024-04-21,affiliate,web,"United States",27,Freelancer,NULL,275203
2802502,2024-10-29,organic,ios,"United States",19,"Software Engineer",NULL,999159
2804053,2023-12-25,organic,android,"United States",37,"Marketing Manager",NULL,NULL
2804673,2024-12-12,organic,web,"United States",34,Consultant,NULL,NULL
2805468,2024-08-24,paid_search,ios,"United States",35,Freelancer,NULL,164820
2805518,2023-07-11,referral,web,"United States",32,Student,"Community Forum",NULL
2805808,2023-10-21,organic,web,"United States",51,Consultant,NULL,NULL
2806210,2024-09-22,paid_search,android,Mexico,24,Nurse,NULL,237337
2806423,2023-04-28,organic,ios,Canada,20,"Software Engineer",NULL,NULL
2806684,2023-09-09,social,web,"United States",18,Freelancer,NULL,465838
2807254,2024-05-08,organic,android,Philippines,51,Teacher,NULL,NULL
2807402,2024-09-22,organic,web,"United States",18,Unemployed,NULL,NULL
2807737,2024-12-29,organic,web,"United States",41,Student,NULL,NULL
2808516,2023-08-12,organic,android,"United States",32,"Small Business Owner",NULL,NULL
2809858,2024-04-13,affiliate,web,"United Kingdom",31,Accountant,NULL,832180
2811049,2023-03-28,organic,ios,Germany,53,"Sales Rep",NULL,NULL
2812105,2024-09-27,paid_search,ios,"United States",46,"Sales Rep",NULL,237337
2813065,2024-07-03,affiliate,android,"United States",29,Freelancer,NULL,832180
2818352,2023-08-10,social,web,"United States",26,Student,NULL,378167
2820844,2024-10-19,paid_search,ios,Philippines,43,Student,NULL,621430
2820908,2024-12-05,referral,web,"United States",30,Retired,"Partner App",NULL
2821367,2024-07-14,organic,android,Mexico,22,"Small Business Owner",NULL,NULL
2822744,2024-04-13,organic,ios,"United States",38,Consultant,NULL,NULL
2824964,2024-09-13,social,ios,Germany,52,Unemployed,NULL,465838
2825260,2023-12-12,paid_search,ios,Germany,46,"Marketing Manager",NULL,771155
2826525,2024-04-27,social,android,India,41,Accountant,NULL,465838
2826629,2024-04-11,social,ios,"United States",39,Freelancer,NULL,465838
2828022,2023-09-19,referral,android,"United States",37,Consultant,Employee,NULL
2829484,2024-09-03,affiliate,android,"United States",47,"Software Engineer",NULL,210268
2829553,2023-09-07,organic,ios,India,36,"Marketing Manager",NULL,NULL
2830314,2024-01-27,organic,ios,Mexico,59,"Marketing Manager",NULL,NULL
2831094,2024-07-02,affiliate,android,"United Kingdom",24,Freelancer,NULL,221958
2834907,2023-11-01,affiliate,web,"United States",41,Consultant,NULL,887201
2835932,2024-02-16,organic,web,India,40,Teacher,NULL,NULL
2836082,2023-08-22,affiliate,web,"United States",36,Consultant,NULL,275203
2838524,2024-07-17,organic,android,"United States",23,"Sales Rep",NULL,NULL
2839433,2024-07-14,organic,web,"United States",40,Teacher,NULL,NULL
2841646,2024-01-06,organic,android,"United States",47,Teacher,NULL,NULL
2841648,2023-08-12,organic,web,"United States",38,"Marketing Manager",NULL,NULL
2844053,2024-10-31,organic,android,Brazil,47,Freelancer,NULL,NULL
2845700,2023-08-15,referral,web,Germany,57,Accountant,"Existing Customer",NULL
2845733,2023-11-05,affiliate,ios,"United States",18,"Small Business Owner",NULL,210268
2845964,2024-11-09,social,web,"United States",38,"Small Business Owner",NULL,465838
2846357,2023-10-15,organic,android,India,35,Unemployed,NULL,999159
2847199,2024-09-01,affiliate,android,India,36,Student,NULL,291335
2847865,2024-07-23,organic,web,"United States",33,Accountant,NULL,NULL
2849395,2024-08-06,organic,web,India,37,"Marketing Manager",NULL,NULL
2849396,2023-03-21,social,ios,Canada,27,"Software Engineer",NULL,378167
2851317,2024-12-13,paid_search,web,"United States",27,Student,NULL,237337
2854165,2023-09-03,affiliate,ios,"United States",40,Unemployed,NULL,221958
2854971,2024-02-27,affiliate,web,"United States",48,Unemployed,NULL,291335
2855567,2024-05-02,organic,ios,Philippines,45,Teacher,NULL,429365
2855797,2024-11-28,social,ios,Philippines,29,Retired,NULL,378167
2857845,2023-08-19,paid_search,web,Nigeria,39,"Small Business Owner",NULL,154886
2858997,2024-09-22,organic,web,Nigeria,47,Retired,NULL,NULL
2859582,2024-03-18,paid_search,ios,India,36,Nurse,NULL,818315
2860371,2024-10-26,paid_search,ios,Mexico,53,Student,NULL,154886
2861663,2024-03-26,organic,ios,"United States",36,"Marketing Manager",NULL,429365
2862015,2024-01-23,referral,ios,"United States",23,"Marketing Manager",Employee,NULL
2863082,2023-11-09,affiliate,web,"United States",32,Nurse,NULL,210268
2863236,2024-08-29,affiliate,web,"United States",32,Unemployed,NULL,291335
2863907,2024-02-21,social,ios,"United States",26,"Small Business Owner",NULL,378167
2867306,2023-10-03,paid_search,web,"United Kingdom",29,"Sales Rep",NULL,154886
2868670,2024-05-04,referral,web,Brazil,38,Consultant,"Existing Customer",NULL
2871403,2024-11-12,organic,android,"United States",62,"Software Engineer",NULL,NULL
2872154,2024-08-23,paid_search,web,"United States",24,"Marketing Manager",NULL,237337
2873421,2024-08-10,affiliate,ios,"United States",40,Retired,NULL,275203
2876336,2024-12-30,affiliate,android,Mexico,40,"Marketing Manager",NULL,887201
2877145,2024-04-27,organic,ios,Philippines,18,Retired,NULL,429365
2877329,2024-12-03,social,ios,"United Kingdom",41,"Small Business Owner",NULL,378167
2877779,2024-08-24,referral,web,Mexico,30,Nurse,"Existing Customer",NULL
2877971,2024-10-14,paid_search,web,"United States",49,Retired,NULL,187498
2878798,2023-12-03,social,android,Canada,20,Student,NULL,378167
2879490,2024-12-06,paid_search,web,"United States",48,"Software Engineer",NULL,771155
2880164,2024-12-08,social,ios,Germany,22,Accountant,NULL,378167
2881297,2023-04-14,affiliate,ios,"United States",40,Consultant,NULL,887201
2881397,2024-09-04,organic,ios,"United States",33,"Sales Rep",NULL,NULL
2883376,2024-08-22,organic,ios,"United States",49,Accountant,NULL,NULL
2885190,2023-08-31,organic,ios,Australia,18,"Software Engineer",NULL,NULL
2886522,2024-06-17,paid_search,ios,Canada,32,Freelancer,NULL,237337
2886963,2024-11-15,affiliate,web,Canada,40,Retired,NULL,275203
2888806,2024-11-16,affiliate,web,Canada,41,Student,NULL,832180
2894420,2023-09-13,paid_search,web,Australia,22,Student,NULL,164820
2894554,2024-04-16,organic,android,Brazil,29,"Sales Rep",NULL,NULL
2896220,2023-12-28,social,android,"United States",42,Accountant,NULL,465838
2896999,2024-03-17,paid_search,web,Nigeria,48,"Marketing Manager",NULL,141090
2897459,2023-05-10,organic,web,Brazil,33,"Small Business Owner",NULL,NULL
2897501,2024-12-26,social,web,India,27,Accountant,NULL,378167
2897951,2024-05-07,paid_search,android,Mexico,38,"Software Engineer",NULL,771155
2898739,2024-08-12,social,web,"United Kingdom",47,"Sales Rep",NULL,378167
2899054,2023-10-16,referral,ios,Canada,34,Retired,"Partner App",NULL
2899955,2024-02-06,organic,android,"United States",25,Freelancer,NULL,999159
2900302,2023-11-21,referral,ios,"United States",31,"Marketing Manager","Partner App",NULL
2901737,2024-05-03,organic,android,Germany,37,Retired,NULL,NULL
2901740,2024-07-04,organic,web,Mexico,40,"Sales Rep",NULL,NULL
2902871,2024-11-16,paid_search,ios,"United Kingdom",19,Student,NULL,164820
2902897,2024-12-03,affiliate,web,Philippines,40,"Software Engineer",NULL,291335
2903124,2024-08-20,social,ios,Australia,18,Freelancer,NULL,378167
2906039,2023-06-25,organic,ios,India,34,Student,NULL,NULL
2908802,2023-08-14,social,web,"United States",23,"Marketing Manager",NULL,465838
2908911,2024-02-04,paid_search,ios,"United States",27,Consultant,NULL,187498
2910705,2024-04-03,paid_search,web,"United States",37,Freelancer,NULL,421879
2912584,2024-11-17,affiliate,web,Canada,36,"Small Business Owner",NULL,210268
2913980,2024-12-11,affiliate,web,Philippines,22,Student,NULL,887201
2915631,2024-12-30,referral,ios,Germany,42,Teacher,Employee,NULL
2916796,2023-11-26,organic,android,Philippines,35,Accountant,NULL,NULL
2921792,2024-03-27,affiliate,web,"United States",18,Retired,NULL,291335
2922135,2024-05-27,affiliate,web,"United Kingdom",38,"Marketing Manager",NULL,275203
2923298,2023-09-26,paid_search,ios,India,24,Freelancer,NULL,818315
2926252,2024-02-23,paid_search,web,"United Kingdom",42,Accountant,NULL,421879
2927716,2024-02-25,organic,web,Canada,41,"Small Business Owner",NULL,999159
2928356,2024-09-02,organic,ios,"United Kingdom",34,Teacher,NULL,429365
2930440,2023-12-15,referral,ios,"United States",36,Consultant,"Community Forum",NULL
2931375,2023-11-26,organic,ios,"United States",27,Retired,NULL,NULL
2931441,2023-12-10,paid_search,web,Germany,40,"Small Business Owner",NULL,421879
2932303,2024-04-25,social,web,Mexico,40,Student,NULL,465838
2935090,2024-10-04,organic,ios,"United States",27,Freelancer,NULL,NULL
2935740,2024-06-06,referral,android,"United States",26,Teacher,Employee,NULL
2935772,2024-06-05,organic,ios,"United States",43,"Software Engineer",NULL,999159
2936983,2023-11-18,organic,android,"United States",51,Consultant,NULL,429365
2937135,2024-12-24,affiliate,web,"United States",24,Teacher,NULL,832180
2937878,2024-08-21,referral,web,Australia,32,Consultant,Employee,NULL
2940369,2024-02-27,organic,ios,Canada,48,Consultant,NULL,NULL
2940483,2024-05-12,paid_search,ios,"United Kingdom",18,Student,NULL,154886
2942120,2024-06-06,paid_search,ios,"United States",31,Consultant,NULL,818315
2942811,2024-01-01,organic,android,India,30,Unemployed,NULL,NULL
2944606,2024-01-06,social,android,Philippines,44,Retired,NULL,378167
2945537,2024-11-27,paid_search,web,Brazil,23,"Software Engineer",NULL,421879
2946793,2024-01-14,social,web,Brazil,31,"Marketing Manager",NULL,465838
2946830,2024-02-13,social,web,"United States",25,"Small Business Owner",NULL,465838
2947238,2024-11-17,social,ios,"United States",40,Retired,NULL,465838
2947763,2023-10-15,referral,ios,Philippines,32,Consultant,"Community Forum",NULL
2948061,2024-08-03,affiliate,ios,Canada,23,Consultant,NULL,832180
2949902,2024-07-26,affiliate,web,"United States",27,"Marketing Manager",NULL,210268
2950013,2024-11-08,social,ios,Mexico,32,Student,NULL,465838
2950367,2023-05-17,paid_search,ios,"United Kingdom",43,Nurse,NULL,141090
2950408,2024-12-14,paid_search,ios,"United States",37,Accountant,NULL,818315
2953341,2024-12-04,social,android,"United Kingdom",37,Teacher,NULL,378167
2954109,2024-04-22,organic,web,"United States",25,"Software Engineer",NULL,999159
2954702,2024-04-04,organic,ios,Philippines,34,Nurse,NULL,NULL
2955206,2024-12-14,organic,ios,Mexico,33,Teacher,NULL,NULL
2957792,2024-10-24,organic,web,Australia,33,"Small Business Owner",NULL,NULL
2958615,2024-06-28,affiliate,android,Philippines,54,Consultant,NULL,744167
2959484,2023-12-20,paid_search,ios,Mexico,43,Nurse,NULL,141090
2960155,2024-06-28,affiliate,android,Mexico,25,Teacher,NULL,275203
2960220,2024-03-31,affiliate,ios,"United Kingdom",45,Teacher,NULL,832180
2960299,2024-03-16,affiliate,ios,Mexico,46,Consultant,NULL,887201
2960391,2024-12-09,paid_search,android,"United States",19,"Sales Rep",NULL,818315
2960584,2024-07-31,affiliate,web,"United States",39,Student,NULL,221958
2960826,2024-06-14,social,web,"United States",41,Student,NULL,378167
2961977,2024-05-07,referral,web,"United States",38,"Sales Rep","Existing Customer",NULL
2962165,2024-01-21,affiliate,web,Philippines,26,Unemployed,NULL,221958
2962889,2024-04-26,organic,ios,Germany,20,Student,NULL,NULL
2963571,2024-08-07,social,web,"United States",26,Teacher,NULL,465838
2964724,2023-09-14,organic,web,"United States",28,Nurse,NULL,NULL
2965730,2023-11-28,referral,web,Philippines,22,"Small Business Owner",Employee,NULL
2967582,2023-07-20,paid_search,android,"United Kingdom",27,Student,NULL,141090
2968093,2023-08-27,social,android,"United States",63,Nurse,NULL,465838
2968921,2024-04-21,paid_search,ios,Canada,33,Accountant,NULL,237337
2971277,2024-08-16,social,web,"United States",18,Nurse,NULL,378167
2972613,2024-08-16,referral,ios,India,26,"Software Engineer",Employee,NULL
2972871,2023-10-15,paid_search,web,Germany,46,Consultant,NULL,359178
2980290,2024-07-12,affiliate,web,Mexico,31,Retired,NULL,231932
2980407,2024-01-29,affiliate,android,Philippines,18,"Small Business Owner",NULL,887201
2980425,2024-09-09,affiliate,ios,"United States",22,Retired,NULL,231932
2982243,2024-10-17,affiliate,web,"United States",38,Retired,NULL,210268
2983438,2024-11-22,organic,android,Canada,23,Unemployed,NULL,NULL
2983509,2024-04-21,organic,android,Nigeria,20,"Marketing Manager",NULL,NULL
2984117,2024-06-11,referral,web,Australia,38,"Software Engineer","Partner App",NULL
2985196,2024-11-25,organic,android,"United States",37,Unemployed,NULL,429365
2985209,2024-11-17,social,web,"United States",18,Unemployed,NULL,465838
2985404,2024-09-12,organic,android,"United States",23,Teacher,NULL,NULL
2985588,2024-01-18,organic,web,Philippines,19,Teacher,NULL,NULL
2985681,2024-11-30,affiliate,web,India,26,"Sales Rep",NULL,744167
2989173,2024-06-10,organic,ios,"United States",35,Freelancer,NULL,999159
2989968,2024-10-09,organic,web,Mexico,32,"Software Engineer",NULL,NULL
2991367,2024-04-14,organic,web,Philippines,19,Student,NULL,429365
2992825,2023-12-29,organic,web,Philippines,41,"Small Business Owner",NULL,NULL
2992834,2024-03-22,paid_search,android,Germany,28,"Sales Rep",NULL,359178
2995127,2023-10-29,organic,android,Brazil,41,Teacher,NULL,NULL
2995457,2024-10-24,affiliate,web,India,37,Nurse,NULL,291335
2998173,2024-02-18,organic,ios,"United States",26,Nurse,NULL,NULL
2999254,2023-05-24,referral,android,"United States",37,"Software Engineer","Existing Customer",NULL
2999482,2023-10-29,organic,android,"United States",25,Unemployed,NULL,NULL
3000609,2024-10-07,social,ios,"United States",42,Freelancer,NULL,378167
3002324,2024-09-29,paid_search,android,Nigeria,43,Teacher,NULL,359178
3005464,2024-03-12,affiliate,ios,India,28,Teacher,NULL,291335
3007635,2024-03-30,social,web,India,29,"Sales Rep",NULL,465838
3007878,2024-04-29,social,ios,"United States",38,"Sales Rep",NULL,465838
3008187,2024-07-24,referral,ios,Australia,54,Student,Employee,NULL
3008960,2024-08-20,social,ios,India,47,Nurse,NULL,378167
3009021,2023-09-21,paid_search,android,Mexico,50,"Small Business Owner",NULL,164820
3009606,2023-08-30,paid_search,web,Mexico,64,Unemployed,NULL,141090
3013148,2023-02-04,organic,ios,India,35,Freelancer,NULL,NULL
3013338,2024-11-04,organic,ios,Canada,30,"Marketing Manager",NULL,NULL
3014017,2023-11-28,affiliate,web,"United States",55,Retired,NULL,221958
3015074,2024-09-23,paid_search,web,Mexico,48,Nurse,NULL,164820
3017528,2024-01-12,affiliate,web,Australia,44,Unemployed,NULL,744167
3020880,2024-08-16,paid_search,web,"United States",50,Unemployed,NULL,237337
3021835,2024-09-01,paid_search,web,"United States",45,Retired,NULL,187498
3023553,2023-07-26,affiliate,web,"United States",31,Student,NULL,275203
3023615,2024-10-26,organic,web,"United Kingdom",25,Unemployed,NULL,NULL
3026110,2024-02-27,paid_search,ios,"United States",35,"Marketing Manager",NULL,818315
3026182,2024-08-27,referral,ios,Canada,30,Retired,"Partner App",NULL
3026393,2024-10-25,organic,android,"United States",29,Retired,NULL,NULL
3026580,2024-04-09,organic,ios,Australia,21,"Small Business Owner",NULL,999159
3026793,2024-08-23,affiliate,android,Mexico,43,Accountant,NULL,887201
3026819,2024-05-01,paid_search,ios,India,38,"Sales Rep",NULL,164820
3027320,2024-04-09,organic,android,"United States",18,"Software Engineer",NULL,NULL
3029341,2024-12-09,affiliate,web,India,18,Unemployed,NULL,832180
3032656,2024-07-13,organic,web,Canada,28,Nurse,NULL,NULL
3035848,2023-12-02,organic,web,"United Kingdom",29,"Marketing Manager",NULL,NULL
3036721,2023-10-26,social,android,"United States",29,Accountant,NULL,465838
3037398,2024-04-15,affiliate,web,"United States",30,Nurse,NULL,210268
3042823,2024-11-14,paid_search,web,Germany,18,Nurse,NULL,187498
3042999,2024-05-20,affiliate,ios,Canada,18,Teacher,NULL,221958
3045990,2023-12-15,referral,web,Canada,34,"Small Business Owner","Community Forum",NULL
3048880,2024-03-02,social,web,"United States",43,"Marketing Manager",NULL,378167
3049949,2024-03-02,paid_search,web,"United States",37,Student,NULL,771155
3050053,2023-08-15,referral,ios,Brazil,44,Accountant,Employee,NULL
3050241,2024-09-22,social,ios,Canada,38,Unemployed,NULL,378167
3051723,2024-11-28,organic,android,India,61,Teacher,NULL,NULL
3053262,2024-08-03,social,android,Canada,37,Consultant,NULL,465838
3053413,2023-11-20,organic,android,India,40,"Marketing Manager",NULL,429365
3054048,2024-11-30,referral,web,"United States",46,Retired,"Existing Customer",NULL
3054376,2024-11-16,paid_search,ios,"United States",27,Freelancer,NULL,187498
3054780,2024-10-14,paid_search,web,Canada,36,Freelancer,NULL,164820
3055397,2024-03-21,paid_search,android,Germany,38,Student,NULL,237337
3055723,2024-03-06,organic,android,"United Kingdom",46,Nurse,NULL,NULL
3057017,2024-09-24,organic,web,"United States",18,Accountant,NULL,NULL
3057244,2024-10-19,paid_search,ios,Mexico,18,"Marketing Manager",NULL,164820
3057797,2023-09-05,social,web,Canada,43,Nurse,NULL,465838
3058721,2023-08-23,affiliate,android,"United States",32,Accountant,NULL,832180
3059385,2024-05-13,social,android,"United States",30,Consultant,NULL,378167
3061774,2023-09-21,referral,ios,Australia,37,Teacher,"Existing Customer",NULL
3061892,2024-07-18,organic,web,India,29,Retired,NULL,NULL
3062624,2024-12-29,organic,ios,"United States",27,"Software Engineer",NULL,NULL
3071088,2024-06-28,organic,android,Brazil,32,Nurse,NULL,NULL
3072171,2024-11-09,affiliate,ios,India,31,Teacher,NULL,832180
3072723,2024-12-11,social,web,Canada,43,Consultant,NULL,378167
3073290,2024-04-21,affiliate,web,Germany,40,Consultant,NULL,231932
3074242,2024-08-20,organic,web,"United States",32,Retired,NULL,NULL
3074278,2023-11-11,referral,android,"United Kingdom",33,Freelancer,Employee,NULL
3076198,2023-08-21,referral,web,Mexico,48,Nurse,Employee,NULL
3076259,2023-07-26,affiliate,android,Brazil,28,"Sales Rep",NULL,291335
3076475,2024-05-06,referral,android,Canada,32,Unemployed,"Existing Customer",NULL
3077645,2023-10-19,affiliate,ios,Germany,48,Unemployed,NULL,275203
3078808,2024-10-12,affiliate,android,"United Kingdom",28,Nurse,NULL,210268
3078937,2023-08-16,affiliate,ios,"United States",27,Freelancer,NULL,221958
3080154,2024-03-28,paid_search,android,Canada,32,Nurse,NULL,164820
3080563,2024-06-10,organic,web,Mexico,54,Teacher,NULL,429365
3082963,2024-04-25,organic,ios,"United States",26,Accountant,NULL,NULL
3084504,2024-02-16,organic,web,"United States",43,"Marketing Manager",NULL,999159
3085469,2024-07-30,paid_search,ios,India,27,Accountant,NULL,621430
3086172,2024-06-05,social,android,India,18,Student,NULL,465838
3086213,2024-04-09,social,android,Germany,53,Accountant,NULL,465838
3087001,2024-11-20,social,web,"United States",25,Accountant,NULL,378167
3087258,2024-02-24,affiliate,web,"United States",18,Retired,NULL,221958
3088062,2024-12-15,organic,ios,Canada,24,Teacher,NULL,NULL
3088618,2024-03-11,organic,ios,"United States",27,Nurse,NULL,999159
3089319,2024-09-11,organic,web,India,43,Unemployed,NULL,NULL
3089632,2024-09-24,affiliate,web,"United States",25,"Small Business Owner",NULL,275203
3089706,2024-12-20,social,web,"United States",30,"Sales Rep",NULL,378167
3089884,2024-05-06,social,android,"United States",39,Accountant,NULL,378167
3090212,2024-03-15,affiliate,ios,India,43,"Small Business Owner",NULL,231932
3090825,2024-09-09,organic,ios,"United States",48,Unemployed,NULL,NULL
3091013,2023-11-28,organic,ios,"United States",22,Student,NULL,NULL
3091028,2024-12-19,organic,web,"United States",31,Freelancer,NULL,NULL
3091219,2024-12-19,social,web,"United States",41,Nurse,NULL,465838
3092101,2023-10-07,organic,web,Philippines,36,"Marketing Manager",NULL,NULL
3095637,2024-03-06,paid_search,ios,India,31,Teacher,NULL,359178
3096419,2023-10-10,social,android,"United States",26,"Marketing Manager",NULL,465838
3097711,2024-03-11,affiliate,android,Canada,36,Student,NULL,832180
3098729,2024-10-18,social,ios,Brazil,39,"Small Business Owner",NULL,465838
3100021,2024-07-07,affiliate,ios,"United States",41,"Sales Rep",NULL,275203
3100326,2024-11-19,organic,android,"United States",38,"Sales Rep",NULL,429365
3104417,2023-12-23,affiliate,web,"United States",49,Unemployed,NULL,744167
3108542,2024-09-29,social,ios,"United States",18,Nurse,NULL,465838
3112368,2024-08-31,affiliate,web,"United States",26,"Small Business Owner",NULL,210268
3113048,2023-06-09,social,android,"United States",35,"Marketing Manager",NULL,378167
3113687,2024-10-25,organic,android,Nigeria,41,Nurse,NULL,NULL
3114792,2023-07-25,affiliate,android,"United Kingdom",31,Freelancer,NULL,744167
3115226,2024-12-19,organic,android,Mexico,44,Unemployed,NULL,NULL
3118219,2023-04-15,social,web,"United States",34,Student,NULL,465838
3118324,2023-07-09,organic,web,"United States",43,"Small Business Owner",NULL,429365
3118433,2024-12-29,organic,android,Brazil,41,Retired,NULL,NULL
3118736,2024-11-06,organic,web,"United States",29,"Software Engineer",NULL,NULL
3120539,2024-11-25,paid_search,ios,Australia,27,"Software Engineer",NULL,141090
3120677,2024-03-03,social,ios,"United States",40,Accountant,NULL,465838
3120711,2023-12-27,organic,web,"United States",31,Student,NULL,NULL
3122827,2024-09-14,referral,web,"United Kingdom",57,"Sales Rep",Employee,NULL
3126028,2024-08-12,paid_search,android,"United States",18,Student,NULL,187498
3126453,2023-06-28,organic,web,India,26,Retired,NULL,NULL
3126861,2024-06-16,paid_search,ios,Philippines,40,Nurse,NULL,818315
3127599,2024-07-25,affiliate,ios,Nigeria,46,Unemployed,NULL,832180
3129885,2023-07-27,organic,ios,"United States",26,"Small Business Owner",NULL,NULL
3130118,2024-07-31,affiliate,ios,"United States",27,Retired,NULL,275203
3131018,2023-06-29,referral,web,Nigeria,30,Accountant,"Existing Customer",NULL
3135896,2024-08-25,paid_search,ios,Canada,35,"Software Engineer",NULL,771155
3138421,2024-11-17,organic,ios,"United States",47,Retired,NULL,NULL
3141912,2024-01-17,social,web,Canada,41,Teacher,NULL,465838
3144608,2024-10-20,affiliate,android,India,35,"Software Engineer",NULL,291335
3145977,2024-01-16,affiliate,web,Brazil,38,Unemployed,NULL,887201
3148091,2024-11-29,organic,ios,"United Kingdom",21,"Sales Rep",NULL,NULL
3148185,2023-02-26,organic,web,"United States",46,Accountant,NULL,NULL
3148815,2024-04-02,paid_search,ios,"United States",43,Freelancer,NULL,421879
3148983,2024-08-19,referral,android,Nigeria,56,"Software Engineer","Existing Customer",NULL
3150205,2023-09-12,organic,android,India,51,Consultant,NULL,NULL
3153548,2024-07-20,organic,web,Canada,41,Unemployed,NULL,429365
3154327,2023-09-10,social,ios,"United States",27,Teacher,NULL,378167
3154828,2024-07-18,organic,ios,Brazil,18,"Software Engineer",NULL,NULL
3155748,2024-08-30,paid_search,android,Germany,34,Freelancer,NULL,359178
3157098,2024-07-04,organic,ios,Brazil,30,"Sales Rep",NULL,429365
3157280,2023-05-09,paid_search,ios,"United States",54,"Marketing Manager",NULL,771155
3158344,2023-11-16,paid_search,ios,"United States",45,Freelancer,NULL,141090
3158714,2024-04-16,social,android,"United States",30,Nurse,NULL,465838
3161088,2023-06-30,organic,web,Germany,29,"Software Engineer",NULL,NULL
3162766,2024-11-22,paid_search,android,Brazil,55,Nurse,NULL,818315
3163843,2024-08-23,paid_search,ios,"United Kingdom",18,Student,NULL,187498
3164367,2024-12-13,paid_search,web,"United States",19,"Sales Rep",NULL,154886
3164412,2024-12-02,organic,web,"United Kingdom",36,Nurse,NULL,NULL
3164563,2024-05-26,affiliate,android,Germany,25,Nurse,NULL,231932
3165251,2023-09-10,organic,android,"United States",31,Student,NULL,NULL
3166354,2024-07-07,affiliate,web,India,39,Accountant,NULL,221958
3166503,2024-03-15,paid_search,ios,Nigeria,41,Retired,NULL,164820
3167354,2024-12-10,organic,ios,Mexico,38,Student,NULL,NULL
3167626,2023-12-11,affiliate,web,"United States",31,Teacher,NULL,887201
3173513,2024-12-28,paid_search,web,"United States",34,Student,NULL,141090
3176512,2024-01-27,affiliate,ios,"United States",32,"Small Business Owner",NULL,275203
3179441,2024-11-04,organic,ios,"United States",25,Teacher,NULL,NULL
3180019,2024-11-26,paid_search,android,"United States",28,Student,NULL,237337
3180139,2024-03-14,affiliate,web,Canada,32,"Software Engineer",NULL,744167
3181906,2023-06-27,organic,ios,"United States",35,Nurse,NULL,NULL
3182926,2024-12-07,affiliate,android,"United States",32,"Marketing Manager",NULL,275203
3183448,2024-10-07,organic,android,"United States",20,Nurse,NULL,429365
3183525,2024-01-25,social,android,Nigeria,32,Student,NULL,465838
3183955,2023-03-10,paid_search,ios,Canada,42,Unemployed,NULL,154886
3185028,2024-12-13,referral,android,Mexico,32,Teacher,"Existing Customer",NULL
3185132,2024-06-06,organic,ios,Canada,46,Teacher,NULL,NULL
3185454,2024-02-13,organic,web,India,44,Nurse,NULL,NULL
3186268,2024-03-14,organic,web,"United States",18,Accountant,NULL,NULL
3188077,2024-06-01,organic,web,India,22,Unemployed,NULL,NULL
3188370,2023-11-02,organic,web,"United States",31,"Sales Rep",NULL,NULL
3189063,2024-04-12,organic,web,Brazil,42,Nurse,NULL,NULL
3189568,2024-01-25,social,ios,"United Kingdom",37,"Marketing Manager",NULL,378167
3189921,2023-06-10,affiliate,web,"United States",18,Student,NULL,210268
3190222,2024-09-03,affiliate,web,Canada,18,Freelancer,NULL,291335
3192271,2024-06-21,paid_search,web,"United States",20,Student,NULL,359178
3192614,2024-03-30,organic,ios,"United States",32,Accountant,NULL,NULL
3192848,2024-08-06,affiliate,web,India,37,"Marketing Manager",NULL,291335
3195690,2024-08-02,affiliate,web,Germany,38,Retired,NULL,887201
3196274,2023-12-28,referral,web,Mexico,50,"Small Business Owner","Partner App",NULL
3196916,2024-02-01,organic,android,"United States",38,Consultant,NULL,NULL
3199318,2024-06-08,paid_search,ios,Philippines,36,Retired,NULL,771155
3201580,2024-04-07,organic,android,"United States",23,Retired,NULL,999159
3202575,2023-02-24,paid_search,ios,"United States",29,Teacher,NULL,771155
3202888,2023-12-25,organic,ios,"United States",50,Nurse,NULL,NULL
3203531,2024-12-13,affiliate,ios,India,37,"Sales Rep",NULL,291335
3204664,2024-07-07,affiliate,android,Germany,25,Consultant,NULL,231932
3208977,2024-07-04,organic,ios,Canada,37,"Software Engineer",NULL,NULL
3210186,2024-12-07,social,ios,"United States",37,"Sales Rep",NULL,465838
3210846,2023-08-16,paid_search,ios,"United States",40,"Small Business Owner",NULL,621430
3211130,2024-11-13,affiliate,ios,"United States",31,Teacher,NULL,291335
3211738,2024-11-01,affiliate,ios,"United States",18,"Sales Rep",NULL,221958
3212292,2024-12-27,paid_search,ios,"United Kingdom",38,Unemployed,NULL,621430
3213573,2024-06-13,organic,ios,Philippines,35,Consultant,NULL,NULL
3214178,2024-08-29,referral,android,"United States",55,"Sales Rep",Employee,NULL
3214669,2023-08-04,organic,web,"United Kingdom",31,Freelancer,NULL,NULL
3214826,2024-02-02,paid_search,android,"United States",34,"Sales Rep",NULL,421879
3214979,2024-05-25,social,android,Canada,31,Accountant,NULL,378167
3215167,2024-08-02,affiliate,web,"United States",35,"Marketing Manager",NULL,887201
3217181,2023-09-25,affiliate,web,"United States",47,Unemployed,NULL,221958
3218222,2024-03-26,affiliate,ios,Mexico,19,Teacher,NULL,291335
3222494,2024-10-01,paid_search,web,"United States",47,Consultant,NULL,164820
3225300,2023-07-22,social,android,Australia,38,Nurse,NULL,378167
3226217,2024-07-28,social,ios,"United States",32,Teacher,NULL,465838
3226941,2024-09-05,affiliate,web,Canada,28,Accountant,NULL,291335
3227039,2024-10-13,organic,web,"United States",25,Accountant,NULL,NULL
3227503,2024-08-21,paid_search,android,"United States",38,Student,NULL,818315
3229180,2024-10-24,organic,ios,"United States",18,"Software Engineer",NULL,NULL
3230653,2024-09-19,social,web,India,42,"Sales Rep",NULL,465838
3233414,2023-01-24,organic,android,India,18,"Marketing Manager",NULL,NULL
3233706,2024-03-03,referral,web,"United States",40,Unemployed,"Partner App",NULL
3234805,2024-06-06,referral,android,"United States",27,"Marketing Manager","Existing Customer",NULL
3234967,2024-07-14,paid_search,web,"United Kingdom",34,Unemployed,NULL,621430
3235000,2024-08-19,organic,web,Brazil,61,Nurse,NULL,NULL
3235883,2024-12-01,organic,web,"United Kingdom",50,"Small Business Owner",NULL,429365
3237699,2024-11-28,affiliate,ios,"United States",43,"Sales Rep",NULL,887201
3238057,2024-09-10,affiliate,web,"United States",30,Consultant,NULL,291335
3238154,2024-07-22,affiliate,android,Australia,27,Retired,NULL,291335
3241105,2024-08-13,paid_search,ios,"United States",28,Accountant,NULL,187498
3242365,2024-08-20,organic,web,"United States",39,Nurse,NULL,NULL
3244702,2023-08-14,organic,ios,Australia,24,"Small Business Owner",NULL,NULL
3245131,2024-11-11,affiliate,android,Germany,54,"Marketing Manager",NULL,221958
3245909,2023-12-24,organic,web,"United States",18,Freelancer,NULL,NULL
3247680,2024-10-27,organic,android,Brazil,33,Retired,NULL,NULL
3248988,2024-01-01,paid_search,android,"United Kingdom",35,Unemployed,NULL,154886
3249476,2023-09-18,organic,android,India,60,Student,NULL,NULL
3250397,2024-05-25,organic,ios,Canada,25,"Marketing Manager",NULL,NULL
3251743,2024-09-09,organic,android,Nigeria,45,Student,NULL,NULL
3252641,2024-12-14,social,web,"United States",18,Nurse,NULL,378167
3253722,2024-08-25,paid_search,ios,"United States",41,Student,NULL,421879
3255363,2024-01-24,social,android,Germany,28,"Sales Rep",NULL,465838
3255913,2024-05-09,organic,web,"United States",42,Student,NULL,NULL
3256356,2024-06-01,organic,web,Germany,31,Freelancer,NULL,NULL
3260791,2024-08-16,affiliate,android,India,18,"Small Business Owner",NULL,221958
3263429,2023-11-28,paid_search,web,Germany,31,Accountant,NULL,421879
3263557,2023-05-08,organic,web,"United States",44,Student,NULL,NULL
3264719,2024-11-29,organic,android,Brazil,24,Freelancer,NULL,NULL
3266598,2024-01-26,affiliate,ios,"United States",38,Student,NULL,231932
3267357,2023-05-25,referral,android,"United States",43,"Sales Rep",Employee,NULL
3268693,2024-03-22,organic,ios,Germany,35,Consultant,NULL,NULL
3269042,2023-03-25,social,android,"United States",24,Consultant,NULL,465838
3269070,2023-12-26,organic,ios,"United States",25,Retired,NULL,NULL
3269409,2024-03-29,paid_search,web,"United States",42,Nurse,NULL,154886
3269798,2024-03-20,affiliate,ios,"United States",51,Student,NULL,744167
3274316,2023-11-22,affiliate,ios,"United States",27,Student,NULL,832180
3275598,2023-06-29,organic,web,"United States",34,Student,NULL,999159
3276106,2023-10-16,paid_search,web,Canada,23,Consultant,NULL,154886
3276360,2024-03-31,organic,ios,"United States",35,Retired,NULL,NULL
3276787,2024-12-11,organic,ios,Australia,18,Retired,NULL,NULL
3281696,2023-08-06,social,ios,"United States",36,Unemployed,NULL,465838
3282373,2024-10-15,social,android,"United States",41,Student,NULL,465838
3284798,2023-04-11,organic,ios,Canada,51,"Marketing Manager",NULL,NULL
3285362,2024-09-03,referral,ios,"United States",29,Nurse,"Community Forum",NULL
3286319,2023-10-14,organic,ios,Philippines,34,"Software Engineer",NULL,NULL
3288013,2024-09-06,organic,web,Mexico,33,"Marketing Manager",NULL,NULL
3288627,2024-09-02,social,web,"United States",22,Freelancer,NULL,465838
3293673,2024-09-06,affiliate,web,Mexico,69,Student,NULL,291335
3297905,2024-10-19,organic,android,"United Kingdom",18,Consultant,NULL,NULL
3298756,2024-07-19,organic,ios,"United Kingdom",37,"Marketing Manager",NULL,NULL
3300612,2024-08-27,organic,android,Australia,43,"Small Business Owner",NULL,429365
3302743,2023-11-12,organic,android,India,40,Accountant,NULL,NULL
3303554,2024-10-16,affiliate,web,India,41,"Small Business Owner",NULL,832180
3303707,2024-10-21,organic,android,Nigeria,32,"Software Engineer",NULL,NULL
3304310,2024-11-21,paid_search,web,"United States",34,"Software Engineer",NULL,621430
3305433,2024-03-04,organic,web,Canada,19,Teacher,NULL,NULL
3306569,2024-04-29,affiliate,web,India,31,Nurse,NULL,210268
3307539,2024-09-27,paid_search,android,"United States",28,Student,NULL,141090
3309231,2024-11-05,social,web,"United States",41,Retired,NULL,465838
3317336,2024-04-26,affiliate,web,India,44,Unemployed,NULL,744167
3318292,2024-08-18,paid_search,android,"United States",35,"Software Engineer",NULL,237337
3318620,2024-11-26,paid_search,ios,"United Kingdom",36,"Marketing Manager",NULL,421879
3319049,2024-01-30,organic,ios,India,39,"Software Engineer",NULL,NULL
3319124,2024-04-21,paid_search,web,Mexico,34,Retired,NULL,771155
3320484,2024-11-18,paid_search,ios,Mexico,20,Accountant,NULL,164820
3320688,2024-01-12,organic,web,Germany,42,Student,NULL,NULL
3320715,2023-08-22,organic,web,Canada,21,Nurse,NULL,NULL
3322466,2024-01-31,paid_search,ios,Philippines,31,Freelancer,NULL,164820
3322523,2023-07-09,paid_search,ios,"United States",44,"Software Engineer",NULL,421879
3323176,2024-01-30,organic,ios,"United States",29,"Sales Rep",NULL,NULL
3325452,2023-08-22,organic,web,Nigeria,18,Teacher,NULL,NULL
3326133,2024-09-25,affiliate,web,"United States",38,Teacher,NULL,832180
3326168,2023-06-26,affiliate,web,Australia,30,Unemployed,NULL,210268
3326344,2024-12-20,paid_search,web,Canada,31,Unemployed,NULL,771155
3326729,2023-11-01,paid_search,android,Germany,45,Student,NULL,771155
3327089,2024-12-17,paid_search,web,Philippines,18,"Sales Rep",NULL,771155
3328033,2024-03-03,social,ios,"United States",49,Retired,NULL,465838
3328476,2024-01-03,paid_search,web,India,34,"Small Business Owner",NULL,154886
3331348,2024-12-11,paid_search,ios,Canada,18,"Marketing Manager",NULL,621430
3331774,2024-07-09,social,ios,Australia,24,Student,NULL,378167
3332127,2024-02-01,organic,ios,"United States",27,Nurse,NULL,NULL
3332214,2024-07-26,organic,web,Philippines,29,Teacher,NULL,NULL
3332517,2024-10-21,paid_search,web,Canada,34,Unemployed,NULL,154886
3333647,2024-10-10,organic,android,Australia,26,Student,NULL,NULL
3333679,2023-05-15,social,web,Brazil,36,Consultant,NULL,465838
3336798,2024-01-28,paid_search,ios,India,30,Freelancer,NULL,421879
3336806,2023-12-20,organic,android,"United States",39,Accountant,NULL,NULL
3337180,2024-03-09,social,android,"United States",53,"Marketing Manager",NULL,465838
3338377,2024-12-10,referral,web,"United States",18,Retired,Employee,NULL
3339767,2024-10-29,social,web,"United States",37,Accountant,NULL,465838
3341102,2023-09-02,paid_search,android,"United States",21,Consultant,NULL,359178
3342035,2024-09-01,organic,ios,Australia,18,Retired,NULL,429365
3342094,2024-10-30,affiliate,ios,"United States",32,"Small Business Owner",NULL,231932
3343136,2024-02-19,referral,web,Brazil,28,Unemployed,"Community Forum",NULL
3343145,2024-06-30,paid_search,ios,Brazil,35,"Small Business Owner",NULL,621430
3345704,2024-10-05,social,android,India,65,Accountant,NULL,465838
3348818,2023-12-07,organic,android,Canada,37,Unemployed,NULL,NULL
3350716,2024-07-29,organic,android,"United States",46,Retired,NULL,NULL
3350876,2023-11-28,referral,web,Philippines,21,Retired,"Community Forum",NULL
3350959,2024-04-24,paid_search,web,Germany,32,Teacher,NULL,621430
3353847,2024-09-09,paid_search,ios,Mexico,24,Unemployed,NULL,421879
3357821,2024-10-05,social,android,Canada,26,Accountant,NULL,378167
3358730,2024-08-06,social,web,"United States",37,"Sales Rep",NULL,465838
3360901,2023-11-21,social,web,"United States",29,Accountant,NULL,378167
3361216,2024-03-18,organic,android,"United States",45,Retired,NULL,NULL
3361331,2024-11-30,paid_search,ios,"United States",27,Freelancer,NULL,164820
3362854,2024-04-08,social,web,Philippines,19,"Sales Rep",NULL,465838
3363162,2024-09-03,affiliate,ios,"United States",49,Teacher,NULL,291335
3363999,2023-09-24,referral,web,"United Kingdom",32,Consultant,"Community Forum",NULL
3364825,2024-01-24,social,web,Philippines,35,Teacher,NULL,378167
3364840,2023-10-10,affiliate,android,Canada,41,Student,NULL,887201
3365885,2024-10-02,paid_search,web,"United States",38,Freelancer,NULL,421879
3366610,2024-10-06,paid_search,android,"United States",36,Retired,NULL,359178
3367322,2024-08-10,affiliate,android,Canada,43,Unemployed,NULL,275203
3367555,2023-10-04,organic,android,"United States",25,Student,NULL,NULL
3367713,2024-09-22,paid_search,web,India,35,Nurse,NULL,359178
3367893,2024-05-22,paid_search,ios,Brazil,52,Accountant,NULL,187498
3373139,2023-07-07,social,android,"United States",30,"Small Business Owner",NULL,378167
3374151,2024-05-05,social,ios,Canada,36,Nurse,NULL,378167
3374494,2023-11-09,affiliate,web,"United States",22,Retired,NULL,231932
3375100,2024-02-10,affiliate,ios,Mexico,37,Student,NULL,832180
3377935,2024-09-17,organic,ios,India,51,Consultant,NULL,NULL
3378837,2023-10-16,paid_search,web,"United States",26,Consultant,NULL,237337
3378907,2023-10-22,affiliate,ios,"United States",23,Retired,NULL,832180
3379093,2024-03-11,social,android,"United Kingdom",43,"Sales Rep",NULL,465838
3379897,2024-06-02,paid_search,ios,"United States",38,"Software Engineer",NULL,237337
3380612,2024-03-25,paid_search,web,"United Kingdom",27,Retired,NULL,187498
3380932,2023-02-04,paid_search,ios,India,33,"Sales Rep",NULL,359178
3381486,2023-08-13,affiliate,web,"United States",32,Student,NULL,231932
3382357,2024-06-12,social,ios,"United States",31,Teacher,NULL,378167
3382865,2024-08-04,referral,web,"United States",38,Accountant,"Existing Customer",NULL
3382962,2024-06-30,social,ios,"United States",40,Unemployed,NULL,465838
3383366,2024-05-06,social,ios,Brazil,41,"Sales Rep",NULL,465838
3386149,2024-01-04,organic,web,Mexico,48,Teacher,NULL,NULL
3386488,2023-11-24,organic,ios,Canada,31,Consultant,NULL,NULL
3386537,2024-09-11,affiliate,web,"United States",23,Retired,NULL,231932
3387312,2024-03-01,organic,web,"United Kingdom",41,Consultant,NULL,NULL
3389383,2024-12-04,organic,ios,India,23,Consultant,NULL,NULL
3389911,2024-04-12,referral,web,Germany,27,Freelancer,"Existing Customer",NULL
3392735,2024-09-02,organic,ios,Nigeria,43,Retired,NULL,NULL
3392919,2024-02-16,referral,web,"United Kingdom",52,Freelancer,"Existing Customer",NULL
3394820,2024-12-18,paid_search,ios,"United States",44,Teacher,NULL,621430
3396640,2024-09-06,organic,ios,Canada,30,"Small Business Owner",NULL,NULL
3396716,2024-02-11,referral,ios,"United States",30,Retired,"Partner App",NULL
3398083,2024-07-27,paid_search,web,Australia,35,"Software Engineer",NULL,359178
3402110,2024-07-25,organic,ios,India,44,Freelancer,NULL,NULL
3402114,2024-07-04,organic,web,Australia,42,Unemployed,NULL,NULL
3408630,2024-12-07,organic,ios,Germany,51,Consultant,NULL,NULL
3409381,2024-12-14,organic,android,"United States",42,Consultant,NULL,NULL
3409409,2023-11-16,organic,web,"United States",47,Consultant,NULL,NULL
3412149,2024-07-04,affiliate,ios,India,45,"Marketing Manager",NULL,832180
3414165,2024-10-29,paid_search,ios,Canada,20,Student,NULL,187498
3414802,2024-03-14,social,android,"United States",33,Accountant,NULL,465838
3416738,2024-07-10,paid_search,ios,Canada,34,Nurse,NULL,237337
3416826,2024-11-29,affiliate,ios,India,39,Consultant,NULL,221958
3417209,2024-10-15,affiliate,ios,Brazil,38,"Marketing Manager",NULL,275203
3418853,2024-09-04,referral,web,"United States",48,"Marketing Manager","Partner App",NULL
3420564,2024-06-29,social,ios,Germany,31,"Small Business Owner",NULL,465838
3421961,2024-10-01,paid_search,ios,"United States",39,Student,NULL,141090
3422952,2024-09-22,organic,web,Philippines,18,Unemployed,NULL,NULL
3426062,2024-11-03,social,android,Mexico,39,Consultant,NULL,378167
3426105,2024-10-22,paid_search,web,"United States",34,Accountant,NULL,621430
3426277,2024-07-20,paid_search,web,Australia,28,"Marketing Manager",NULL,621430
3427540,2024-06-20,paid_search,web,Canada,38,Accountant,NULL,164820
3427667,2024-05-31,social,web,India,42,Teacher,NULL,378167
3428081,2024-12-24,social,ios,Mexico,32,Consultant,NULL,465838
3429151,2024-01-22,social,ios,India,18,Student,NULL,465838
3429488,2024-08-02,social,android,Brazil,20,Unemployed,NULL,465838
3429700,2024-03-14,paid_search,ios,"United States",29,Nurse,NULL,141090
3430525,2024-02-26,social,ios,"United States",39,Teacher,NULL,378167
3430630,2023-12-26,paid_search,android,Philippines,59,Freelancer,NULL,421879
3430992,2024-02-29,affiliate,ios,Germany,58,Consultant,NULL,291335
3431129,2024-10-14,paid_search,ios,India,26,Nurse,NULL,154886
3432593,2024-10-22,paid_search,web,Philippines,37,"Small Business Owner",NULL,187498
3433351,2024-06-26,affiliate,ios,"United States",48,Student,NULL,291335
3434138,2024-04-19,organic,android,Australia,30,Nurse,NULL,NULL
3436831,2024-03-20,referral,web,India,30,Student,"Community Forum",NULL
3437587,2023-06-03,social,web,Germany,39,"Sales Rep",NULL,465838
3438064,2024-10-27,organic,ios,"United States",33,Accountant,NULL,NULL
3438710,2024-04-17,affiliate,ios,"United States",36,Consultant,NULL,887201
3442266,2024-08-18,affiliate,web,"United States",45,Freelancer,NULL,832180
3444026,2024-08-04,paid_search,android,Canada,44,"Small Business Owner",NULL,771155
3444149,2024-05-08,paid_search,web,"United Kingdom",43,Consultant,NULL,154886
3444291,2024-12-23,paid_search,android,Mexico,18,Nurse,NULL,164820
3444913,2024-08-10,affiliate,android,Australia,18,Retired,NULL,291335
3445840,2024-01-11,social,web,Germany,29,Teacher,NULL,465838
3453752,2023-12-16,organic,android,Philippines,36,"Software Engineer",NULL,NULL
3455918,2024-05-21,organic,ios,India,29,Retired,NULL,NULL
3456070,2024-02-08,social,ios,Australia,26,Student,NULL,465838
3457184,2024-06-11,referral,android,"United States",41,Unemployed,"Community Forum",NULL
3457856,2024-07-24,organic,android,"United States",36,Unemployed,NULL,NULL
3459507,2023-02-18,paid_search,ios,"United States",30,Teacher,NULL,164820
3459622,2024-12-01,affiliate,web,Australia,44,Consultant,NULL,744167
3464722,2024-11-17,referral,ios,India,18,"Sales Rep","Existing Customer",NULL
3465596,2023-11-29,referral,web,Canada,24,Consultant,"Community Forum",NULL
3465849,2024-05-13,paid_search,web,"United States",37,Student,NULL,141090
3466511,2024-03-17,referral,ios,"United States",18,Unemployed,Employee,NULL
3468665,2024-12-19,affiliate,android,"United Kingdom",47,"Sales Rep",NULL,291335
3469606,2024-07-03,organic,ios,"United Kingdom",24,"Sales Rep",NULL,NULL
3469930,2024-02-16,paid_search,web,Mexico,29,Retired,NULL,164820
3469970,2024-04-12,social,android,"United States",38,Unemployed,NULL,378167
3470562,2023-11-15,paid_search,ios,India,36,Accountant,NULL,359178
3470856,2024-01-24,organic,android,India,42,"Sales Rep",NULL,999159
3471146,2023-11-19,social,android,"United States",44,Accountant,NULL,378167
3471321,2024-02-26,affiliate,web,"United Kingdom",38,Consultant,NULL,231932
3471378,2024-01-13,organic,android,"United States",25,"Software Engineer",NULL,NULL
3472189,2024-12-08,affiliate,ios,Canada,35,"Marketing Manager",NULL,221958
3473055,2024-12-27,affiliate,ios,Mexico,40,Student,NULL,744167
3473199,2023-07-02,organic,web,Brazil,26,"Marketing Manager",NULL,NULL
3474370,2024-11-28,paid_search,ios,"United States",50,"Marketing Manager",NULL,237337
3474968,2023-11-26,social,web,"United States",29,Teacher,NULL,465838
3480017,2023-12-01,paid_search,android,"United States",42,"Sales Rep",NULL,164820
3482266,2024-03-28,paid_search,android,"United States",33,Teacher,NULL,237337
3484413,2024-05-06,organic,web,Nigeria,18,Unemployed,NULL,NULL
3485178,2024-06-08,paid_search,web,"United States",22,Retired,NULL,164820
3485670,2024-06-22,organic,android,Nigeria,43,"Marketing Manager",NULL,NULL
3487111,2023-07-18,paid_search,web,"United States",28,Consultant,NULL,237337
3488144,2024-09-02,paid_search,ios,Brazil,42,"Software Engineer",NULL,154886
3490272,2024-04-10,organic,android,India,42,"Software Engineer",NULL,NULL
3490706,2024-04-27,organic,web,Canada,34,"Software Engineer",NULL,NULL
3491721,2024-04-07,referral,ios,Brazil,31,Teacher,"Partner App",NULL
3493330,2024-11-19,organic,android,"United States",18,Teacher,NULL,999159
3496081,2023-07-29,affiliate,android,"United Kingdom",38,"Marketing Manager",NULL,231932
3496589,2024-10-08,referral,web,"United Kingdom",36,Freelancer,Employee,NULL
3497934,2023-04-05,organic,android,"United States",45,Student,NULL,NULL
3500120,2024-11-06,affiliate,android,Mexico,48,Student,NULL,832180
3503771,2024-11-10,social,ios,"United States",40,Freelancer,NULL,378167
3504594,2024-08-01,social,web,Brazil,55,Unemployed,NULL,465838
3505365,2024-12-01,affiliate,web,India,41,"Sales Rep",NULL,210268
3505700,2024-09-08,organic,android,"United States",18,Accountant,NULL,NULL
3506068,2023-11-02,organic,android,Philippines,35,Nurse,NULL,NULL
3507720,2023-07-15,affiliate,ios,"United Kingdom",18,Teacher,NULL,231932
3507743,2024-06-16,paid_search,android,India,42,Consultant,NULL,164820
3508164,2024-06-12,social,android,Brazil,21,Retired,NULL,465838
3508749,2024-08-31,organic,ios,"United Kingdom",49,Retired,NULL,NULL
3508963,2024-12-10,paid_search,web,"United States",18,Nurse,NULL,237337
3510963,2024-05-19,social,android,Nigeria,43,"Marketing Manager",NULL,465838
3511019,2023-07-31,organic,web,Canada,23,Student,NULL,NULL
3511902,2023-08-12,affiliate,web,India,24,Consultant,NULL,221958
3513024,2023-09-21,organic,ios,Brazil,47,"Sales Rep",NULL,NULL
3513595,2024-09-02,affiliate,android,"United States",45,Teacher,NULL,275203
3514368,2024-11-23,affiliate,android,Philippines,32,"Marketing Manager",NULL,275203
3514399,2024-12-14,social,ios,Nigeria,40,"Small Business Owner",NULL,378167
3514719,2024-01-28,referral,ios,"United States",21,Consultant,"Partner App",NULL
3515419,2024-11-02,social,web,Australia,49,"Sales Rep",NULL,378167
3518638,2023-10-03,paid_search,web,India,47,"Sales Rep",NULL,771155
3518929,2024-03-05,affiliate,android,Mexico,48,Unemployed,NULL,887201
3518970,2024-01-18,organic,ios,"United Kingdom",31,Student,NULL,NULL
3519507,2024-05-14,paid_search,web,"United States",36,"Software Engineer",NULL,154886
3521279,2024-07-04,paid_search,web,"United States",24,Retired,NULL,141090
3522620,2024-11-19,organic,ios,"United States",18,Unemployed,NULL,NULL
3526297,2023-10-23,affiliate,ios,Australia,39,Freelancer,NULL,887201
3526954,2024-07-23,organic,ios,"United States",28,"Marketing Manager",NULL,NULL
3531196,2024-04-23,organic,web,Mexico,33,"Marketing Manager",NULL,NULL
3531528,2024-08-14,organic,web,"United States",44,Nurse,NULL,NULL
3534937,2023-08-23,affiliate,ios,Mexico,18,Student,NULL,744167
3535232,2024-03-31,paid_search,web,"United Kingdom",21,"Small Business Owner",NULL,187498
3535394,2024-06-03,organic,android,"United States",44,"Sales Rep",NULL,NULL
3536047,2024-10-15,organic,android,"United States",26,Student,NULL,NULL
3538143,2024-07-09,organic,ios,"United States",24,Retired,NULL,NULL
3538568,2024-03-14,affiliate,web,"United States",28,"Sales Rep",NULL,210268
3539448,2024-12-04,organic,web,India,31,"Small Business Owner",NULL,429365
3542637,2024-05-05,paid_search,web,Canada,22,Freelancer,NULL,187498
3547500,2024-11-06,affiliate,android,India,35,Consultant,NULL,887201
3548421,2023-11-05,affiliate,web,"United States",33,Student,NULL,291335
3548600,2024-12-09,organic,android,"United States",18,Consultant,NULL,NULL
3550552,2024-06-07,organic,ios,Mexico,32,Student,NULL,999159
3551331,2024-11-28,paid_search,web,Mexico,27,"Software Engineer",NULL,421879
3552192,2023-11-21,affiliate,android,"United States",20,Nurse,NULL,887201
3553589,2023-08-03,paid_search,ios,"United States",54,"Small Business Owner",NULL,164820
3558231,2023-03-29,social,web,"United Kingdom",32,"Sales Rep",NULL,378167
3559272,2023-12-21,affiliate,ios,Canada,30,"Marketing Manager",NULL,832180
3561913,2024-03-12,organic,ios,Australia,30,Student,NULL,429365
3562469,2024-08-26,organic,web,Canada,63,"Small Business Owner",NULL,NULL
3562605,2024-09-27,paid_search,android,"United States",22,"Small Business Owner",NULL,421879
3562688,2024-08-03,social,ios,Germany,28,"Small Business Owner",NULL,378167
3565820,2024-08-25,paid_search,android,"United Kingdom",42,"Marketing Manager",NULL,141090
3567587,2024-11-01,social,web,"United States",38,"Marketing Manager",NULL,465838
3568101,2023-03-18,affiliate,ios,Nigeria,29,"Small Business Owner",NULL,275203
3568103,2023-08-25,organic,ios,"United States",32,Nurse,NULL,429365
3570115,2024-06-29,organic,android,Brazil,18,"Software Engineer",NULL,NULL
3570348,2023-05-30,affiliate,web,"United States",50,"Sales Rep",NULL,210268
3570466,2024-10-08,paid_search,web,Canada,18,Nurse,NULL,621430
3570725,2024-09-08,referral,web,"United States",43,"Marketing Manager",Employee,NULL
3570746,2024-06-14,organic,ios,India,20,Nurse,NULL,NULL
3572703,2024-08-27,paid_search,ios,"United States",37,Nurse,NULL,771155
3573619,2024-06-28,organic,android,Germany,34,"Marketing Manager",NULL,NULL
3573697,2024-04-16,social,ios,Canada,19,"Marketing Manager",NULL,465838
3573937,2023-12-08,organic,ios,India,44,"Sales Rep",NULL,429365
3575508,2023-11-17,paid_search,android,"United Kingdom",40,"Sales Rep",NULL,421879
3578305,2024-07-29,organic,web,"United States",29,"Sales Rep",NULL,NULL
3578682,2024-07-18,organic,web,"United States",22,Teacher,NULL,NULL
3580309,2024-11-09,organic,web,Philippines,36,"Marketing Manager",NULL,NULL
3581505,2024-04-15,social,ios,"United States",29,Consultant,NULL,378167
3582814,2024-09-26,affiliate,web,"United States",54,Retired,NULL,210268
3583677,2023-08-14,affiliate,android,"United States",39,"Marketing Manager",NULL,210268
3584182,2024-07-13,social,android,Mexico,41,Teacher,NULL,378167
3585181,2024-11-22,organic,ios,Canada,32,Freelancer,NULL,429365
3585917,2023-05-17,referral,android,"United States",37,Freelancer,"Existing Customer",NULL
3587551,2023-03-24,referral,web,"United States",27,"Marketing Manager",Employee,NULL
3590310,2024-10-18,social,web,"United Kingdom",33,Student,NULL,378167
3591822,2024-11-01,social,web,"United States",20,Freelancer,NULL,465838
3592316,2023-12-29,paid_search,web,"United Kingdom",28,Unemployed,NULL,164820
3592440,2024-08-10,referral,ios,Brazil,30,Unemployed,Employee,NULL
3592536,2024-01-17,social,android,Australia,20,Unemployed,NULL,465838
3592670,2024-06-08,social,ios,Mexico,32,Retired,NULL,465838
3593050,2024-01-19,organic,ios,"United Kingdom",33,Accountant,NULL,NULL
3593157,2024-02-17,social,web,"United States",46,"Software Engineer",NULL,378167
3593449,2023-11-16,organic,ios,"United States",23,Consultant,NULL,NULL
3593726,2024-10-13,affiliate,android,Philippines,25,Accountant,NULL,221958
3594545,2024-02-09,affiliate,android,"United States",44,Teacher,NULL,275203
3596882,2024-09-18,referral,android,"United States",45,Nurse,Employee,NULL
3597480,2024-04-09,paid_search,android,Australia,46,Student,NULL,141090
3597979,2023-10-21,organic,web,Germany,25,Teacher,NULL,429365
3598475,2024-09-29,organic,web,"United States",27,Consultant,NULL,NULL
3601623,2024-12-14,organic,ios,Australia,28,Nurse,NULL,NULL
3602352,2024-10-10,social,ios,"United States",56,Teacher,NULL,378167
3602967,2024-09-04,paid_search,web,"United States",35,Teacher,NULL,154886
3603680,2023-06-12,paid_search,web,Mexico,31,Freelancer,NULL,164820
3604325,2023-06-02,organic,ios,Brazil,18,"Sales Rep",NULL,429365
3604884,2024-05-15,affiliate,ios,Philippines,47,Freelancer,NULL,275203
3604902,2024-12-05,organic,web,Brazil,18,"Software Engineer",NULL,NULL
3605214,2024-11-28,paid_search,web,Philippines,42,"Sales Rep",NULL,164820
3605327,2024-10-12,affiliate,ios,"United States",49,"Marketing Manager",NULL,887201
3605822,2024-09-07,referral,ios,"United States",41,Freelancer,"Community Forum",NULL
3607411,2024-01-02,organic,ios,India,48,Student,NULL,NULL
3607622,2024-10-31,organic,android,Nigeria,21,Retired,NULL,NULL
3609089,2024-11-29,referral,web,Canada,24,Unemployed,"Partner App",NULL
3612761,2024-04-08,affiliate,android,Germany,46,Freelancer,NULL,210268
3613275,2023-05-31,affiliate,android,Canada,21,"Software Engineer",NULL,231932
3614150,2024-11-16,paid_search,ios,"United States",18,"Marketing Manager",NULL,818315
3614235,2024-10-27,paid_search,web,"United States",63,Nurse,NULL,621430
3615804,2024-04-13,organic,android,"United States",40,"Small Business Owner",NULL,NULL
3619222,2024-03-04,organic,ios,Canada,41,Nurse,NULL,429365
3619980,2023-10-21,referral,ios,"United States",46,Student,"Community Forum",NULL
3621158,2024-03-24,paid_search,web,Brazil,40,Accountant,NULL,154886
3621872,2024-07-26,organic,android,"United States",24,"Small Business Owner",NULL,999159
3622280,2023-11-07,referral,android,Australia,32,"Small Business Owner","Partner App",NULL
3627014,2024-02-08,affiliate,web,Germany,30,"Marketing Manager",NULL,275203
3627144,2024-12-30,affiliate,ios,India,36,"Small Business Owner",NULL,291335
3627988,2024-07-15,affiliate,web,"United Kingdom",29,Unemployed,NULL,275203
3628973,2023-05-17,organic,ios,Canada,35,Retired,NULL,NULL
3629137,2024-11-13,organic,web,"United Kingdom",28,"Small Business Owner",NULL,NULL
3630723,2024-09-12,organic,ios,"United States",42,Freelancer,NULL,NULL
3633819,2024-03-22,organic,ios,"United States",39,Teacher,NULL,NULL
3635122,2024-03-23,paid_search,android,"United Kingdom",34,Retired,NULL,154886
3636722,2024-04-24,paid_search,web,Brazil,20,"Sales Rep",NULL,141090
3639929,2024-08-15,social,android,"United States",42,Freelancer,NULL,465838
3640328,2023-12-25,affiliate,android,Brazil,49,Unemployed,NULL,832180
3642800,2024-04-16,paid_search,android,Germany,45,Teacher,NULL,818315
3644046,2024-06-16,social,web,"United States",42,"Sales Rep",NULL,378167
3648191,2024-12-27,organic,android,"United States",35,"Marketing Manager",NULL,NULL
3648202,2024-11-05,affiliate,ios,Canada,44,"Software Engineer",NULL,210268
3648790,2024-04-04,organic,ios,India,36,Unemployed,NULL,NULL
3650235,2024-04-01,paid_search,ios,"United Kingdom",38,Teacher,NULL,237337
3650432,2024-04-07,affiliate,web,Germany,35,"Software Engineer",NULL,210268
3650503,2023-11-21,organic,web,Philippines,32,"Small Business Owner",NULL,NULL
3650527,2023-05-11,paid_search,web,"United States",33,Accountant,NULL,141090
3651788,2023-03-21,organic,web,"United States",22,"Software Engineer",NULL,NULL
3653093,2024-01-27,social,web,Mexico,40,Teacher,NULL,465838
3654837,2023-12-23,paid_search,android,Philippines,45,Accountant,NULL,154886
3655971,2023-09-09,affiliate,android,Australia,28,"Software Engineer",NULL,291335
3656040,2023-05-05,referral,ios,"United States",35,Retired,"Partner App",NULL
3656138,2024-06-27,organic,android,Mexico,34,Nurse,NULL,999159
3656222,2024-08-26,affiliate,web,Canada,18,Consultant,NULL,291335
3657303,2023-05-04,organic,web,"United States",57,Freelancer,NULL,NULL
3657885,2024-04-04,affiliate,android,"United States",32,"Small Business Owner",NULL,832180
3658571,2024-03-29,organic,ios,India,36,Unemployed,NULL,NULL
3659083,2024-02-08,paid_search,ios,Brazil,42,"Small Business Owner",NULL,164820
3659232,2024-05-30,paid_search,ios,"United States",29,"Sales Rep",NULL,359178
3659440,2024-10-08,affiliate,ios,India,18,"Small Business Owner",NULL,744167
3659786,2024-08-12,organic,android,Nigeria,43,Unemployed,NULL,429365
3660891,2024-09-08,organic,android,Canada,32,"Sales Rep",NULL,429365
3661637,2024-05-05,organic,ios,Brazil,56,Unemployed,NULL,429365
3662761,2024-01-28,organic,web,Nigeria,19,Accountant,NULL,NULL
3664749,2024-09-05,paid_search,web,India,28,"Small Business Owner",NULL,771155
3664921,2024-07-02,paid_search,android,Philippines,29,Accountant,NULL,237337
3667867,2024-01-01,paid_search,web,"United States",44,Retired,NULL,237337
3670492,2023-12-24,organic,ios,India,53,Accountant,NULL,NULL
3672762,2024-07-08,organic,web,Philippines,39,"Software Engineer",NULL,NULL
3673705,2024-04-16,affiliate,web,India,28,Consultant,NULL,291335
3675877,2024-09-05,paid_search,ios,"United States",22,Consultant,NULL,237337
3676188,2023-02-09,affiliate,web,Canada,25,Student,NULL,275203
3676517,2024-09-17,organic,android,Brazil,18,"Small Business Owner",NULL,NULL
3677747,2024-04-23,organic,web,India,35,Consultant,NULL,NULL
3680259,2024-09-17,paid_search,web,Australia,18,"Marketing Manager",NULL,421879
3680990,2024-12-07,organic,ios,Brazil,34,Teacher,NULL,NULL
3681206,2024-02-16,paid_search,android,India,48,Nurse,NULL,818315
3681478,2024-09-22,organic,android,"United States",25,Student,NULL,NULL
3681719,2023-12-27,paid_search,android,"United Kingdom",19,Nurse,NULL,187498
3681722,2024-07-22,social,ios,"United States",29,Teacher,NULL,465838
3687328,2023-12-22,social,web,Australia,38,Freelancer,NULL,465838
3689784,2024-06-13,organic,ios,"United Kingdom",26,"Sales Rep",NULL,NULL
3691276,2024-03-15,paid_search,web,"United States",33,Accountant,NULL,359178
3692794,2023-12-20,organic,ios,Nigeria,36,Retired,NULL,NULL
3693695,2024-10-01,organic,web,India,30,Retired,NULL,NULL
3694245,2024-06-11,referral,ios,Germany,57,"Software Engineer","Existing Customer",NULL
3694287,2023-10-19,organic,ios,India,18,Teacher,NULL,NULL
3694946,2024-10-11,organic,web,Germany,26,Consultant,NULL,NULL
3695145,2024-11-03,organic,android,"United States",28,Unemployed,NULL,NULL
3697143,2024-01-04,organic,android,Australia,43,"Software Engineer",NULL,999159
3699015,2024-01-22,social,web,Canada,41,Consultant,NULL,378167
3700993,2024-06-06,affiliate,android,Canada,41,Teacher,NULL,832180
3701243,2023-03-05,social,web,Nigeria,36,"Small Business Owner",NULL,378167
3702303,2023-12-30,social,web,Brazil,41,Retired,NULL,378167
3702994,2024-10-29,organic,web,India,50,Unemployed,NULL,NULL
3704999,2023-04-22,social,web,"United States",18,"Software Engineer",NULL,378167
3705421,2024-06-29,affiliate,web,Canada,38,Unemployed,NULL,744167
3707184,2024-09-24,paid_search,ios,Canada,31,"Marketing Manager",NULL,359178
3707929,2024-02-01,paid_search,web,"United States",36,Retired,NULL,621430
3708668,2023-07-04,organic,web,"United States",28,Nurse,NULL,NULL
3708685,2024-01-04,paid_search,android,Philippines,35,"Marketing Manager",NULL,621430
3710241,2024-11-20,organic,web,"United States",33,Student,NULL,NULL
3710527,2024-07-13,referral,ios,India,30,Retired,"Existing Customer",NULL
3710626,2023-07-05,referral,android,Canada,18,"Small Business Owner","Partner App",NULL
3711793,2024-05-15,organic,android,"United Kingdom",42,"Sales Rep",NULL,429365
3712188,2024-07-26,paid_search,ios,"United States",29,Unemployed,NULL,187498
3714660,2024-03-17,organic,android,"United States",34,Nurse,NULL,NULL
3714766,2024-01-20,paid_search,ios,"United Kingdom",53,Nurse,NULL,359178
3715514,2024-03-19,social,web,"United States",51,Student,NULL,378167
3715548,2024-02-12,organic,android,"United States",36,"Sales Rep",NULL,NULL
3716207,2024-12-07,paid_search,ios,"United States",38,Teacher,NULL,164820
3716826,2023-05-28,social,ios,"United States",43,"Marketing Manager",NULL,378167
3719269,2023-04-19,affiliate,ios,"United Kingdom",20,Freelancer,NULL,744167
3719713,2024-01-29,social,web,Philippines,34,Retired,NULL,465838
3721864,2024-09-07,affiliate,android,Philippines,58,Unemployed,NULL,887201
3723408,2024-11-23,organic,ios,Canada,27,"Sales Rep",NULL,NULL
3724274,2024-01-07,social,ios,India,37,Accountant,NULL,465838
3726016,2024-08-04,affiliate,ios,"United States",48,Retired,NULL,887201
3727364,2024-06-02,paid_search,ios,India,37,Unemployed,NULL,164820
3727423,2023-10-21,organic,web,"United States",36,Nurse,NULL,NULL
3727850,2023-09-05,paid_search,ios,"United States",30,"Marketing Manager",NULL,359178
3731638,2024-08-01,organic,web,"United States",55,"Small Business Owner",NULL,NULL
3733460,2023-10-03,organic,web,"United States",38,Consultant,NULL,999159
3734296,2024-12-07,paid_search,ios,India,59,Unemployed,NULL,164820
3735264,2024-12-28,organic,android,"United Kingdom",33,"Small Business Owner",NULL,NULL
3736582,2024-08-24,social,android,"United States",25,Unemployed,NULL,378167
3737946,2023-11-10,affiliate,web,"United States",21,Retired,NULL,275203
3738384,2024-07-31,affiliate,web,Germany,37,"Small Business Owner",NULL,221958
3739956,2024-12-08,affiliate,web,Brazil,39,Teacher,NULL,221958
3740855,2024-12-15,social,web,"United States",18,"Software Engineer",NULL,465838
3742455,2024-06-05,affiliate,android,"United States",43,Accountant,NULL,291335
3742974,2024-10-29,organic,web,"United States",42,Unemployed,NULL,NULL
3744686,2024-01-27,organic,ios,"United States",41,"Small Business Owner",NULL,NULL
3744804,2023-09-09,social,web,"United Kingdom",40,Teacher,NULL,465838
3746153,2023-07-15,affiliate,web,"United Kingdom",41,Freelancer,NULL,291335
3748996,2023-08-30,paid_search,android,India,23,"Marketing Manager",NULL,237337
3750025,2024-11-13,social,android,"United States",53,Unemployed,NULL,465838
3751821,2024-06-26,social,ios,"United Kingdom",18,"Marketing Manager",NULL,378167
3752690,2023-08-29,referral,ios,"United States",70,Unemployed,"Partner App",NULL
3754036,2023-11-17,referral,web,Philippines,44,"Marketing Manager","Existing Customer",NULL
3755063,2024-09-21,organic,web,Australia,18,Teacher,NULL,NULL
3755423,2023-11-15,organic,ios,Canada,43,Freelancer,NULL,NULL
3757398,2024-07-06,referral,ios,"United States",43,Unemployed,"Existing Customer",NULL
3758566,2024-01-29,paid_search,ios,"United States",26,"Sales Rep",NULL,818315
3759374,2024-11-10,paid_search,web,India,22,"Marketing Manager",NULL,141090
3760451,2024-09-05,social,ios,Mexico,33,"Sales Rep",NULL,465838
3761158,2024-07-22,affiliate,ios,"United Kingdom",26,Accountant,NULL,275203
3761623,2024-08-15,social,android,"United States",20,Student,NULL,378167
3761642,2023-05-26,organic,android,Germany,26,"Marketing Manager",NULL,NULL
3761856,2024-11-30,organic,android,Canada,19,Unemployed,NULL,999159
3762594,2023-08-08,affiliate,android,Canada,24,Nurse,NULL,221958
3763642,2023-12-17,organic,ios,"United States",26,Consultant,NULL,NULL
3763779,2024-12-02,affiliate,android,Germany,25,Freelancer,NULL,887201
3765013,2024-07-14,social,android,Nigeria,43,Student,NULL,378167
3765331,2023-12-04,affiliate,ios,"United States",26,Teacher,NULL,231932
3767257,2024-06-28,affiliate,android,Brazil,23,Accountant,NULL,275203
3768362,2024-10-27,organic,web,"United Kingdom",21,Nurse,NULL,NULL
3768654,2023-08-30,paid_search,android,Brazil,30,Consultant,NULL,818315
3770374,2024-01-27,paid_search,ios,Mexico,28,Teacher,NULL,164820
3770742,2023-10-08,organic,web,Mexico,37,Nurse,NULL,999159
3771034,2023-09-03,paid_search,ios,Mexico,23,Consultant,NULL,237337
3772605,2024-12-24,social,ios,"United Kingdom",48,"Software Engineer",NULL,465838
3773219,2024-10-06,affiliate,web,Mexico,33,Consultant,NULL,275203
3773707,2024-04-05,affiliate,android,"United Kingdom",36,Nurse,NULL,832180
3773939,2024-04-17,affiliate,ios,Canada,39,"Sales Rep",NULL,887201
3776374,2024-02-23,paid_search,android,"United States",45,Retired,NULL,154886
3779060,2024-01-30,organic,web,India,62,Nurse,NULL,NULL
3779499,2024-06-25,social,android,Canada,38,Nurse,NULL,378167
3780877,2024-11-03,organic,ios,"United States",41,"Marketing Manager",NULL,999159
3781652,2024-08-17,organic,android,"United States",31,"Sales Rep",NULL,NULL
3784975,2023-11-09,paid_search,android,Canada,36,"Sales Rep",NULL,359178
3786905,2024-08-13,social,web,"United States",22,Unemployed,NULL,465838
3788107,2023-10-18,social,android,Mexico,21,"Software Engineer",NULL,465838
3788302,2023-10-05,affiliate,ios,Canada,43,"Sales Rep",NULL,887201
3788363,2024-03-16,organic,web,Canada,38,"Sales Rep",NULL,NULL
3790353,2023-09-03,paid_search,android,Canada,18,Consultant,NULL,141090
3790358,2024-07-12,organic,ios,"United States",31,Accountant,NULL,NULL
3790373,2024-04-26,organic,web,India,19,Teacher,NULL,NULL
3791241,2024-10-17,affiliate,ios,"United States",18,Consultant,NULL,221958
3791338,2024-11-18,referral,ios,"United States",18,Nurse,Employee,NULL
3791671,2024-10-11,affiliate,ios,"United States",42,Freelancer,NULL,275203
3792427,2023-11-07,social,web,India,40,"Marketing Manager",NULL,465838
3792537,2023-07-07,referral,android,Philippines,52,"Sales Rep",Employee,NULL
3795126,2023-03-30,organic,ios,Germany,25,Student,NULL,NULL
3796647,2024-05-09,paid_search,ios,Canada,36,"Marketing Manager",NULL,187498
3797921,2024-03-21,paid_search,web,Brazil,37,"Sales Rep",NULL,818315
3799487,2024-02-18,organic,android,"United States",48,Nurse,NULL,NULL
3800174,2024-12-04,organic,android,"United States",48,Unemployed,NULL,999159
3801445,2024-12-27,referral,android,Australia,23,Consultant,"Community Forum",NULL
3801742,2024-04-27,affiliate,ios,Philippines,37,Student,NULL,291335
3802743,2024-05-24,social,ios,"United States",37,"Sales Rep",NULL,378167
3803005,2024-07-14,paid_search,web,"United States",53,Student,NULL,359178
3804802,2024-07-10,social,ios,"United Kingdom",42,Nurse,NULL,378167
3806284,2024-07-30,referral,android,Philippines,23,Retired,"Partner App",NULL
3812753,2024-06-24,affiliate,web,India,20,Nurse,NULL,887201
3812789,2024-02-04,referral,web,"United States",31,Nurse,"Community Forum",NULL
3816112,2023-11-15,affiliate,ios,Canada,52,Teacher,NULL,221958
3818767,2023-08-31,social,web,"United States",24,"Sales Rep",NULL,465838
3819182,2024-02-01,organic,ios,"United States",35,Accountant,NULL,NULL
3821058,2024-01-21,paid_search,android,Canada,26,Student,NULL,359178
3821105,2024-05-12,organic,android,Philippines,24,"Marketing Manager",NULL,NULL
3821839,2023-12-28,paid_search,android,"United States",60,"Sales Rep",NULL,164820
3822136,2024-11-21,paid_search,ios,Canada,18,Unemployed,NULL,421879
3825896,2024-05-19,paid_search,ios,"United Kingdom",43,Nurse,NULL,771155
3827364,2024-12-01,organic,web,Mexico,33,Retired,NULL,NULL
3827754,2024-08-17,paid_search,web,Germany,37,Nurse,NULL,621430
3828340,2024-04-20,organic,android,Australia,26,Accountant,NULL,NULL
3830527,2024-05-25,affiliate,web,"United States",20,Accountant,NULL,291335
3831569,2024-03-02,affiliate,ios,Germany,39,Student,NULL,231932
3833552,2024-07-03,social,android,Germany,41,"Software Engineer",NULL,378167
3834523,2024-08-04,organic,web,Mexico,36,Freelancer,NULL,999159
3835309,2023-10-20,paid_search,ios,Mexico,18,Unemployed,NULL,141090
3840152,2024-11-19,social,web,Philippines,52,Accountant,NULL,378167
3841992,2023-11-14,affiliate,web,"United States",34,"Software Engineer",NULL,210268
3842894,2023-09-22,organic,ios,Mexico,30,"Sales Rep",NULL,NULL
3843236,2024-10-23,affiliate,web,"United States",48,Nurse,NULL,291335
3843940,2024-04-25,organic,web,"United States",44,"Sales Rep",NULL,NULL
3844180,2024-11-04,organic,ios,"United States",22,Teacher,NULL,NULL
3844664,2024-02-18,affiliate,web,India,39,Student,NULL,887201
3845376,2024-12-21,organic,web,"United States",27,Accountant,NULL,NULL
3846230,2024-06-30,social,ios,"United States",31,Unemployed,NULL,465838
3846274,2023-03-31,affiliate,web,"United Kingdom",33,Teacher,NULL,887201
3848039,2024-08-10,organic,web,"United States",37,"Sales Rep",NULL,NULL
3848411,2023-12-19,organic,web,Canada,33,Student,NULL,NULL
3848439,2024-08-27,organic,web,Brazil,23,Teacher,NULL,NULL
3849095,2024-03-08,social,web,"United States",37,Student,NULL,465838
3850774,2024-11-24,organic,web,"United States",31,Freelancer,NULL,NULL
3851274,2024-01-01,organic,web,Mexico,28,Student,NULL,NULL
3852889,2024-03-15,social,web,Brazil,32,Unemployed,NULL,465838
3853501,2024-05-01,organic,android,Nigeria,41,Student,NULL,NULL
3853507,2024-11-27,organic,android,"United Kingdom",24,Retired,NULL,999159
3854119,2024-05-13,affiliate,android,India,28,Student,NULL,231932
3854135,2024-11-26,organic,web,"United States",37,Retired,NULL,NULL
3854190,2023-08-09,referral,web,Philippines,24,Unemployed,"Community Forum",NULL
3857281,2023-10-21,paid_search,web,"United States",38,Retired,NULL,187498
3858214,2023-10-22,social,ios,Canada,26,Retired,NULL,378167
3859244,2024-11-11,social,android,"United States",18,"Marketing Manager",NULL,378167
3859653,2024-10-08,social,ios,Australia,38,Accountant,NULL,378167
3862750,2024-07-05,affiliate,android,Canada,58,"Software Engineer",NULL,231932
3863793,2024-10-22,organic,android,Philippines,18,"Marketing Manager",NULL,NULL
3865893,2024-07-29,organic,web,"United Kingdom",44,Consultant,NULL,NULL
3866069,2024-12-15,paid_search,ios,Canada,32,Consultant,NULL,187498
3866457,2024-09-16,organic,android,Mexico,18,"Marketing Manager",NULL,NULL
3866757,2024-12-03,affiliate,web,India,27,"Marketing Manager",NULL,221958
3867695,2024-02-11,paid_search,web,"United States",50,Teacher,NULL,771155
3868921,2024-06-06,paid_search,android,"United States",31,Student,NULL,154886
3869729,2024-05-31,organic,web,Philippines,18,"Sales Rep",NULL,NULL
3869760,2024-02-29,affiliate,web,"United States",31,Accountant,NULL,210268
3870524,2024-05-20,social,ios,"United Kingdom",31,"Small Business Owner",NULL,378167
3870574,2024-10-31,social,web,Philippines,43,Teacher,NULL,378167
3870581,2024-09-14,organic,android,Germany,60,Accountant,NULL,NULL
3870741,2024-12-29,organic,android,Nigeria,29,Accountant,NULL,NULL
3871083,2024-06-06,paid_search,android,Brazil,29,Teacher,NULL,187498
3871259,2023-07-06,social,android,Germany,44,Teacher,NULL,465838
3871656,2024-02-16,paid_search,ios,Canada,51,"Software Engineer",NULL,771155
3871712,2024-06-27,affiliate,web,Canada,31,Nurse,NULL,832180
3872875,2024-11-28,paid_search,android,Canada,29,Freelancer,NULL,771155
3873524,2024-07-14,paid_search,ios,"United States",37,Student,NULL,771155
3873798,2024-03-06,paid_search,ios,Brazil,37,Unemployed,NULL,164820
3874299,2024-04-19,organic,ios,"United States",38,Student,NULL,NULL
3876237,2024-04-03,affiliate,ios,Nigeria,20,Accountant,NULL,887201
3877668,2023-04-02,organic,web,India,28,Accountant,NULL,999159
3878117,2024-07-28,referral,web,"United States",43,Nurse,"Existing Customer",NULL
3878604,2024-12-14,paid_search,android,"United States",22,"Sales Rep",NULL,421879
3881777,2023-03-05,affiliate,web,"United States",48,Nurse,NULL,887201
3881990,2024-02-15,affiliate,web,"United States",35,Freelancer,NULL,210268
3883427,2023-07-20,organic,android,"United States",24,"Software Engineer",NULL,NULL
3883791,2024-11-14,referral,android,Australia,41,Retired,"Community Forum",NULL
3887296,2023-12-23,organic,ios,"United States",19,Accountant,NULL,NULL
3887569,2024-09-13,organic,android,"United States",30,"Sales Rep",NULL,NULL
3887698,2024-07-02,affiliate,web,Germany,45,Consultant,NULL,744167
3887757,2024-04-14,affiliate,web,"United States",49,Teacher,NULL,744167
3889190,2024-08-20,organic,web,India,26,"Marketing Manager",NULL,NULL
3891005,2024-11-22,organic,ios,"United States",58,"Small Business Owner",NULL,NULL
3891912,2024-06-04,affiliate,ios,"United States",26,"Sales Rep",NULL,275203
3892371,2024-05-15,organic,android,Germany,44,Consultant,NULL,NULL
3892478,2024-01-28,social,web,"United Kingdom",31,Student,NULL,465838
3892970,2024-11-10,social,web,Philippines,23,Consultant,NULL,465838
3894100,2024-10-12,paid_search,web,"United Kingdom",32,"Small Business Owner",NULL,421879
3894558,2024-10-31,referral,android,"United States",18,Freelancer,"Existing Customer",NULL
3895018,2023-07-27,organic,web,Canada,27,"Software Engineer",NULL,NULL
3895107,2024-07-22,organic,web,"United States",29,Teacher,NULL,NULL
3895537,2024-06-21,paid_search,android,Mexico,27,Retired,NULL,421879
3896818,2023-10-26,paid_search,ios,"United Kingdom",28,Unemployed,NULL,164820
3897706,2024-06-22,paid_search,web,Australia,23,Retired,NULL,141090
3898845,2024-12-09,referral,web,Philippines,44,Unemployed,"Partner App",NULL
3899033,2024-10-15,social,android,"United Kingdom",24,"Marketing Manager",NULL,378167
3900203,2024-01-07,organic,web,Philippines,38,Consultant,NULL,NULL
3900603,2024-08-19,organic,web,"United States",49,Retired,NULL,NULL
3900737,2024-09-04,referral,ios,Mexico,22,Retired,"Existing Customer",NULL
3901092,2024-12-19,social,ios,Australia,32,Retired,NULL,378167
3901614,2024-09-30,social,web,"United Kingdom",18,Accountant,NULL,465838
3901717,2024-05-29,organic,android,"United States",35,"Software Engineer",NULL,NULL
3903633,2023-09-18,paid_search,web,"United Kingdom",31,Consultant,NULL,141090
3904941,2024-07-02,organic,ios,"United States",20,Unemployed,NULL,NULL
3906158,2024-10-23,organic,android,India,32,Unemployed,NULL,NULL
3906405,2024-04-20,referral,android,India,38,"Software Engineer","Community Forum",NULL
3906492,2024-09-27,organic,web,"United States",46,Consultant,NULL,429365
3907360,2023-10-18,paid_search,web,"United Kingdom",32,"Marketing Manager",NULL,771155
3908056,2024-07-31,organic,android,Nigeria,42,"Software Engineer",NULL,NULL
3908087,2023-11-15,organic,web,"United Kingdom",18,Unemployed,NULL,NULL
3911190,2024-06-05,social,android,Mexico,61,Consultant,NULL,465838
3911898,2023-11-12,organic,web,"United States",46,"Sales Rep",NULL,NULL
3913293,2024-12-23,organic,ios,India,24,Unemployed,NULL,429365
3914611,2024-03-23,social,ios,"United States",28,"Software Engineer",NULL,465838
3916596,2024-02-25,referral,ios,Mexico,36,"Software Engineer","Partner App",NULL
3916933,2023-01-26,paid_search,web,"United Kingdom",31,Accountant,NULL,818315
3921989,2024-12-11,organic,android,Mexico,35,Teacher,NULL,NULL
3922097,2024-11-28,organic,android,India,30,Freelancer,NULL,NULL
3924537,2023-06-05,organic,android,"United States",20,Unemployed,NULL,NULL
3925609,2023-09-17,paid_search,ios,"United States",41,Accountant,NULL,771155
3926979,2024-08-25,referral,android,Philippines,26,Consultant,"Partner App",NULL
3927109,2023-11-01,social,ios,Canada,27,Accountant,NULL,465838
3928100,2024-05-19,affiliate,ios,"United States",20,Freelancer,NULL,231932
3928339,2024-08-15,paid_search,android,Mexico,26,Teacher,NULL,771155
3928785,2023-12-18,organic,android,"United States",31,Teacher,NULL,NULL
3930299,2024-09-03,affiliate,web,Philippines,30,Consultant,NULL,887201
3931531,2023-12-15,social,android,Nigeria,29,"Marketing Manager",NULL,378167
3931659,2024-03-04,organic,ios,Australia,39,"Sales Rep",NULL,NULL
3932208,2024-01-18,paid_search,ios,"United States",29,Freelancer,NULL,187498
3932878,2023-10-30,social,web,Australia,48,Retired,NULL,378167
3932977,2024-02-07,organic,web,"United Kingdom",43,Student,NULL,NULL
3933361,2024-11-27,organic,web,Mexico,29,Consultant,NULL,NULL
3933811,2024-01-10,organic,android,India,22,"Marketing Manager",NULL,NULL
3933865,2023-10-26,organic,android,"United States",34,Consultant,NULL,NULL
3934317,2024-03-08,paid_search,ios,India,27,"Sales Rep",NULL,141090
3936598,2024-07-27,organic,android,Germany,34,Freelancer,NULL,429365
3938199,2023-12-01,social,ios,Canada,50,"Sales Rep",NULL,465838
3938287,2024-07-28,affiliate,android,Canada,24,Consultant,NULL,291335
3938687,2024-11-22,affiliate,web,Brazil,34,Nurse,NULL,231932
3940107,2024-11-29,affiliate,web,Brazil,24,Student,NULL,832180
3940504,2024-12-19,affiliate,web,India,19,Accountant,NULL,210268
3941478,2024-07-05,paid_search,ios,Mexico,34,"Marketing Manager",NULL,359178
3941616,2023-08-29,organic,ios,"United States",52,Accountant,NULL,NULL
3942609,2024-05-09,affiliate,ios,Philippines,46,Nurse,NULL,210268
3942905,2023-11-30,affiliate,web,Germany,27,"Software Engineer",NULL,275203
3943295,2024-11-21,affiliate,ios,"United States",21,Consultant,NULL,744167
3945759,2023-04-06,affiliate,ios,Germany,18,"Small Business Owner",NULL,210268
3946862,2024-03-02,organic,ios,Brazil,39,Accountant,NULL,NULL
3948134,2024-10-25,affiliate,ios,"United Kingdom",32,"Small Business Owner",NULL,275203
3949281,2023-12-12,paid_search,web,Australia,46,Nurse,NULL,187498
3949908,2023-03-30,organic,android,Canada,38,Retired,NULL,NULL
3951720,2023-09-04,affiliate,ios,"United States",43,Retired,NULL,744167
3952053,2024-12-15,referral,web,"United States",37,"Small Business Owner",Employee,NULL
3953028,2023-10-28,referral,ios,"United States",27,Consultant,"Existing Customer",NULL
3956151,2023-11-25,paid_search,android,"United States",39,"Marketing Manager",NULL,818315
3956156,2024-08-26,organic,ios,Germany,53,"Small Business Owner",NULL,NULL
3957498,2024-09-19,organic,android,"United States",18,"Marketing Manager",NULL,NULL
3957532,2024-04-18,affiliate,web,Canada,45,Retired,NULL,832180
3957817,2024-07-08,paid_search,web,Canada,47,Student,NULL,818315
3958963,2024-10-28,paid_search,web,"United States",26,Student,NULL,421879
3959034,2024-01-24,organic,android,Canada,31,"Software Engineer",NULL,NULL
3959470,2024-04-05,organic,android,Mexico,53,Unemployed,NULL,NULL
3960883,2024-09-05,organic,web,India,45,"Marketing Manager",NULL,NULL
3961937,2024-06-08,social,ios,Germany,42,Retired,NULL,378167
3962732,2024-08-09,organic,ios,"United Kingdom",31,"Small Business Owner",NULL,NULL
3963944,2024-08-12,social,ios,India,28,Retired,NULL,378167
3966422,2024-03-11,social,web,India,36,"Software Engineer",NULL,465838
3967381,2024-09-12,affiliate,android,Nigeria,57,"Marketing Manager",NULL,832180
3969852,2024-10-15,social,ios,"United Kingdom",28,"Sales Rep",NULL,465838
3970424,2023-11-16,social,ios,"United States",18,Unemployed,NULL,378167
3971783,2024-11-08,affiliate,web,Nigeria,41,Student,NULL,744167
3972881,2023-08-17,paid_search,ios,"United States",29,Student,NULL,237337
3975605,2024-03-24,affiliate,web,"United States",41,"Small Business Owner",NULL,291335
3976031,2024-09-27,paid_search,android,"United States",18,Consultant,NULL,237337
3976242,2024-09-26,affiliate,ios,Mexico,30,Nurse,NULL,210268
3976877,2024-07-07,organic,web,"United States",46,Freelancer,NULL,NULL
3977299,2023-09-30,organic,web,Nigeria,44,Student,NULL,NULL
3977590,2024-05-22,paid_search,web,"United States",29,Student,NULL,818315
3979718,2024-09-25,organic,ios,"United States",18,Freelancer,NULL,NULL
3979845,2024-03-19,organic,ios,Nigeria,31,Nurse,NULL,NULL
3980672,2024-03-05,affiliate,ios,Australia,35,"Marketing Manager",NULL,275203
3982410,2023-06-30,organic,web,"United States",20,"Small Business Owner",NULL,NULL
3985032,2024-04-09,organic,web,"United States",35,"Software Engineer",NULL,NULL
3985696,2024-01-10,paid_search,ios,Philippines,52,"Marketing Manager",NULL,154886
3986068,2024-09-18,paid_search,android,India,29,Retired,NULL,237337
3988088,2024-09-15,social,ios,"United States",18,Accountant,NULL,465838
3989475,2023-11-05,organic,ios,"United States",29,Teacher,NULL,NULL
3993220,2024-09-06,paid_search,web,"United States",37,"Sales Rep",NULL,237337
3995035,2024-04-20,organic,ios,Mexico,28,Unemployed,NULL,NULL
3995765,2024-01-04,paid_search,web,Nigeria,34,"Sales Rep",NULL,359178
3995785,2024-10-19,organic,web,"United States",27,"Software Engineer",NULL,NULL
3996244,2024-06-24,organic,ios,India,35,"Small Business Owner",NULL,999159
3997493,2023-06-17,organic,ios,"United States",34,Nurse,NULL,NULL
3998778,2024-02-08,organic,ios,Australia,37,Accountant,NULL,NULL
3998851,2023-02-08,paid_search,android,"United States",41,Teacher,NULL,154886
3999610,2024-06-27,organic,web,Canada,18,"Marketing Manager",NULL,NULL
4000264,2024-08-24,referral,web,Mexico,18,Freelancer,"Existing Customer",NULL
4001179,2024-01-24,social,web,Philippines,18,Student,NULL,378167
4003225,2024-07-01,organic,android,India,45,"Software Engineer",NULL,NULL
4009526,2024-11-22,referral,web,"United States",38,"Marketing Manager","Community Forum",NULL
4009828,2023-11-15,social,ios,"United Kingdom",33,Retired,NULL,465838
4010087,2023-12-24,paid_search,web,"United States",37,Nurse,NULL,818315
4010129,2024-03-25,paid_search,web,India,29,Consultant,NULL,164820
4011165,2024-08-12,social,ios,India,37,Retired,NULL,465838
4011786,2024-03-24,organic,android,Brazil,48,"Small Business Owner",NULL,NULL
4012359,2024-08-19,paid_search,ios,"United Kingdom",30,Unemployed,NULL,154886
4015624,2024-12-27,social,android,"United States",44,"Small Business Owner",NULL,465838
4017193,2024-09-18,organic,web,"United States",27,Accountant,NULL,NULL
4017465,2023-07-06,referral,web,Australia,52,Nurse,"Existing Customer",NULL
4018439,2024-11-18,referral,android,"United States",38,"Software Engineer","Existing Customer",NULL
4018967,2023-07-30,paid_search,ios,Australia,44,"Small Business Owner",NULL,771155
4020745,2024-07-02,organic,ios,Nigeria,47,Retired,NULL,NULL
4021372,2024-09-15,paid_search,android,Australia,31,Teacher,NULL,818315
4022345,2024-08-17,organic,web,Nigeria,28,Freelancer,NULL,NULL
4023846,2024-05-06,organic,android,Philippines,40,"Small Business Owner",NULL,NULL
4023871,2024-09-03,affiliate,web,India,18,"Marketing Manager",NULL,887201
4028631,2024-07-22,affiliate,web,"United Kingdom",18,Unemployed,NULL,221958
4030486,2024-01-04,paid_search,ios,Germany,46,Unemployed,NULL,359178
4031301,2023-11-28,social,android,"United States",25,Freelancer,NULL,465838
4031756,2024-09-02,organic,ios,Mexico,55,"Small Business Owner",NULL,NULL
4031863,2023-08-17,paid_search,web,"United Kingdom",38,Student,NULL,187498
4032115,2024-05-22,organic,web,"United Kingdom",21,"Software Engineer",NULL,NULL
4033349,2024-08-08,organic,android,"United States",18,Teacher,NULL,NULL
4033932,2023-10-24,paid_search,web,"United Kingdom",32,"Sales Rep",NULL,421879
4036773,2024-08-23,referral,android,"United States",39,Retired,Employee,NULL
4037099,2024-02-06,organic,web,Mexico,41,Student,NULL,NULL
4039316,2024-04-24,organic,android,Mexico,45,"Software Engineer",NULL,429365
4040267,2023-05-19,social,web,India,46,Freelancer,NULL,465838
4041341,2023-05-14,paid_search,android,Canada,49,"Small Business Owner",NULL,237337
4044221,2024-02-16,organic,web,"United States",28,Accountant,NULL,NULL
4045315,2024-03-26,paid_search,android,Germany,22,"Sales Rep",NULL,359178
4045529,2024-12-01,affiliate,ios,Australia,29,Accountant,NULL,744167
4047569,2024-11-14,social,android,Australia,36,Unemployed,NULL,378167
4049316,2023-10-09,organic,ios,Nigeria,23,Nurse,NULL,429365
4050798,2023-09-17,paid_search,ios,Australia,24,Consultant,NULL,237337
4050999,2024-08-20,organic,web,Canada,45,Nurse,NULL,NULL
4051622,2024-04-24,organic,ios,Germany,26,"Sales Rep",NULL,NULL
4053380,2024-04-28,affiliate,web,Mexico,37,Accountant,NULL,210268
4053407,2024-08-19,organic,android,"United States",27,Freelancer,NULL,NULL
4054390,2024-07-14,affiliate,ios,Philippines,28,Freelancer,NULL,291335
4060465,2023-01-11,paid_search,web,"United States",36,"Software Engineer",NULL,359178
4061342,2024-12-28,organic,web,Australia,35,Nurse,NULL,NULL
4061481,2024-06-03,organic,android,"United States",33,Accountant,NULL,NULL
4066461,2024-12-06,affiliate,ios,Philippines,38,Nurse,NULL,231932
4070610,2024-01-31,affiliate,web,Canada,39,Retired,NULL,291335
4070771,2024-06-18,organic,web,Mexico,18,"Software Engineer",NULL,NULL
4071640,2024-03-25,organic,ios,"United States",26,Student,NULL,NULL
4072753,2024-10-15,paid_search,web,Germany,68,Teacher,NULL,164820
4073961,2024-09-04,social,ios,"United Kingdom",50,"Marketing Manager",NULL,465838
4077026,2024-04-11,social,android,Nigeria,30,Retired,NULL,465838
4077099,2024-04-24,social,web,Germany,19,"Software Engineer",NULL,465838
4077195,2024-01-26,paid_search,android,India,21,Retired,NULL,621430
4079042,2024-11-08,organic,android,"United States",30,Consultant,NULL,NULL
4080201,2024-07-03,organic,ios,"United States",36,Consultant,NULL,NULL
4080202,2024-12-08,affiliate,android,India,50,"Sales Rep",NULL,744167
4080389,2023-12-04,organic,android,India,29,Consultant,NULL,NULL
4080761,2024-10-18,organic,ios,"United States",50,"Marketing Manager",NULL,NULL
4081091,2023-07-05,paid_search,ios,Australia,53,Student,NULL,187498
4081328,2023-12-29,social,android,Australia,23,Teacher,NULL,378167
4081362,2023-10-11,affiliate,ios,"United States",41,Retired,NULL,744167
4085945,2024-04-03,social,ios,"United Kingdom",62,"Sales Rep",NULL,378167
4086176,2024-11-28,social,web,India,18,Retired,NULL,378167
4087714,2024-05-04,paid_search,ios,"United Kingdom",32,"Software Engineer",NULL,421879
4090930,2023-10-22,organic,ios,"United States",32,Accountant,NULL,NULL
4092195,2024-10-13,organic,android,Australia,40,Student,NULL,NULL
4094235,2024-04-02,social,web,"United Kingdom",37,Unemployed,NULL,378167
4094510,2024-07-11,social,android,Brazil,36,"Sales Rep",NULL,378167
4098056,2023-12-19,paid_search,web,Brazil,25,"Small Business Owner",NULL,421879
4099072,2024-03-23,affiliate,web,"United States",36,"Software Engineer",NULL,275203
4099555,2024-09-25,paid_search,ios,"United Kingdom",58,Accountant,NULL,771155
4099834,2024-04-20,paid_search,android,Canada,22,Consultant,NULL,818315
4100498,2023-12-27,affiliate,ios,"United States",37,Teacher,NULL,291335
4100581,2024-05-22,paid_search,ios,Philippines,29,"Software Engineer",NULL,164820
4100786,2023-12-02,organic,ios,"United Kingdom",31,Consultant,NULL,NULL
4101004,2024-09-19,affiliate,ios,Brazil,18,"Small Business Owner",NULL,221958
4101373,2024-11-08,organic,web,Canada,36,Consultant,NULL,NULL
4101883,2024-06-13,organic,android,Germany,35,Freelancer,NULL,NULL
4102641,2024-12-26,affiliate,ios,"United States",33,Accountant,NULL,832180
4105003,2024-07-31,organic,web,Brazil,51,Nurse,NULL,NULL
4105958,2024-01-03,paid_search,ios,"United States",41,Student,NULL,154886
4108591,2023-03-10,social,android,"United States",62,Unemployed,NULL,465838
4110691,2024-06-06,paid_search,android,"United States",37,Retired,NULL,141090
4110997,2024-09-20,affiliate,android,"United States",21,Student,NULL,231932
4112261,2024-06-22,paid_search,ios,"United States",35,Accountant,NULL,164820
4113506,2024-09-15,affiliate,android,"United States",28,Teacher,NULL,832180
4113534,2023-12-10,organic,ios,India,22,"Sales Rep",NULL,NULL
4114659,2024-04-01,social,android,India,18,"Small Business Owner",NULL,465838
4117172,2024-08-26,paid_search,web,Mexico,54,"Marketing Manager",NULL,818315
4117173,2024-06-12,paid_search,web,Mexico,40,"Small Business Owner",NULL,359178
4119331,2024-08-18,organic,android,Canada,28,Consultant,NULL,NULL
4119612,2024-12-06,organic,web,"United States",27,Accountant,NULL,NULL
4119734,2023-12-26,organic,ios,Canada,22,"Software Engineer",NULL,NULL
4119812,2024-11-15,paid_search,android,Brazil,35,"Small Business Owner",NULL,771155
4120452,2024-11-01,organic,android,Canada,47,"Software Engineer",NULL,NULL
4122951,2023-12-05,referral,web,"United States",23,Unemployed,"Partner App",NULL
4125354,2024-11-29,organic,android,"United States",26,Consultant,NULL,NULL
4127022,2024-08-05,affiliate,web,"United States",28,Nurse,NULL,832180
4127640,2024-12-05,organic,ios,"United States",34,Freelancer,NULL,NULL
4127748,2024-11-13,affiliate,android,Australia,19,"Sales Rep",NULL,832180
4128411,2023-12-25,affiliate,android,Nigeria,36,Retired,NULL,744167
4129985,2023-05-28,paid_search,ios,"United States",48,"Software Engineer",NULL,771155
4131209,2024-12-21,organic,web,"United Kingdom",36,Consultant,NULL,429365
4132293,2024-07-16,social,ios,"United States",23,Unemployed,NULL,378167
4133211,2024-11-10,affiliate,android,Germany,25,Student,NULL,291335
4135812,2024-05-02,organic,android,"United States",43,Unemployed,NULL,NULL
4138102,2024-03-18,organic,android,"United States",45,Teacher,NULL,429365
4138145,2023-10-21,affiliate,web,"United States",21,Teacher,NULL,887201
4138744,2024-09-26,organic,ios,"United States",32,"Small Business Owner",NULL,999159
4139782,2024-03-11,organic,web,Canada,33,Student,NULL,999159
4144311,2024-10-28,social,ios,Brazil,23,Teacher,NULL,378167
4144480,2024-09-16,organic,web,Germany,18,Retired,NULL,NULL
4144787,2023-11-28,social,web,"United States",30,Student,NULL,378167
4146243,2024-03-29,affiliate,web,India,36,Retired,NULL,231932
4147887,2024-07-14,affiliate,web,"United Kingdom",38,Retired,NULL,221958
4149409,2024-02-02,paid_search,ios,"United States",37,Teacher,NULL,621430
4149783,2024-10-23,social,android,"United States",27,"Small Business Owner",NULL,378167
4151882,2023-09-17,paid_search,android,Brazil,20,Unemployed,NULL,154886
4154240,2024-10-09,social,web,"United States",22,Consultant,NULL,378167
4155200,2024-01-26,affiliate,ios,Australia,21,Consultant,NULL,221958
4158546,2024-06-11,paid_search,web,Mexico,28,Freelancer,NULL,141090
4159016,2024-09-17,paid_search,android,Mexico,28,Retired,NULL,237337
4169870,2023-06-18,affiliate,ios,Mexico,25,Retired,NULL,291335
4171553,2023-10-07,social,ios,"United States",36,"Marketing Manager",NULL,378167
4173584,2024-09-04,affiliate,ios,"United States",33,Nurse,NULL,221958
4174108,2023-09-07,paid_search,ios,"United States",40,Consultant,NULL,187498
4175684,2024-06-20,paid_search,android,Australia,23,Student,NULL,154886
4177326,2023-08-16,organic,ios,"United Kingdom",42,"Small Business Owner",NULL,NULL
4177825,2024-12-16,affiliate,web,Australia,18,Student,NULL,275203
4177902,2023-10-15,social,android,"United Kingdom",27,Student,NULL,378167
4177945,2024-03-27,affiliate,web,"United States",31,Accountant,NULL,275203
4177993,2024-09-01,organic,ios,"United States",21,"Sales Rep",NULL,NULL
4182132,2024-05-28,social,ios,Canada,33,Student,NULL,378167
4182999,2024-11-14,affiliate,ios,Philippines,33,Freelancer,NULL,231932
4183818,2024-01-16,social,ios,"United States",22,Unemployed,NULL,465838
4184790,2024-07-05,organic,android,"United States",18,Retired,NULL,NULL
4185714,2023-07-15,paid_search,web,India,36,Unemployed,NULL,359178
4188729,2024-08-13,social,ios,Brazil,43,Teacher,NULL,465838
4189189,2023-08-10,referral,android,"United States",31,"Small Business Owner","Existing Customer",NULL
4191319,2024-11-26,affiliate,ios,India,33,Freelancer,NULL,291335
4195741,2024-07-31,social,web,Australia,44,Accountant,NULL,465838
4196340,2023-10-13,referral,web,"United Kingdom",54,"Marketing Manager","Existing Customer",NULL
4196699,2024-11-03,organic,ios,Philippines,29,Student,NULL,NULL
4198156,2024-02-17,paid_search,ios,"United States",25,"Small Business Owner",NULL,237337
4198747,2024-06-10,paid_search,ios,Philippines,44,Student,NULL,771155
4199039,2024-06-21,paid_search,android,"United States",30,Consultant,NULL,818315
4200090,2024-09-25,organic,ios,Germany,35,"Small Business Owner",NULL,NULL
4201078,2024-06-23,organic,ios,"United States",20,"Small Business Owner",NULL,NULL
4201473,2024-09-12,social,ios,"United States",29,"Sales Rep",NULL,378167
4201824,2024-12-20,affiliate,ios,India,33,Student,NULL,231932
4205228,2024-03-13,paid_search,ios,Mexico,35,Freelancer,NULL,421879
4205677,2023-12-16,affiliate,ios,Mexico,57,Consultant,NULL,832180
4207393,2024-12-02,organic,web,Germany,36,Teacher,NULL,NULL
4208823,2023-10-20,organic,android,"United States",24,Retired,NULL,NULL
4210016,2024-07-18,paid_search,web,Germany,18,Student,NULL,237337
4211369,2024-03-23,organic,web,"United States",52,Freelancer,NULL,NULL
4211407,2024-10-08,social,web,Germany,38,Teacher,NULL,465838
4212883,2023-11-03,referral,web,Australia,18,"Marketing Manager","Community Forum",NULL
4214850,2024-03-09,paid_search,ios,Canada,36,Consultant,NULL,154886
4216662,2024-12-01,affiliate,android,Australia,51,Unemployed,NULL,887201
4219598,2024-10-27,social,ios,"United Kingdom",23,Student,NULL,378167
4220281,2024-05-03,paid_search,android,"United Kingdom",27,Retired,NULL,187498
4221131,2023-06-29,affiliate,web,"United States",36,Nurse,NULL,887201
4222018,2023-11-09,affiliate,ios,"United States",46,"Small Business Owner",NULL,231932
4223522,2024-09-24,paid_search,web,Mexico,42,Student,NULL,164820
4229028,2023-10-09,social,web,Philippines,43,Accountant,NULL,465838
4229112,2024-10-17,organic,android,"United States",38,"Software Engineer",NULL,NULL
4230545,2024-09-08,paid_search,web,India,34,Teacher,NULL,141090
4230786,2024-09-07,organic,ios,India,20,Retired,NULL,NULL
4231185,2024-11-29,organic,web,"United States",27,"Software Engineer",NULL,NULL
4232452,2024-05-02,organic,ios,India,36,"Small Business Owner",NULL,NULL
4235192,2024-06-05,paid_search,ios,"United States",39,Unemployed,NULL,359178
4235863,2024-07-27,organic,web,"United States",36,Nurse,NULL,NULL
4239254,2024-02-27,referral,web,India,29,Nurse,Employee,NULL
4239536,2024-08-06,organic,web,Mexico,41,Student,NULL,999159
4239576,2023-09-06,social,android,"United States",23,Unemployed,NULL,378167
4240641,2024-02-19,organic,web,Australia,18,Unemployed,NULL,NULL
4242222,2024-10-23,organic,ios,Brazil,31,Nurse,NULL,999159
4243087,2023-11-06,organic,ios,Australia,44,Freelancer,NULL,NULL
4244571,2024-03-25,paid_search,android,India,41,Retired,NULL,187498
4244811,2024-04-03,paid_search,android,"United States",36,Accountant,NULL,621430
4244998,2024-04-17,paid_search,android,"United Kingdom",54,Nurse,NULL,237337
4245988,2023-08-15,affiliate,web,Germany,40,"Software Engineer",NULL,744167
4246417,2024-08-26,organic,ios,"United States",42,Student,NULL,999159
4246849,2024-11-07,paid_search,ios,"United States",29,Student,NULL,187498
4251298,2024-07-20,paid_search,web,India,37,Nurse,NULL,237337
4253507,2024-03-20,organic,ios,"United States",21,Accountant,NULL,NULL
4254449,2023-12-12,affiliate,ios,Australia,41,"Software Engineer",NULL,210268
4254992,2023-12-31,organic,web,"United States",25,Consultant,NULL,999159
4256415,2024-12-16,paid_search,android,Philippines,18,Retired,NULL,164820
4256505,2023-10-19,social,web,Brazil,52,"Software Engineer",NULL,378167
4257181,2024-12-04,affiliate,web,Mexico,36,Retired,NULL,832180
4257945,2024-03-04,social,ios,"United States",34,Freelancer,NULL,378167
4257983,2024-06-28,social,ios,"United States",32,"Sales Rep",NULL,378167
4258084,2024-04-30,paid_search,ios,"United States",41,"Software Engineer",NULL,771155
4258881,2024-12-09,paid_search,android,"United Kingdom",33,Consultant,NULL,237337
4260802,2023-09-03,paid_search,android,India,27,Teacher,NULL,164820
4262331,2024-01-12,paid_search,android,Brazil,27,"Software Engineer",NULL,818315
4264908,2024-09-20,organic,ios,Canada,27,Student,NULL,NULL
4265962,2024-10-17,organic,web,Canada,22,Nurse,NULL,NULL
4266402,2024-11-24,affiliate,ios,Canada,18,Retired,NULL,231932
4268896,2024-06-17,paid_search,web,Canada,21,Freelancer,NULL,421879
4270209,2023-11-04,affiliate,ios,"United States",22,Unemployed,NULL,832180
4273523,2024-12-13,social,web,"United Kingdom",22,"Small Business Owner",NULL,378167
4275072,2024-08-01,social,web,"United Kingdom",33,Teacher,NULL,465838
4277560,2024-10-21,organic,web,"United States",30,Nurse,NULL,NULL
4277746,2024-11-08,paid_search,android,"United States",38,Accountant,NULL,154886
4278262,2024-01-09,paid_search,web,"United Kingdom",37,Teacher,NULL,164820
4280772,2024-05-31,organic,android,"United States",40,Accountant,NULL,NULL
4281941,2024-10-04,affiliate,android,"United States",30,Student,NULL,275203
4282972,2024-12-11,referral,ios,"United States",31,Teacher,"Partner App",NULL
4283616,2024-07-08,affiliate,web,"United States",28,Unemployed,NULL,887201
4283737,2024-11-25,social,ios,"United States",41,Unemployed,NULL,465838
4284321,2024-06-04,paid_search,web,"United Kingdom",29,Consultant,NULL,141090
4287058,2024-05-11,affiliate,ios,"United States",60,"Software Engineer",NULL,832180
4287093,2023-08-25,affiliate,android,India,37,Nurse,NULL,744167
4289791,2024-10-17,organic,web,Philippines,34,Teacher,NULL,NULL
4289986,2024-10-16,organic,android,Germany,18,"Small Business Owner",NULL,NULL
4290303,2024-10-09,social,ios,Nigeria,18,"Software Engineer",NULL,465838
4291066,2024-12-15,organic,android,"United States",37,"Marketing Manager",NULL,NULL
4291070,2024-04-01,organic,ios,"United States",27,Nurse,NULL,NULL
4291987,2024-08-23,affiliate,android,Canada,42,Unemployed,NULL,210268
4293331,2023-07-25,social,android,Canada,45,Nurse,NULL,465838
4293705,2023-11-20,organic,web,India,33,Freelancer,NULL,NULL
4294900,2024-01-30,referral,android,"United States",45,Retired,"Partner App",NULL
4295453,2024-05-05,affiliate,ios,Mexico,51,Student,NULL,832180
4295784,2024-10-03,referral,ios,"United States",24,"Software Engineer","Partner App",NULL
4295990,2023-08-13,social,web,Australia,40,Teacher,NULL,378167
4296050,2023-06-28,organic,ios,"United States",56,"Sales Rep",NULL,NULL
4296903,2023-09-26,paid_search,android,"United States",24,Nurse,NULL,818315
4297291,2023-09-22,paid_search,android,"United States",18,Retired,NULL,141090
4297466,2024-02-28,paid_search,ios,Mexico,18,"Sales Rep",NULL,621430
4298273,2024-09-09,paid_search,android,Mexico,39,Freelancer,NULL,359178
4300335,2024-10-03,organic,web,"United States",24,Teacher,NULL,999159
4300874,2024-12-02,organic,android,Mexico,26,Nurse,NULL,NULL
4301106,2024-10-11,organic,web,"United States",43,Freelancer,NULL,NULL
4301394,2024-02-07,referral,ios,Nigeria,33,"Sales Rep",Employee,NULL
4302923,2024-08-07,affiliate,web,Brazil,36,Student,NULL,832180
4303131,2024-12-08,affiliate,ios,Canada,28,"Marketing Manager",NULL,887201
4303364,2023-11-15,affiliate,ios,"United States",36,"Small Business Owner",NULL,275203
4303389,2023-12-28,social,ios,Germany,38,"Sales Rep",NULL,465838
4303457,2024-09-10,organic,web,"United States",30,Student,NULL,NULL
4304299,2023-10-07,affiliate,android,"United States",31,Student,NULL,231932
4304860,2023-07-24,paid_search,ios,"United Kingdom",24,"Small Business Owner",NULL,359178
4305610,2024-12-02,paid_search,ios,Brazil,24,Retired,NULL,154886
4305742,2024-03-11,affiliate,web,Australia,43,Teacher,NULL,210268
4307735,2024-08-22,organic,web,"United States",29,Student,NULL,NULL
4308505,2024-09-30,affiliate,android,"United States",22,Teacher,NULL,231932
4311149,2024-03-01,referral,web,"United States",18,Consultant,"Partner App",NULL
4314344,2024-02-26,affiliate,ios,"United Kingdom",30,"Software Engineer",NULL,744167
4314692,2024-07-06,affiliate,ios,Australia,40,Consultant,NULL,291335
4317657,2024-03-23,referral,ios,"United States",30,Student,"Existing Customer",NULL
4318843,2024-09-11,paid_search,android,"United Kingdom",27,Student,NULL,154886
4319144,2024-10-22,affiliate,ios,"United Kingdom",18,Freelancer,NULL,231932
4319343,2023-11-05,affiliate,ios,Germany,48,Freelancer,NULL,832180
4321127,2023-12-28,affiliate,android,"United States",36,Freelancer,NULL,744167
4322918,2023-10-23,affiliate,ios,"United States",35,Consultant,NULL,832180
4324024,2023-03-15,social,android,"United States",32,Student,NULL,465838
4324664,2024-03-10,referral,web,"United States",18,Student,Employee,NULL
4325315,2024-12-18,paid_search,web,Mexico,54,Freelancer,NULL,154886
4327786,2024-06-16,affiliate,web,"United Kingdom",32,Retired,NULL,210268
4329049,2024-07-21,affiliate,web,"United States",44,Nurse,NULL,231932
4329782,2024-05-25,social,web,"United States",51,Freelancer,NULL,465838
4330263,2023-11-10,organic,web,"United States",26,Teacher,NULL,999159
4330922,2023-06-23,organic,android,"United States",23,"Sales Rep",NULL,NULL
4331068,2024-07-03,organic,web,Mexico,35,Freelancer,NULL,NULL
4331106,2024-08-15,paid_search,ios,"United States",46,Nurse,NULL,818315
4332006,2024-07-04,organic,ios,"United States",43,"Software Engineer",NULL,NULL
4334817,2024-03-22,organic,ios,"United States",18,Teacher,NULL,NULL
4335705,2024-12-05,paid_search,web,Brazil,22,Accountant,NULL,621430
4336640,2024-11-03,organic,android,Canada,44,Unemployed,NULL,NULL
4337013,2024-04-24,affiliate,ios,Canada,30,Consultant,NULL,291335
4337031,2024-12-06,affiliate,ios,"United States",37,"Small Business Owner",NULL,887201
4337920,2023-10-23,organic,ios,Mexico,31,"Sales Rep",NULL,NULL
4338442,2023-11-15,paid_search,android,"United States",27,Retired,NULL,154886
4338669,2024-08-09,paid_search,android,India,35,Student,NULL,154886
4340216,2024-10-27,paid_search,android,Canada,25,"Sales Rep",NULL,187498
4340444,2024-07-26,affiliate,android,"United States",31,Retired,NULL,291335
4341861,2024-12-13,referral,ios,Canada,49,Freelancer,"Existing Customer",NULL
4343867,2024-01-15,referral,web,"United States",44,Unemployed,"Existing Customer",NULL
4344014,2024-11-25,paid_search,web,"United States",39,Teacher,NULL,771155
4344250,2024-07-18,referral,web,Germany,25,"Marketing Manager","Community Forum",NULL
4344443,2024-09-16,organic,android,Canada,29,Student,NULL,NULL
4344849,2024-08-11,paid_search,web,"United States",49,Freelancer,NULL,187498
4345026,2024-11-25,social,ios,Germany,39,"Small Business Owner",NULL,378167
4345647,2024-06-11,organic,ios,"United States",28,Unemployed,NULL,NULL
4346145,2024-08-17,social,ios,Canada,33,Student,NULL,465838
4346386,2023-12-09,organic,android,Nigeria,26,Accountant,NULL,NULL
4346668,2024-10-08,organic,ios,Germany,29,Nurse,NULL,NULL
4347526,2024-01-01,affiliate,ios,"United States",48,"Software Engineer",NULL,887201
4348549,2024-10-02,affiliate,web,"United Kingdom",32,Unemployed,NULL,887201
4351278,2024-12-28,paid_search,android,"United States",39,Retired,NULL,237337
4352214,2023-07-11,affiliate,ios,Canada,24,Retired,NULL,275203
4352252,2024-03-16,paid_search,android,Philippines,29,Nurse,NULL,154886
4352921,2023-08-07,organic,android,"United States",54,Consultant,NULL,NULL
4353030,2024-11-07,referral,web,"United States",50,Consultant,"Community Forum",NULL
4353597,2023-07-08,organic,android,"United Kingdom",32,Freelancer,NULL,999159
4354513,2023-08-26,organic,ios,"United States",37,Teacher,NULL,NULL
4355000,2024-05-03,organic,ios,"United Kingdom",43,Freelancer,NULL,NULL
4357679,2024-03-25,paid_search,web,Nigeria,42,"Sales Rep",NULL,164820
4357963,2024-05-02,organic,web,"United States",36,Freelancer,NULL,NULL
4358509,2024-11-19,paid_search,web,Canada,31,Consultant,NULL,141090
4360011,2024-12-25,referral,android,"United States",46,Nurse,"Community Forum",NULL
4360492,2024-10-28,affiliate,web,"United States",31,Teacher,NULL,887201
4364695,2024-08-09,affiliate,web,"United States",38,Nurse,NULL,291335
4366823,2024-12-16,organic,ios,India,55,"Marketing Manager",NULL,NULL
4368045,2023-10-01,organic,web,Canada,49,Teacher,NULL,NULL
4369415,2023-12-03,paid_search,android,India,34,Nurse,NULL,141090
4369538,2024-10-09,social,web,"United States",25,Unemployed,NULL,378167
4369720,2023-11-24,organic,android,"United States",35,"Small Business Owner",NULL,429365
4370698,2023-11-25,paid_search,android,"United Kingdom",31,Student,NULL,621430
4371484,2023-10-11,organic,web,"United States",32,Unemployed,NULL,NULL
4372105,2024-06-11,referral,android,"United States",18,Student,Employee,NULL
4372455,2024-08-04,social,web,"United States",42,Accountant,NULL,465838
4372863,2024-07-26,paid_search,ios,Mexico,38,"Sales Rep",NULL,771155
4373307,2023-07-09,referral,web,India,45,Retired,"Existing Customer",NULL
4374659,2024-08-27,organic,ios,"United Kingdom",38,Retired,NULL,NULL
4374775,2024-07-23,affiliate,web,"United States",34,"Marketing Manager",NULL,291335
4375957,2024-09-09,paid_search,ios,"United States",46,Nurse,NULL,818315
4376513,2023-09-14,affiliate,android,"United Kingdom",36,Consultant,NULL,221958
4377136,2024-12-11,affiliate,android,"United Kingdom",18,Student,NULL,275203
4377778,2024-10-16,organic,android,"United States",35,Nurse,NULL,NULL
4379569,2023-10-05,organic,android,Philippines,18,Consultant,NULL,NULL
4381915,2023-11-19,referral,web,India,33,"Marketing Manager","Partner App",NULL
4383973,2023-12-11,paid_search,ios,"United States",40,Unemployed,NULL,421879
4386501,2023-09-05,referral,web,Germany,38,Nurse,"Community Forum",NULL
4387990,2023-12-18,organic,ios,"United Kingdom",34,Nurse,NULL,999159
4388445,2024-11-04,referral,android,Australia,31,"Sales Rep","Community Forum",NULL
4390742,2024-02-24,social,ios,"United States",46,Accountant,NULL,465838
4395049,2024-10-30,paid_search,web,Philippines,18,Retired,NULL,818315
4399618,2024-04-02,affiliate,web,"United States",39,Freelancer,NULL,275203
4399752,2024-09-27,paid_search,web,"United States",21,"Small Business Owner",NULL,164820
4401447,2024-05-28,affiliate,web,"United States",43,"Sales Rep",NULL,210268
4401461,2024-09-13,organic,android,Canada,34,Retired,NULL,NULL
4402155,2024-11-19,affiliate,android,Canada,27,Teacher,NULL,832180
4402410,2023-11-15,paid_search,ios,Canada,37,Accountant,NULL,621430
4403096,2023-08-14,organic,ios,"United States",31,"Marketing Manager",NULL,NULL
4403209,2024-08-01,organic,android,"United States",18,"Small Business Owner",NULL,NULL
4404158,2024-07-11,organic,ios,Philippines,63,"Small Business Owner",NULL,999159
4404629,2023-11-04,organic,android,India,23,"Sales Rep",NULL,NULL
4405851,2024-03-01,organic,android,"United States",33,Consultant,NULL,NULL
4410580,2024-06-04,paid_search,ios,"United States",31,"Marketing Manager",NULL,237337
4411647,2023-07-18,affiliate,web,Canada,20,"Sales Rep",NULL,231932
4413654,2024-04-27,paid_search,android,Canada,43,Unemployed,NULL,164820
4415398,2024-05-30,organic,ios,"United Kingdom",34,Student,NULL,NULL
4415473,2024-03-28,paid_search,android,"United States",18,Unemployed,NULL,164820
4415871,2024-12-20,paid_search,web,Brazil,34,Consultant,NULL,771155
4416403,2023-12-07,social,ios,"United States",39,Retired,NULL,378167
4421103,2024-04-12,paid_search,web,"United States",39,"Sales Rep",NULL,237337
4423754,2024-09-17,organic,ios,"United States",49,Teacher,NULL,NULL
4427975,2023-07-26,social,web,"United States",32,"Sales Rep",NULL,378167
4428261,2024-08-03,organic,web,Australia,39,"Software Engineer",NULL,NULL
4431543,2024-08-17,social,ios,India,44,"Sales Rep",NULL,465838
4432207,2024-10-06,organic,ios,"United Kingdom",19,"Software Engineer",NULL,NULL
4433372,2023-11-14,paid_search,web,Philippines,53,Retired,NULL,818315
4433382,2023-09-27,paid_search,android,Philippines,22,Freelancer,NULL,421879
4434078,2024-08-22,social,android,Germany,31,"Software Engineer",NULL,378167
4434955,2023-10-03,paid_search,ios,"United States",26,"Sales Rep",NULL,621430
4435504,2024-08-18,paid_search,android,"United States",44,Accountant,NULL,771155
4436252,2024-04-15,organic,android,Canada,42,Unemployed,NULL,NULL
4437172,2023-05-17,affiliate,ios,"United States",41,"Sales Rep",NULL,291335
4438550,2023-10-23,affiliate,ios,Nigeria,31,Freelancer,NULL,291335
4438618,2024-12-15,organic,web,"United States",28,Nurse,NULL,NULL
4438780,2023-07-18,paid_search,android,"United States",60,Consultant,NULL,141090
4439187,2024-02-04,paid_search,android,Brazil,49,Unemployed,NULL,621430
4439289,2024-07-27,affiliate,android,"United States",36,Accountant,NULL,231932
4440863,2024-06-12,affiliate,android,"United Kingdom",31,Teacher,NULL,291335
4440866,2024-10-23,organic,android,Canada,44,Nurse,NULL,NULL
4441628,2024-02-21,organic,web,"United States",30,Student,NULL,429365
4443571,2024-01-12,affiliate,web,Mexico,43,Teacher,NULL,221958
4443609,2024-07-16,organic,web,India,44,"Marketing Manager",NULL,NULL
4444084,2024-10-03,organic,ios,Mexico,27,Teacher,NULL,NULL
4445376,2024-11-08,affiliate,android,"United States",41,"Software Engineer",NULL,291335
4446839,2024-08-11,organic,web,"United States",27,Teacher,NULL,NULL
4448678,2024-07-07,affiliate,android,Brazil,44,"Software Engineer",NULL,832180
4451356,2024-06-18,organic,web,"United States",18,Unemployed,NULL,NULL
4452097,2024-12-28,affiliate,ios,"United States",40,"Sales Rep",NULL,221958
4452501,2024-12-20,social,ios,"United States",26,Nurse,NULL,465838
4452814,2024-12-06,referral,web,Canada,35,Consultant,Employee,NULL
4453708,2024-07-27,organic,android,"United Kingdom",31,Freelancer,NULL,NULL
4455673,2024-02-15,social,ios,"United States",41,"Marketing Manager",NULL,465838
4456653,2024-11-04,referral,web,Mexico,42,Nurse,"Existing Customer",NULL
4456800,2023-10-22,organic,android,Canada,24,"Software Engineer",NULL,NULL
4457521,2024-11-13,social,android,"United Kingdom",18,Accountant,NULL,465838
4457550,2023-09-17,social,ios,"United States",42,"Small Business Owner",NULL,378167
4460096,2024-01-25,organic,android,Mexico,27,Accountant,NULL,NULL
4462511,2024-08-29,social,ios,"United States",33,Nurse,NULL,378167
4463227,2024-07-16,social,ios,Brazil,25,Student,NULL,378167
4463351,2024-11-04,paid_search,web,Nigeria,36,Teacher,NULL,164820
4463894,2024-05-07,paid_search,web,Australia,29,"Sales Rep",NULL,237337
4464442,2023-10-12,referral,android,Canada,45,Nurse,"Partner App",NULL
4466689,2024-08-10,paid_search,web,Australia,25,Accountant,NULL,164820
4467366,2024-04-19,organic,web,"United Kingdom",21,Freelancer,NULL,NULL
4469992,2024-06-30,affiliate,ios,"United States",28,Student,NULL,744167
4471750,2024-06-14,affiliate,android,"United States",28,"Software Engineer",NULL,221958
4471888,2023-10-09,organic,web,Canada,39,"Small Business Owner",NULL,NULL
4472696,2024-05-15,paid_search,web,Canada,32,Accountant,NULL,818315
4475488,2023-01-22,organic,ios,India,45,"Marketing Manager",NULL,NULL
4476808,2024-11-22,affiliate,web,"United Kingdom",29,"Sales Rep",NULL,210268
4477084,2024-06-28,social,android,Mexico,34,Accountant,NULL,378167
4477899,2024-07-03,social,web,Canada,41,Freelancer,NULL,378167
4477983,2024-11-05,referral,web,Germany,60,"Sales Rep","Partner App",NULL
4478192,2024-06-30,organic,web,Brazil,31,"Small Business Owner",NULL,999159
4479591,2024-03-13,organic,web,Brazil,25,Teacher,NULL,NULL
4479664,2024-04-25,affiliate,android,Canada,36,"Small Business Owner",NULL,832180
4481591,2024-11-08,organic,android,"United States",33,Consultant,NULL,NULL
4483802,2024-06-11,affiliate,ios,Canada,45,Retired,NULL,744167
4483978,2024-10-09,social,web,"United States",42,Retired,NULL,465838
4485001,2024-11-15,affiliate,android,Canada,19,Accountant,NULL,887201
4485862,2023-08-23,organic,ios,Germany,39,Nurse,NULL,NULL
4486082,2024-11-20,social,ios,"United States",40,Consultant,NULL,378167
4486142,2023-12-18,organic,ios,"United States",32,Retired,NULL,NULL
4486444,2023-09-06,social,ios,"United States",18,"Software Engineer",NULL,378167
4486669,2024-03-10,organic,web,Australia,40,"Sales Rep",NULL,NULL
4487379,2024-10-13,affiliate,android,India,51,Freelancer,NULL,744167
4487924,2024-07-23,affiliate,web,Philippines,18,Freelancer,NULL,832180
4489429,2023-11-02,organic,ios,Germany,28,"Marketing Manager",NULL,429365
4489550,2024-07-03,social,web,Germany,52,Accountant,NULL,378167
4494585,2024-09-02,organic,web,"United Kingdom",38,"Software Engineer",NULL,NULL
4494708,2024-01-02,paid_search,android,Philippines,28,"Sales Rep",NULL,359178
4496605,2024-05-09,organic,web,"United States",30,Consultant,NULL,NULL
4497831,2024-05-22,paid_search,web,Mexico,33,Freelancer,NULL,141090
4498408,2024-12-05,referral,ios,"United States",18,Freelancer,"Existing Customer",NULL
4498472,2024-01-01,organic,web,"United States",30,"Marketing Manager",NULL,NULL
4499701,2024-09-18,organic,ios,"United Kingdom",42,Student,NULL,999159
4501661,2024-05-14,paid_search,android,"United Kingdom",40,Retired,NULL,237337
4502415,2024-11-01,affiliate,web,"United States",43,Nurse,NULL,291335
4502626,2023-09-16,paid_search,android,"United States",18,Consultant,NULL,359178
4502630,2024-05-03,social,web,"United States",55,"Small Business Owner",NULL,378167
4502646,2024-06-29,affiliate,android,Australia,22,Freelancer,NULL,275203
4503157,2023-12-07,referral,ios,"United States",32,"Marketing Manager","Partner App",NULL
4503548,2024-07-04,social,ios,India,28,Retired,NULL,378167
4504473,2024-06-26,affiliate,web,Australia,22,Accountant,NULL,231932
4507145,2024-10-13,affiliate,android,"United States",41,Student,NULL,887201
4509163,2024-05-20,organic,android,Australia,35,Consultant,NULL,NULL
4509934,2023-08-01,social,ios,"United States",22,Accountant,NULL,378167
4510463,2024-03-03,referral,android,Canada,20,Student,Employee,NULL
4512664,2024-08-18,social,android,"United States",34,"Marketing Manager",NULL,378167
4514674,2024-07-30,social,web,India,18,Retired,NULL,378167
4515530,2023-11-26,paid_search,ios,"United Kingdom",50,"Marketing Manager",NULL,421879
4517741,2024-12-20,referral,android,Australia,36,Unemployed,Employee,NULL
4517778,2024-06-24,organic,android,"United States",24,Freelancer,NULL,NULL
4518920,2023-07-23,social,ios,Australia,52,"Software Engineer",NULL,378167
4522810,2024-04-07,organic,web,Philippines,18,Retired,NULL,429365
4526185,2023-11-23,affiliate,web,Brazil,36,"Software Engineer",NULL,221958
4526737,2024-01-01,organic,web,"United States",18,Consultant,NULL,NULL
4527110,2024-07-23,affiliate,ios,"United States",52,Unemployed,NULL,210268
4529801,2024-09-06,organic,ios,India,62,Teacher,NULL,NULL
4531674,2023-11-28,affiliate,web,Brazil,41,Freelancer,NULL,291335
4534150,2024-09-27,organic,android,India,25,Freelancer,NULL,NULL
4535443,2024-05-30,affiliate,web,Canada,43,Accountant,NULL,231932
4541483,2024-02-13,affiliate,web,"United States",32,Freelancer,NULL,832180
4541815,2023-11-19,referral,web,Australia,32,Student,Employee,NULL
4546434,2024-01-12,referral,android,"United States",20,Accountant,"Existing Customer",NULL
4547480,2023-12-19,affiliate,ios,"United Kingdom",30,Freelancer,NULL,744167
4549651,2024-05-15,paid_search,ios,"United Kingdom",34,Teacher,NULL,818315
4550985,2024-11-08,referral,web,"United States",25,Nurse,"Community Forum",NULL
4554382,2023-10-25,social,android,"United States",29,Freelancer,NULL,465838
4555912,2024-10-03,social,web,Canada,23,"Sales Rep",NULL,465838
4556210,2023-07-08,organic,android,"United States",18,Nurse,NULL,NULL
4556995,2023-08-04,social,web,Brazil,35,"Marketing Manager",NULL,378167
4557689,2024-10-12,social,web,Germany,40,Student,NULL,378167
4560920,2023-06-22,organic,android,Philippines,45,Accountant,NULL,NULL
4561497,2024-12-20,social,android,"United States",18,Nurse,NULL,378167
4564507,2024-07-26,affiliate,web,"United States",26,Student,NULL,210268
4566568,2023-03-14,organic,android,"United Kingdom",33,Retired,NULL,NULL
4567675,2024-01-14,affiliate,web,India,27,"Software Engineer",NULL,275203
4567945,2023-10-18,affiliate,ios,India,40,"Small Business Owner",NULL,231932
4569769,2023-04-25,paid_search,web,"United States",30,Nurse,NULL,141090
4570834,2023-10-12,referral,android,Philippines,24,Unemployed,"Existing Customer",NULL
4571387,2024-06-01,paid_search,web,Canada,18,Accountant,NULL,154886
4576511,2024-12-08,organic,ios,Germany,34,Freelancer,NULL,NULL
4578226,2024-05-09,organic,android,"United States",24,"Software Engineer",NULL,999159
4578478,2024-10-21,paid_search,android,"United States",36,Teacher,NULL,154886
4580885,2024-01-19,affiliate,android,"United Kingdom",38,"Small Business Owner",NULL,221958
4581311,2024-09-28,referral,ios,India,30,Freelancer,"Community Forum",NULL
4581877,2024-01-03,affiliate,android,Germany,41,"Sales Rep",NULL,832180
4584197,2024-12-15,organic,ios,"United States",46,Retired,NULL,NULL
4590511,2023-09-23,paid_search,web,Philippines,39,"Software Engineer",NULL,154886
4593824,2024-07-13,paid_search,android,Philippines,35,"Software Engineer",NULL,359178
4594058,2024-04-20,organic,android,India,38,"Sales Rep",NULL,NULL
4594128,2024-07-29,organic,ios,"United Kingdom",54,Retired,NULL,NULL
4594804,2023-11-13,social,android,Canada,35,Freelancer,NULL,378167
4597170,2024-01-30,organic,web,"United States",49,Nurse,NULL,NULL
4597706,2023-12-18,affiliate,web,"United States",18,Accountant,NULL,291335
4599537,2024-06-19,affiliate,web,"United Kingdom",55,Retired,NULL,221958
4599865,2024-12-30,paid_search,ios,"United States",27,Accountant,NULL,359178
4600200,2024-11-15,organic,android,Mexico,36,"Software Engineer",NULL,NULL
4600952,2024-05-14,organic,ios,"United States",25,Teacher,NULL,NULL
4600957,2024-11-09,organic,ios,"United States",42,Freelancer,NULL,NULL
4602571,2024-07-11,referral,ios,Canada,39,Accountant,"Existing Customer",NULL
4603110,2024-07-16,social,android,Australia,18,"Marketing Manager",NULL,378167
4604724,2023-11-15,paid_search,web,India,42,"Marketing Manager",NULL,154886
4606940,2024-10-19,referral,web,"United States",57,Teacher,"Partner App",NULL
4607323,2024-12-30,referral,web,"United States",21,Unemployed,"Partner App",NULL
4609134,2024-04-26,organic,android,"United States",25,"Small Business Owner",NULL,NULL
4609684,2024-11-05,organic,web,"United States",36,Teacher,NULL,NULL
4609736,2024-04-12,organic,ios,"United States",42,Retired,NULL,NULL
4612600,2024-11-10,organic,web,India,37,"Small Business Owner",NULL,NULL
4612610,2024-11-22,paid_search,ios,"United Kingdom",20,Accountant,NULL,621430
4612914,2023-10-13,referral,android,"United States",26,Student,Employee,NULL
4613163,2024-08-05,affiliate,android,"United States",33,"Software Engineer",NULL,231932
4613983,2023-12-17,organic,web,India,18,Accountant,NULL,NULL
4614705,2024-07-06,organic,web,"United States",54,"Software Engineer",NULL,NULL
4615590,2024-03-03,paid_search,android,Nigeria,18,Unemployed,NULL,154886
4615652,2024-08-10,affiliate,android,"United States",40,Freelancer,NULL,221958
4617556,2024-03-05,affiliate,android,Germany,50,Accountant,NULL,291335
4618313,2024-05-15,referral,ios,Canada,19,"Sales Rep","Existing Customer",NULL
4619047,2024-08-26,social,android,"United States",46,Accountant,NULL,465838
4620597,2024-01-21,paid_search,web,"United States",18,Student,NULL,164820
4621420,2024-02-24,organic,android,Philippines,22,"Small Business Owner",NULL,NULL
4621581,2023-12-24,social,android,"United States",18,"Software Engineer",NULL,378167
4622138,2024-04-03,organic,web,"United States",35,Accountant,NULL,NULL
4622546,2023-08-03,organic,android,"United States",25,Student,NULL,NULL
4623425,2023-03-30,paid_search,ios,Nigeria,22,Consultant,NULL,237337
4625279,2024-10-10,paid_search,web,Brazil,35,Consultant,NULL,187498
4625654,2024-01-03,organic,ios,"United Kingdom",28,Consultant,NULL,999159
4630400,2024-09-27,organic,web,"United States",36,Nurse,NULL,NULL
4631047,2023-11-16,affiliate,web,Brazil,45,"Sales Rep",NULL,210268
4631171,2024-04-04,organic,ios,"United States",51,Student,NULL,NULL
4631453,2023-09-26,paid_search,web,"United States",22,Consultant,NULL,818315
4632632,2023-05-31,organic,ios,"United States",47,Student,NULL,NULL
4633646,2023-11-17,referral,ios,Brazil,40,Student,"Community Forum",NULL
4633795,2024-08-25,affiliate,android,"United Kingdom",46,Teacher,NULL,231932
4634183,2024-08-20,affiliate,web,"United States",38,Accountant,NULL,221958
4636119,2024-02-19,affiliate,ios,Australia,33,Accountant,NULL,291335
4637588,2024-12-16,paid_search,android,"United States",31,"Software Engineer",NULL,187498
4637820,2024-03-21,paid_search,ios,"United States",44,Unemployed,NULL,154886
4637967,2024-12-16,organic,android,"United States",44,"Small Business Owner",NULL,NULL
4640377,2023-05-06,social,ios,Nigeria,20,"Software Engineer",NULL,378167
4641141,2023-10-24,affiliate,ios,"United States",48,Teacher,NULL,275203
4641771,2024-11-06,social,ios,"United States",28,Consultant,NULL,378167
4643488,2023-12-28,paid_search,android,"United States",24,Unemployed,NULL,141090
4646804,2024-01-02,social,web,"United States",52,"Sales Rep",NULL,378167
4647371,2024-05-15,paid_search,android,"United States",35,Consultant,NULL,359178
4647965,2024-12-28,organic,android,"United States",35,Teacher,NULL,NULL
4649244,2023-11-24,affiliate,web,Germany,26,Nurse,NULL,832180
4649279,2024-08-13,paid_search,android,Canada,28,Student,NULL,154886
4649886,2024-03-19,social,ios,"United States",39,"Software Engineer",NULL,465838
4651387,2024-10-03,social,ios,"United States",18,Nurse,NULL,378167
4657905,2023-04-05,paid_search,android,"United Kingdom",18,Unemployed,NULL,621430
4657919,2024-09-24,organic,ios,"United States",34,Accountant,NULL,NULL
4658997,2024-10-03,paid_search,ios,"United States",48,"Marketing Manager",NULL,164820
4659985,2023-09-18,social,ios,"United States",32,Teacher,NULL,465838
4661306,2024-08-03,affiliate,web,Mexico,27,Freelancer,NULL,832180
4662097,2024-06-02,affiliate,web,"United States",29,"Marketing Manager",NULL,887201
4662340,2024-02-15,paid_search,android,Germany,52,"Small Business Owner",NULL,141090
4663289,2024-07-20,social,android,"United States",29,Student,NULL,465838
4665842,2024-04-12,organic,web,India,46,"Software Engineer",NULL,NULL
4666344,2024-09-01,paid_search,ios,Brazil,21,Teacher,NULL,621430
4666569,2023-09-16,social,android,"United States",52,Freelancer,NULL,465838
4668280,2024-06-29,organic,ios,Philippines,39,"Sales Rep",NULL,429365
4668866,2024-08-25,organic,ios,Brazil,49,Unemployed,NULL,NULL
4672214,2023-09-18,social,ios,Canada,20,Freelancer,NULL,465838
4672277,2024-08-19,paid_search,ios,"United States",27,Freelancer,NULL,818315
4674153,2024-10-04,social,web,"United States",38,"Sales Rep",NULL,378167
4674515,2024-05-10,paid_search,ios,Brazil,19,"Sales Rep",NULL,621430
4675049,2024-02-23,paid_search,ios,"United States",45,"Software Engineer",NULL,237337
4678086,2024-11-28,social,web,"United States",40,Retired,NULL,465838
4678621,2024-04-07,organic,android,Canada,29,Nurse,NULL,NULL
4681262,2023-12-02,affiliate,web,Germany,32,"Software Engineer",NULL,832180
4681890,2024-04-28,referral,android,Mexico,44,Freelancer,"Existing Customer",NULL
4682796,2024-04-22,paid_search,ios,"United States",49,"Small Business Owner",NULL,421879
4683460,2023-05-19,social,web,"United States",40,Student,NULL,465838
4683909,2024-02-10,paid_search,web,"United States",22,"Marketing Manager",NULL,621430
4684815,2024-08-22,paid_search,web,Canada,35,"Small Business Owner",NULL,154886
4685104,2023-07-04,social,web,"United Kingdom",43,Unemployed,NULL,465838
4685501,2024-12-04,social,android,"United Kingdom",25,Unemployed,NULL,465838
4688173,2024-08-30,organic,android,"United States",18,Teacher,NULL,NULL
4689024,2023-07-22,organic,web,Germany,19,Freelancer,NULL,NULL
4689638,2024-12-01,social,web,India,31,"Sales Rep",NULL,465838
4690583,2023-08-15,referral,web,"United States",29,Freelancer,"Partner App",NULL
4693305,2024-04-04,social,android,"United States",20,"Small Business Owner",NULL,378167
4693793,2023-09-28,organic,web,Canada,43,Freelancer,NULL,NULL
4693976,2024-08-21,organic,web,India,55,Accountant,NULL,NULL
4695961,2023-11-12,paid_search,ios,Brazil,44,Teacher,NULL,771155
4696176,2024-08-12,paid_search,web,Nigeria,35,Consultant,NULL,771155
4696458,2023-10-03,organic,android,"United Kingdom",27,"Software Engineer",NULL,NULL
4699243,2023-07-21,paid_search,web,Mexico,32,"Software Engineer",NULL,771155
4699391,2023-06-06,organic,ios,Canada,37,"Small Business Owner",NULL,NULL
4699397,2024-07-01,organic,web,India,36,Unemployed,NULL,NULL
4702418,2024-03-02,organic,android,Brazil,29,Accountant,NULL,NULL
4702590,2024-02-19,organic,ios,Canada,41,"Sales Rep",NULL,999159
4703367,2023-11-20,paid_search,ios,India,38,"Small Business Owner",NULL,621430
4703713,2023-07-13,paid_search,ios,"United States",25,Accountant,NULL,154886
4704697,2024-02-18,organic,android,India,31,Unemployed,NULL,NULL
4708201,2024-06-11,social,android,"United States",37,Retired,NULL,378167
4708654,2024-10-30,organic,web,Canada,30,Freelancer,NULL,NULL
4710388,2023-10-04,paid_search,android,Brazil,18,Accountant,NULL,771155
4710879,2023-10-08,referral,web,Philippines,29,"Sales Rep","Existing Customer",NULL
4711584,2024-09-10,paid_search,ios,"United Kingdom",45,Consultant,NULL,771155
4713543,2023-08-08,organic,ios,"United States",42,"Sales Rep",NULL,NULL
4714379,2024-11-05,organic,ios,Brazil,32,Unemployed,NULL,NULL
4714755,2023-07-10,organic,web,"United Kingdom",39,Teacher,NULL,NULL
4715929,2024-12-04,organic,web,"United States",36,Nurse,NULL,NULL
4716434,2023-06-13,social,ios,Germany,37,"Small Business Owner",NULL,378167
4719194,2024-09-27,paid_search,web,Philippines,26,Retired,NULL,237337
4720464,2024-01-07,paid_search,web,Germany,21,Student,NULL,421879
4722946,2024-12-13,organic,android,"United States",19,"Small Business Owner",NULL,NULL
4723234,2024-11-11,organic,ios,Brazil,31,Unemployed,NULL,NULL
4725530,2023-12-08,affiliate,android,"United States",26,Nurse,NULL,275203
4726904,2024-10-18,paid_search,ios,"United States",18,Retired,NULL,154886
4730370,2024-05-28,organic,web,Nigeria,31,Retired,NULL,NULL
4731570,2024-11-20,social,web,"United Kingdom",58,Teacher,NULL,378167
4732238,2024-06-27,organic,android,"United States",49,Unemployed,NULL,NULL
4732517,2023-12-04,organic,web,Mexico,28,Consultant,NULL,NULL
4732839,2024-04-03,organic,android,"United States",28,"Sales Rep",NULL,NULL
4733149,2023-05-17,social,web,Canada,38,Consultant,NULL,465838
4734942,2023-07-19,paid_search,web,India,18,Consultant,NULL,154886
4735466,2024-04-12,organic,web,"United States",35,"Marketing Manager",NULL,NULL
4737973,2024-05-16,affiliate,web,Mexico,37,Student,NULL,210268
4739469,2024-02-24,affiliate,ios,Canada,35,"Sales Rep",NULL,210268
4741196,2023-05-31,organic,web,"United States",26,"Sales Rep",NULL,999159
4742849,2024-07-21,affiliate,web,Australia,23,"Small Business Owner",NULL,275203
4742918,2024-08-16,paid_search,android,"United States",58,"Software Engineer",NULL,818315
4743185,2024-06-09,paid_search,web,Brazil,28,Retired,NULL,141090
4743757,2024-12-07,paid_search,ios,"United Kingdom",41,"Software Engineer",NULL,154886
4743797,2024-05-28,organic,ios,"United Kingdom",37,"Marketing Manager",NULL,NULL
4746169,2024-12-13,organic,ios,Canada,37,"Sales Rep",NULL,NULL
4750222,2023-04-18,social,web,Germany,26,Accountant,NULL,378167
4751198,2024-02-29,organic,web,"United Kingdom",21,Teacher,NULL,NULL
4751387,2024-07-06,paid_search,android,Australia,36,"Marketing Manager",NULL,237337
4751531,2023-06-07,organic,web,Mexico,20,Student,NULL,429365
4755490,2024-07-30,paid_search,ios,India,34,"Marketing Manager",NULL,164820
4757974,2024-02-21,paid_search,android,India,39,Consultant,NULL,187498
4757985,2024-10-28,organic,android,Australia,43,Nurse,NULL,429365
4759505,2024-04-07,organic,ios,"United States",33,"Sales Rep",NULL,NULL
4759834,2024-07-05,paid_search,ios,Brazil,47,Freelancer,NULL,237337
4761054,2023-09-10,social,android,"United Kingdom",39,Consultant,NULL,378167
4761509,2024-04-19,organic,android,India,31,"Small Business Owner",NULL,429365
4761675,2024-06-21,referral,ios,"United Kingdom",33,Accountant,"Community Forum",NULL
4762853,2024-01-26,organic,android,Germany,48,Teacher,NULL,NULL
4763024,2024-08-24,organic,ios,Germany,24,"Sales Rep",NULL,NULL
4763122,2023-11-02,organic,ios,Canada,25,"Software Engineer",NULL,NULL
4763302,2024-04-12,paid_search,ios,Germany,46,"Marketing Manager",NULL,621430
4764455,2024-07-14,organic,ios,Canada,35,Accountant,NULL,NULL
4764993,2024-10-29,paid_search,ios,"United States",21,Freelancer,NULL,621430
4765056,2024-08-20,organic,web,Mexico,40,Student,NULL,NULL
4765444,2023-10-25,organic,web,Australia,31,Accountant,NULL,NULL
4767263,2024-07-29,affiliate,android,"United Kingdom",18,"Small Business Owner",NULL,221958
4768553,2023-08-16,referral,ios,"United States",34,Nurse,"Existing Customer",NULL
4768950,2024-01-10,organic,android,"United States",26,"Software Engineer",NULL,NULL
4769457,2024-07-11,organic,android,India,37,Teacher,NULL,NULL
4769484,2023-03-25,organic,android,Germany,18,"Software Engineer",NULL,NULL
4770183,2024-12-02,organic,android,"United States",46,Accountant,NULL,NULL
4770771,2024-07-08,organic,ios,"United States",22,Accountant,NULL,NULL
4772380,2024-08-06,affiliate,web,Canada,41,"Software Engineer",NULL,744167
4772515,2024-09-10,affiliate,android,"United States",18,"Small Business Owner",NULL,275203
4772763,2024-11-14,organic,ios,Mexico,18,Accountant,NULL,NULL
4772811,2024-11-08,organic,android,"United States",39,Unemployed,NULL,NULL
4772962,2024-12-30,organic,web,India,20,Unemployed,NULL,NULL
4773618,2024-10-25,affiliate,web,Brazil,21,"Small Business Owner",NULL,291335
4775702,2024-01-10,organic,web,"United States",25,"Sales Rep",NULL,NULL
4776764,2024-12-18,referral,web,"United Kingdom",38,Nurse,Employee,NULL
4777173,2023-06-15,social,web,"United States",40,Accountant,NULL,378167
4777341,2024-12-05,referral,web,Philippines,18,"Small Business Owner","Existing Customer",NULL
4777538,2024-06-23,organic,ios,"United States",27,Accountant,NULL,NULL
4779044,2023-08-24,organic,ios,"United Kingdom",43,"Marketing Manager",NULL,NULL
4779337,2023-12-05,paid_search,web,"United States",35,Consultant,NULL,237337
4782164,2024-05-11,affiliate,android,Australia,31,Student,NULL,887201
4782875,2024-12-05,social,ios,Mexico,29,Unemployed,NULL,465838
4783112,2024-10-04,organic,web,"United Kingdom",43,Accountant,NULL,999159
4783799,2024-11-16,organic,android,"United States",30,Teacher,NULL,NULL
4783831,2023-11-10,paid_search,android,Philippines,29,Student,NULL,621430
4787132,2024-07-14,social,ios,Canada,58,Freelancer,NULL,465838
4787415,2024-03-06,organic,ios,Germany,26,Consultant,NULL,NULL
4788340,2024-11-08,affiliate,android,Philippines,38,Teacher,NULL,832180
4788963,2024-07-14,paid_search,web,Germany,26,Unemployed,NULL,771155
4789514,2024-09-08,organic,android,"United States",46,Unemployed,NULL,NULL
4790328,2024-03-07,organic,ios,"United States",37,Teacher,NULL,NULL
4791296,2024-12-09,organic,ios,"United States",18,Student,NULL,NULL
4791481,2024-09-04,affiliate,web,Canada,37,Accountant,NULL,231932
4792824,2023-11-12,affiliate,web,"United Kingdom",53,Teacher,NULL,275203
4793092,2024-12-14,paid_search,ios,Canada,21,Accountant,NULL,141090
4793868,2024-01-31,organic,web,Germany,35,"Marketing Manager",NULL,NULL
4798057,2024-05-17,organic,ios,"United States",38,Retired,NULL,NULL
4800315,2024-09-10,affiliate,ios,Mexico,19,Unemployed,NULL,887201
4800760,2024-09-12,affiliate,android,"United States",47,Unemployed,NULL,210268
4800986,2024-03-03,organic,web,"United States",35,Retired,NULL,NULL
4801065,2024-11-20,social,web,"United Kingdom",37,Unemployed,NULL,465838
4801082,2024-04-02,paid_search,android,Nigeria,34,Consultant,NULL,141090
4801250,2023-12-12,social,web,India,22,Student,NULL,378167
4802177,2024-04-29,paid_search,android,"United States",52,Teacher,NULL,237337
4802986,2023-10-17,social,web,"United States",46,Consultant,NULL,378167
4803074,2024-08-18,affiliate,ios,"United States",50,Student,NULL,231932
4804409,2024-07-14,referral,ios,Philippines,21,Unemployed,"Existing Customer",NULL
4806688,2024-02-29,organic,web,"United States",40,Teacher,NULL,NULL
4808282,2024-08-18,paid_search,ios,"United Kingdom",48,Teacher,NULL,187498
4809395,2024-03-11,affiliate,ios,"United States",63,Consultant,NULL,291335
4809697,2024-12-21,referral,web,Canada,18,Consultant,"Community Forum",NULL
4809821,2023-12-06,referral,web,Canada,18,"Sales Rep","Existing Customer",NULL
4811666,2024-10-10,organic,ios,Philippines,36,Consultant,NULL,NULL
4812010,2023-12-14,social,web,"United Kingdom",28,Accountant,NULL,378167
4812197,2023-07-14,affiliate,ios,Canada,37,Consultant,NULL,744167
4813270,2024-07-14,social,web,India,36,Accountant,NULL,378167
4815144,2024-09-18,affiliate,ios,"United States",29,Consultant,NULL,291335
4816446,2024-02-23,organic,web,Australia,42,"Marketing Manager",NULL,NULL
4817042,2024-03-06,affiliate,web,Canada,22,"Sales Rep",NULL,744167
4817242,2024-11-13,affiliate,ios,Mexico,21,Accountant,NULL,887201
4817780,2024-10-04,paid_search,web,Brazil,41,Teacher,NULL,359178
4819712,2023-06-05,social,android,Philippines,35,"Small Business Owner",NULL,465838
4820730,2024-09-12,social,android,"United States",30,Nurse,NULL,378167
4820887,2024-10-23,organic,ios,Germany,32,Accountant,NULL,999159
4820888,2024-10-24,paid_search,web,"United States",18,Accountant,NULL,154886
4821301,2024-03-19,social,ios,Philippines,42,"Small Business Owner",NULL,378167
4822069,2024-03-31,referral,web,"United States",43,"Marketing Manager",Employee,NULL
4822727,2023-10-23,social,web,"United Kingdom",30,Student,NULL,465838
4823873,2024-12-27,organic,android,"United States",44,Accountant,NULL,NULL
4824857,2024-09-04,affiliate,web,Canada,29,Retired,NULL,744167
4825091,2023-05-05,organic,web,"United States",32,Consultant,NULL,NULL
4827271,2023-12-15,referral,android,Canada,32,Accountant,"Community Forum",NULL
4828433,2023-05-27,social,android,"United States",30,Retired,NULL,378167
4829049,2024-09-01,paid_search,web,"United States",41,"Sales Rep",NULL,421879
4829994,2024-07-08,paid_search,ios,Germany,30,"Sales Rep",NULL,164820
4830121,2024-03-14,paid_search,web,"United States",29,Unemployed,NULL,771155
4831854,2024-02-02,paid_search,web,"United Kingdom",18,Freelancer,NULL,621430
4832978,2024-07-14,paid_search,web,"United Kingdom",25,Student,NULL,141090
4833284,2024-05-13,affiliate,web,"United States",46,Student,NULL,832180
4833538,2024-02-20,paid_search,ios,Mexico,33,Consultant,NULL,187498
4834242,2024-01-29,social,android,"United States",40,Unemployed,NULL,378167
4835598,2024-08-06,affiliate,ios,"United Kingdom",52,Retired,NULL,887201
4837478,2023-07-04,social,android,"United States",18,Accountant,NULL,465838
4838187,2024-12-06,paid_search,web,"United States",52,"Marketing Manager",NULL,187498
4839847,2024-11-22,affiliate,web,"United States",30,Unemployed,NULL,231932
4839973,2024-11-13,social,web,"United States",36,Retired,NULL,378167
4842411,2024-08-06,organic,ios,Philippines,34,Freelancer,NULL,NULL
4843139,2023-07-27,referral,web,"United States",41,Consultant,"Community Forum",NULL
4844328,2024-03-28,organic,web,"United States",18,Teacher,NULL,NULL
4845474,2023-03-29,organic,ios,"United Kingdom",35,Accountant,NULL,NULL
4850241,2024-04-15,paid_search,android,Brazil,29,Retired,NULL,771155
4850404,2024-07-13,affiliate,web,"United States",25,"Small Business Owner",NULL,832180
4852256,2024-07-25,paid_search,ios,"United States",50,"Marketing Manager",NULL,164820
4853321,2024-12-17,paid_search,ios,"United States",24,Unemployed,NULL,818315
4855798,2024-08-24,paid_search,web,"United States",33,"Marketing Manager",NULL,154886
4855933,2024-01-03,social,ios,"United States",38,Consultant,NULL,465838
4856600,2024-12-07,social,ios,"United Kingdom",25,Student,NULL,378167
4858804,2024-11-01,organic,ios,"United States",29,Nurse,NULL,NULL
4858884,2024-11-17,paid_search,web,"United States",28,Consultant,NULL,818315
4860562,2024-12-08,organic,ios,"United States",24,Student,NULL,NULL
4861460,2024-01-06,affiliate,web,Mexico,38,"Sales Rep",NULL,744167
4861607,2024-08-29,social,ios,India,44,Nurse,NULL,465838
4861774,2024-11-09,organic,android,Brazil,29,Student,NULL,999159
4862163,2024-09-26,organic,android,Nigeria,36,Accountant,NULL,999159
4864044,2024-01-17,paid_search,web,"United States",18,Consultant,NULL,154886
4867293,2024-04-06,referral,web,Germany,24,"Sales Rep",Employee,NULL
4867500,2023-12-07,referral,web,Canada,27,"Software Engineer","Partner App",NULL
4868452,2023-09-25,organic,web,Germany,29,"Sales Rep",NULL,NULL
4871018,2024-04-11,social,web,"United States",35,Nurse,NULL,465838
4874910,2024-08-08,organic,android,"United States",47,"Sales Rep",NULL,NULL
4875416,2024-09-28,organic,web,"United States",28,"Sales Rep",NULL,NULL
4875754,2023-10-03,organic,web,"United States",49,Nurse,NULL,NULL
4876345,2024-02-15,paid_search,ios,Germany,35,Unemployed,NULL,187498
4877590,2023-12-15,paid_search,ios,"United Kingdom",27,Consultant,NULL,187498
4877809,2024-10-10,affiliate,ios,Philippines,35,Teacher,NULL,221958
4878363,2024-11-08,referral,ios,Nigeria,33,Nurse,"Existing Customer",NULL
4878450,2023-12-14,affiliate,web,Canada,48,Student,NULL,832180
4878551,2024-08-07,referral,ios,India,50,Retired,"Existing Customer",NULL
4879928,2024-06-24,organic,android,Brazil,53,"Marketing Manager",NULL,NULL
4880323,2024-08-06,affiliate,web,Philippines,36,Accountant,NULL,887201
4880993,2024-11-13,organic,web,"United States",23,Teacher,NULL,NULL
4881143,2024-05-25,affiliate,android,"United States",23,Unemployed,NULL,221958
4881185,2024-02-27,social,ios,"United States",44,"Marketing Manager",NULL,465838
4881857,2023-10-04,affiliate,android,Brazil,29,"Software Engineer",NULL,210268
4882149,2024-08-08,social,android,"United Kingdom",18,"Marketing Manager",NULL,465838
4883337,2023-07-11,social,ios,Germany,26,"Software Engineer",NULL,465838
4884175,2023-11-22,organic,web,Brazil,31,"Marketing Manager",NULL,NULL
4885250,2024-10-12,paid_search,android,Philippines,29,"Marketing Manager",NULL,818315
4886402,2024-06-09,referral,web,India,18,Consultant,"Existing Customer",NULL
4886613,2024-01-09,social,ios,"United States",37,Freelancer,NULL,465838
4886932,2024-11-23,paid_search,android,"United States",40,Freelancer,NULL,621430
4887008,2024-05-25,affiliate,ios,Germany,19,Freelancer,NULL,210268
4889877,2024-05-31,organic,web,"United States",27,"Sales Rep",NULL,NULL
4890702,2024-10-07,affiliate,web,Canada,37,Consultant,NULL,231932
4891113,2023-09-10,referral,web,Germany,27,"Software Engineer","Existing Customer",NULL
4891151,2024-04-07,referral,ios,Australia,38,Retired,"Existing Customer",NULL
4891865,2024-12-22,paid_search,web,"United States",55,Nurse,NULL,154886
4892825,2024-01-22,organic,android,"United States",46,Unemployed,NULL,NULL
4893193,2023-09-01,organic,ios,Mexico,45,Teacher,NULL,NULL
4893623,2024-10-04,paid_search,android,Canada,33,"Sales Rep",NULL,154886
4894142,2024-03-27,social,web,Mexico,23,Accountant,NULL,465838
4894325,2024-05-10,affiliate,web,"United States",22,Consultant,NULL,231932
4894456,2023-05-02,affiliate,ios,Germany,36,Teacher,NULL,275203
4895090,2024-09-12,organic,web,"United States",30,Consultant,NULL,NULL
4895958,2024-11-11,organic,web,"United States",18,Consultant,NULL,NULL
4896830,2024-05-30,organic,ios,"United States",18,Student,NULL,NULL
4896937,2023-10-22,organic,android,"United States",19,Student,NULL,NULL
4898190,2024-06-26,paid_search,web,Canada,34,"Sales Rep",NULL,154886
4898606,2023-07-10,referral,ios,"United States",20,Student,Employee,NULL
4898888,2024-07-06,paid_search,ios,"United States",27,Accountant,NULL,359178
4900379,2024-11-17,organic,web,"United States",26,Student,NULL,NULL
4901403,2024-11-27,social,ios,"United Kingdom",26,Retired,NULL,378167
4902908,2023-12-26,paid_search,ios,"United States",46,"Small Business Owner",NULL,154886
4904722,2024-02-29,paid_search,android,"United States",38,"Small Business Owner",NULL,771155
4904840,2024-01-22,organic,ios,"United Kingdom",34,Freelancer,NULL,NULL
4906377,2023-08-19,referral,ios,Germany,18,"Software Engineer","Partner App",NULL
4906997,2024-11-09,social,web,"United Kingdom",32,"Sales Rep",NULL,465838
4907129,2023-10-05,paid_search,android,Mexico,52,"Software Engineer",NULL,187498
4909308,2023-11-21,paid_search,android,Canada,40,"Sales Rep",NULL,154886
4909439,2023-08-31,organic,web,"United States",27,Teacher,NULL,NULL
4911146,2024-05-08,paid_search,ios,Germany,36,"Software Engineer",NULL,621430
4911251,2024-11-10,organic,android,Canada,44,Nurse,NULL,NULL
4912669,2024-12-01,paid_search,web,"United States",31,Accountant,NULL,818315
4912942,2023-06-22,social,ios,"United States",27,Nurse,NULL,465838
4916533,2024-06-22,paid_search,ios,"United States",22,Freelancer,NULL,771155
4916643,2024-05-18,paid_search,ios,"United States",33,"Sales Rep",NULL,164820
4917000,2023-03-09,organic,web,Germany,45,Unemployed,NULL,NULL
4918446,2024-12-19,paid_search,ios,"United States",39,"Sales Rep",NULL,237337
4918949,2023-12-13,paid_search,web,Brazil,44,"Marketing Manager",NULL,818315
4923227,2023-08-01,social,web,India,34,Retired,NULL,378167
4924152,2024-05-12,affiliate,ios,India,30,Student,NULL,832180
4924482,2023-06-13,paid_search,web,India,18,"Sales Rep",NULL,187498
4925282,2024-12-02,paid_search,web,Australia,27,Student,NULL,154886
4927352,2024-11-02,affiliate,android,Philippines,52,Unemployed,NULL,832180
4928094,2024-08-23,affiliate,web,"United States",42,Consultant,NULL,744167
4928125,2024-12-05,referral,web,Nigeria,54,Student,Employee,NULL
4928207,2023-04-19,organic,web,India,18,"Sales Rep",NULL,NULL
4928683,2024-12-06,paid_search,android,"United States",24,Freelancer,NULL,154886
4931792,2023-12-20,affiliate,ios,"United Kingdom",36,"Small Business Owner",NULL,210268
4931895,2023-11-24,organic,web,India,30,Nurse,NULL,999159
4932441,2023-12-24,organic,web,"United States",53,Consultant,NULL,NULL
4932613,2024-09-11,social,android,Philippines,18,"Small Business Owner",NULL,465838
4932747,2024-01-14,affiliate,ios,"United States",30,"Software Engineer",NULL,210268
4933817,2024-01-13,paid_search,web,Philippines,57,Teacher,NULL,164820
4934053,2024-05-05,paid_search,web,India,49,Consultant,NULL,141090
4934740,2024-05-28,affiliate,web,Philippines,36,Teacher,NULL,210268
4936642,2023-02-20,organic,android,"United States",36,Consultant,NULL,NULL
4937270,2024-08-27,organic,web,Australia,36,"Software Engineer",NULL,NULL
4939625,2024-04-05,organic,android,"United States",32,Accountant,NULL,NULL
4940063,2024-01-27,organic,ios,Canada,21,Unemployed,NULL,NULL
4940285,2024-09-08,paid_search,android,Brazil,42,"Small Business Owner",NULL,621430
4941106,2024-09-20,referral,android,"United States",71,Nurse,"Community Forum",NULL
4941237,2024-05-18,organic,ios,Canada,31,Retired,NULL,NULL
4942863,2024-06-21,affiliate,android,India,32,Student,NULL,231932
4943439,2024-08-12,organic,web,"United States",38,Teacher,NULL,NULL
4943645,2024-07-16,organic,web,"United States",25,Retired,NULL,429365
4945123,2024-07-23,paid_search,android,"United States",28,"Small Business Owner",NULL,359178
4947208,2024-09-20,referral,ios,Brazil,48,Accountant,"Existing Customer",NULL
4947526,2024-10-01,organic,android,India,40,Student,NULL,999159
4948242,2024-11-22,affiliate,web,"United Kingdom",43,Nurse,NULL,275203
4948401,2024-05-31,affiliate,web,"United States",23,Accountant,NULL,275203
4952255,2024-07-28,social,web,Mexico,28,"Small Business Owner",NULL,465838
4954780,2024-08-04,paid_search,ios,"United States",28,Accountant,NULL,154886
4955199,2023-07-17,organic,web,"United States",32,Freelancer,NULL,NULL
4956558,2024-08-30,paid_search,ios,"United Kingdom",44,Teacher,NULL,771155
4956778,2024-03-12,organic,ios,"United States",36,Freelancer,NULL,429365
4958905,2024-09-22,organic,web,"United Kingdom",48,Freelancer,NULL,NULL
4959015,2023-07-16,social,web,Canada,43,Unemployed,NULL,465838
4961352,2023-12-13,organic,web,"United States",48,Freelancer,NULL,NULL
4961676,2024-04-04,paid_search,web,"United States",48,Student,NULL,818315
4963735,2024-12-23,organic,web,Nigeria,39,Accountant,NULL,NULL
4968178,2023-11-25,organic,web,"United States",29,Unemployed,NULL,NULL
4969411,2024-09-23,social,android,"United States",22,"Marketing Manager",NULL,465838
4970001,2024-04-05,organic,ios,"United Kingdom",28,Unemployed,NULL,NULL
4972162,2024-12-20,affiliate,web,Canada,31,Unemployed,NULL,221958
4973313,2024-10-11,referral,android,Brazil,39,Nurse,Employee,NULL
4974409,2024-10-17,organic,web,"United States",63,Accountant,NULL,NULL
4976808,2024-04-03,organic,ios,Canada,60,Freelancer,NULL,NULL
4977266,2024-04-23,paid_search,web,"United States",30,"Software Engineer",NULL,621430
4978702,2024-12-26,referral,ios,Nigeria,18,Retired,"Partner App",NULL
4980053,2023-07-27,affiliate,web,Mexico,40,"Sales Rep",NULL,231932
4980125,2023-09-14,affiliate,ios,Mexico,24,Freelancer,NULL,887201
4982588,2024-12-24,affiliate,ios,Canada,34,Unemployed,NULL,291335
4983063,2024-04-18,organic,web,"United States",33,"Sales Rep",NULL,NULL
4989284,2024-08-20,affiliate,web,"United States",18,Consultant,NULL,291335
4990919,2024-02-15,paid_search,android,India,25,"Software Engineer",NULL,421879
4991818,2024-05-03,social,android,"United States",33,Freelancer,NULL,465838
4992942,2023-11-28,affiliate,android,Australia,55,Teacher,NULL,221958
4993611,2024-10-06,social,web,Germany,20,"Small Business Owner",NULL,465838
4993767,2023-03-29,organic,web,"United States",40,"Marketing Manager",NULL,429365
4994528,2024-09-19,organic,ios,Canada,33,Accountant,NULL,NULL
4998422,2024-05-10,organic,android,"United States",32,Accountant,NULL,NULL
4998585,2023-08-31,referral,android,India,39,Teacher,"Existing Customer",NULL
4999143,2024-04-26,paid_search,ios,"United States",47,Consultant,NULL,359178
4999453,2024-05-18,organic,web,"United Kingdom",29,Freelancer,NULL,NULL
4999694,2023-11-25,organic,ios,India,27,"Software Engineer",NULL,NULL
5000737,2023-03-11,social,web,"United Kingdom",32,"Marketing Manager",NULL,465838
5000740,2024-04-04,organic,web,"United States",50,Nurse,NULL,NULL
5001070,2024-05-15,organic,android,"United States",34,Consultant,NULL,NULL
5002761,2024-05-24,organic,android,"United States",18,"Sales Rep",NULL,NULL
5002981,2023-12-02,paid_search,android,Philippines,38,Unemployed,NULL,359178
5003487,2024-09-18,affiliate,ios,Canada,29,Retired,NULL,832180
5007324,2024-10-13,social,ios,"United States",43,"Small Business Owner",NULL,465838
5008146,2024-11-29,paid_search,android,Germany,43,Teacher,NULL,237337
5010086,2023-07-26,affiliate,ios,India,34,"Sales Rep",NULL,887201
5010442,2024-05-21,referral,web,"United States",41,"Software Engineer","Existing Customer",NULL
5010768,2024-07-18,paid_search,web,Canada,43,Student,NULL,237337
5010912,2024-09-13,social,web,Mexico,47,"Sales Rep",NULL,378167
5013582,2024-09-05,organic,android,Brazil,18,"Software Engineer",NULL,NULL
5015470,2024-12-26,social,web,"United States",31,Teacher,NULL,465838
5016899,2023-09-20,paid_search,web,Canada,18,Nurse,NULL,237337
5017136,2023-12-07,organic,android,Philippines,43,"Small Business Owner",NULL,NULL
5017641,2024-04-06,paid_search,ios,"United States",43,"Marketing Manager",NULL,359178
5020018,2024-12-28,organic,web,"United States",36,Nurse,NULL,NULL
5020120,2024-03-27,organic,android,"United States",21,Unemployed,NULL,NULL
5021080,2024-01-11,affiliate,web,"United States",48,Accountant,NULL,744167
5022261,2023-07-03,referral,android,India,30,"Marketing Manager","Community Forum",NULL
5023278,2024-12-29,organic,web,"United States",46,"Marketing Manager",NULL,NULL
5024537,2024-06-23,paid_search,web,Mexico,18,Unemployed,NULL,359178
5024733,2024-09-01,referral,ios,"United States",26,Accountant,"Community Forum",NULL
5025282,2024-09-26,organic,ios,Canada,18,"Marketing Manager",NULL,NULL
5025942,2023-10-14,organic,android,"United Kingdom",39,Unemployed,NULL,NULL
5027187,2024-12-18,paid_search,android,India,18,"Marketing Manager",NULL,359178
5028604,2024-06-06,affiliate,android,Mexico,37,"Small Business Owner",NULL,887201
5031419,2024-08-22,referral,web,"United States",40,Nurse,Employee,NULL
5031464,2024-07-14,organic,android,Canada,47,Retired,NULL,NULL
5032371,2023-06-04,social,ios,India,36,"Sales Rep",NULL,465838
5032654,2024-07-19,affiliate,ios,Philippines,33,Nurse,NULL,275203
5033123,2024-03-22,paid_search,web,"United States",23,"Marketing Manager",NULL,359178
5034464,2024-06-26,referral,web,"United States",35,Freelancer,"Existing Customer",NULL
5034649,2024-06-06,organic,web,"United States",38,Freelancer,NULL,999159
5035493,2024-08-27,social,web,India,56,Accountant,NULL,465838
5035851,2023-11-02,affiliate,android,"United States",18,"Marketing Manager",NULL,210268
5036405,2023-08-03,paid_search,android,Canada,18,Student,NULL,187498
5036480,2024-03-18,organic,ios,"United States",44,Unemployed,NULL,NULL
5037746,2024-09-06,paid_search,android,"United States",45,Student,NULL,818315
5037776,2024-02-07,paid_search,android,"United States",18,Nurse,NULL,154886
5040479,2024-03-14,organic,web,Canada,20,"Marketing Manager",NULL,NULL
5041776,2024-02-17,affiliate,ios,Canada,18,Teacher,NULL,231932
5042879,2024-09-22,paid_search,web,Canada,47,Student,NULL,154886
5042942,2024-02-11,organic,ios,"United States",27,Unemployed,NULL,NULL
5043064,2024-07-12,organic,android,"United States",18,"Software Engineer",NULL,NULL
5044064,2024-12-23,paid_search,web,"United States",31,Consultant,NULL,771155
5050230,2024-04-04,organic,ios,"United States",36,Accountant,NULL,NULL
5051939,2024-09-15,organic,ios,"United States",54,Teacher,NULL,NULL
5052579,2024-06-03,paid_search,android,Canada,43,"Sales Rep",NULL,154886
5055032,2024-02-16,referral,android,"United States",33,"Marketing Manager","Community Forum",NULL
5055447,2024-06-02,social,android,"United States",27,"Sales Rep",NULL,378167
5055957,2024-01-26,organic,web,"United States",35,Freelancer,NULL,NULL
5057025,2024-06-02,organic,web,"United States",18,"Marketing Manager",NULL,999159
5057893,2024-02-18,organic,web,"United States",53,Freelancer,NULL,NULL
5058848,2023-04-06,affiliate,web,India,29,"Software Engineer",NULL,275203
5062224,2024-04-10,affiliate,android,"United States",31,"Marketing Manager",NULL,887201
5062316,2024-08-06,organic,ios,Australia,20,"Software Engineer",NULL,NULL
5062958,2024-02-18,social,android,Mexico,37,Retired,NULL,378167
5063068,2024-06-24,referral,web,Philippines,34,"Sales Rep","Existing Customer",NULL
5063309,2024-05-14,organic,ios,Australia,36,Consultant,NULL,NULL
5063997,2024-05-19,social,android,"United States",23,Teacher,NULL,465838
5064337,2024-09-08,social,web,"United States",34,Freelancer,NULL,465838
5065183,2024-02-11,paid_search,android,"United States",30,Accountant,NULL,141090
5066621,2024-09-15,organic,android,Mexico,44,Nurse,NULL,NULL
5066981,2024-08-16,organic,android,"United States",33,Teacher,NULL,429365
5067784,2024-11-21,organic,ios,Germany,18,"Software Engineer",NULL,NULL
5068316,2024-03-19,referral,android,India,25,"Software Engineer","Community Forum",NULL
5070028,2023-08-01,referral,ios,Australia,27,Retired,Employee,NULL
5070081,2024-01-30,affiliate,web,Germany,44,Nurse,NULL,291335
5071495,2024-12-20,social,ios,Nigeria,37,Consultant,NULL,465838
5071650,2024-04-01,paid_search,web,"United States",37,Nurse,NULL,237337
5071867,2023-03-10,paid_search,web,Brazil,30,Freelancer,NULL,359178
5072091,2023-07-13,affiliate,ios,India,37,Freelancer,NULL,210268
5074999,2024-09-02,affiliate,web,"United States",33,Accountant,NULL,210268
5075837,2024-04-06,organic,android,Australia,28,Unemployed,NULL,NULL
5076773,2024-07-12,paid_search,android,Mexico,18,Consultant,NULL,359178
5077716,2024-05-11,paid_search,android,"United Kingdom",32,Retired,NULL,771155
5078140,2023-09-23,social,ios,India,31,Student,NULL,378167
5079430,2024-07-08,paid_search,android,"United States",34,Student,NULL,164820
5079441,2024-10-31,organic,ios,"United States",19,"Small Business Owner",NULL,NULL
5080790,2024-01-22,organic,android,"United States",47,"Sales Rep",NULL,NULL
5081534,2023-12-05,social,android,Brazil,18,"Sales Rep",NULL,465838
5083372,2024-07-04,social,web,"United States",20,"Small Business Owner",NULL,378167
5083501,2023-11-13,affiliate,web,"United States",24,"Small Business Owner",NULL,275203
5084032,2024-04-19,organic,android,Philippines,26,Consultant,NULL,NULL
5084457,2024-02-18,social,ios,Mexico,23,Unemployed,NULL,465838
5084591,2024-12-02,organic,android,Philippines,21,Retired,NULL,NULL
5084752,2023-07-15,organic,ios,Germany,32,Retired,NULL,NULL
5090284,2024-03-31,organic,ios,India,28,Consultant,NULL,NULL
5091685,2024-09-09,organic,android,Brazil,58,Unemployed,NULL,NULL
5091701,2023-05-05,social,ios,"United Kingdom",34,Unemployed,NULL,378167
5092097,2024-11-30,organic,ios,"United Kingdom",18,"Small Business Owner",NULL,NULL
5093886,2024-10-13,paid_search,ios,Germany,37,"Small Business Owner",NULL,237337
5095077,2024-05-08,organic,web,India,34,Consultant,NULL,NULL
5096920,2024-03-08,organic,web,Philippines,33,Accountant,NULL,NULL
5098535,2024-01-05,organic,android,"United States",26,Student,NULL,NULL
5099906,2024-06-15,social,ios,"United States",42,Accountant,NULL,378167
5100321,2024-07-30,social,ios,"United States",45,Student,NULL,378167
5100612,2024-12-17,organic,android,"United States",26,Teacher,NULL,NULL
5100673,2024-07-27,organic,ios,"United Kingdom",51,Nurse,NULL,999159
5101036,2024-02-23,referral,web,"United States",31,Student,Employee,NULL
5101153,2024-07-30,organic,ios,"United States",27,Teacher,NULL,NULL
5101599,2024-12-12,referral,android,"United States",30,Nurse,Employee,NULL
5102553,2024-02-01,organic,ios,"United States",32,"Small Business Owner",NULL,NULL
5103022,2024-02-21,affiliate,web,"United States",57,"Software Engineer",NULL,275203
5105223,2024-12-13,paid_search,web,Nigeria,41,Teacher,NULL,141090
5105513,2024-04-30,social,ios,"United States",18,Student,NULL,378167
5107560,2023-11-27,organic,android,"United Kingdom",34,Unemployed,NULL,NULL
5107834,2024-08-24,paid_search,ios,Australia,21,Teacher,NULL,154886
5108880,2024-11-14,organic,android,"United States",37,Accountant,NULL,NULL
5108949,2023-04-27,affiliate,web,Australia,26,Teacher,NULL,744167
5108997,2024-04-12,organic,web,India,33,Accountant,NULL,NULL
5109070,2024-07-21,referral,web,"United Kingdom",35,Accountant,"Partner App",NULL
5109404,2024-01-24,affiliate,android,Canada,48,"Small Business Owner",NULL,744167
5109545,2024-12-23,paid_search,android,"United States",48,Freelancer,NULL,818315
5109803,2024-10-11,social,android,"United States",46,Teacher,NULL,465838
5110993,2024-01-24,paid_search,ios,"United States",44,Nurse,NULL,187498
5112924,2024-12-26,organic,ios,"United States",35,Unemployed,NULL,NULL
5113640,2024-05-24,organic,web,"United States",29,Freelancer,NULL,999159
5115362,2023-03-06,social,ios,India,39,Teacher,NULL,465838
5115741,2024-07-07,affiliate,ios,"United Kingdom",32,Accountant,NULL,291335
5115811,2024-06-07,organic,ios,"United States",24,Consultant,NULL,429365
5117923,2024-08-10,organic,web,"United States",28,"Software Engineer",NULL,NULL
5122263,2023-11-09,paid_search,web,Canada,22,Unemployed,NULL,141090
5122990,2024-02-21,paid_search,web,India,53,Accountant,NULL,771155
5124390,2024-01-30,affiliate,ios,"United States",38,Freelancer,NULL,221958
5124499,2024-02-09,affiliate,web,India,31,Freelancer,NULL,231932
5125186,2024-05-24,organic,web,"United States",19,"Marketing Manager",NULL,NULL
5125903,2024-08-12,affiliate,android,"United States",35,Freelancer,NULL,887201
5126553,2024-09-14,referral,ios,Germany,37,Freelancer,Employee,NULL
5127436,2024-03-03,paid_search,ios,Australia,19,"Marketing Manager",NULL,818315
5128784,2024-01-24,referral,web,"United States",43,Student,"Partner App",NULL
5131279,2024-04-16,paid_search,web,Germany,27,"Sales Rep",NULL,154886
5131479,2024-05-12,organic,web,India,28,"Software Engineer",NULL,429365
5132443,2024-07-17,paid_search,android,"United States",27,"Software Engineer",NULL,154886
5134608,2023-09-12,referral,android,Germany,52,Student,"Existing Customer",NULL
5135314,2024-03-09,organic,web,"United States",22,"Software Engineer",NULL,NULL
5135554,2024-09-19,affiliate,ios,"United States",42,"Software Engineer",NULL,275203
5137270,2024-08-19,organic,ios,"United States",27,Consultant,NULL,429365
5138286,2024-06-09,referral,web,"United States",34,Unemployed,"Partner App",NULL
5139289,2023-10-02,affiliate,ios,Germany,50,"Sales Rep",NULL,291335
5141314,2024-02-14,organic,android,Australia,18,"Small Business Owner",NULL,NULL
5141426,2024-02-01,affiliate,web,Germany,20,Nurse,NULL,744167
5142535,2024-10-11,paid_search,web,"United States",44,"Sales Rep",NULL,154886
5143403,2024-10-30,paid_search,ios,Brazil,29,Freelancer,NULL,421879
5145466,2024-02-22,affiliate,ios,"United Kingdom",21,"Marketing Manager",NULL,210268
5147413,2024-03-25,organic,web,"United States",44,Teacher,NULL,NULL
5148887,2024-04-30,affiliate,web,Nigeria,27,"Marketing Manager",NULL,291335
5149570,2024-04-19,affiliate,web,"United States",42,"Small Business Owner",NULL,291335
5150276,2023-03-31,affiliate,android,"United Kingdom",40,Unemployed,NULL,887201
5150579,2024-11-02,affiliate,web,Canada,21,Teacher,NULL,275203
5151785,2024-07-08,organic,web,Brazil,27,Nurse,NULL,NULL
5151923,2024-12-02,organic,web,"United States",29,Consultant,NULL,NULL
5151951,2024-09-02,paid_search,web,"United States",18,Freelancer,NULL,187498
5152092,2024-11-09,paid_search,android,Canada,24,"Software Engineer",NULL,818315
5152109,2023-07-12,organic,web,Germany,25,"Marketing Manager",NULL,429365
5155304,2023-07-06,organic,ios,Germany,32,"Small Business Owner",NULL,NULL
5155479,2024-08-13,organic,web,"United States",45,"Sales Rep",NULL,NULL
5156532,2024-07-11,organic,web,India,36,Teacher,NULL,NULL
5157263,2023-09-07,social,android,Canada,37,"Software Engineer",NULL,465838
5158549,2024-05-24,organic,web,Philippines,28,Accountant,NULL,NULL
5162065,2024-10-27,paid_search,android,Nigeria,42,Nurse,NULL,164820
5163960,2024-12-12,paid_search,android,Philippines,33,Nurse,NULL,621430
5165100,2023-11-15,organic,ios,"United States",33,Retired,NULL,NULL
5166289,2024-01-28,organic,android,Germany,24,"Sales Rep",NULL,NULL
5166500,2024-04-02,organic,web,"United States",56,Nurse,NULL,NULL
5168773,2024-11-27,organic,ios,"United Kingdom",50,"Marketing Manager",NULL,NULL
5168962,2024-12-16,paid_search,ios,"United Kingdom",25,Student,NULL,421879
5169495,2024-04-03,organic,web,"United Kingdom",39,"Software Engineer",NULL,NULL
5170163,2024-12-07,paid_search,web,"United Kingdom",24,Teacher,NULL,818315
5170555,2024-06-26,affiliate,web,Canada,26,Teacher,NULL,887201
5171364,2024-02-25,paid_search,ios,"United States",32,Freelancer,NULL,141090
5171774,2023-09-11,affiliate,ios,Canada,33,Student,NULL,887201
5172060,2024-03-15,referral,web,India,22,Accountant,Employee,NULL
5174482,2023-09-24,social,web,Philippines,29,Unemployed,NULL,378167
5175252,2024-12-18,organic,ios,"United States",47,Freelancer,NULL,NULL
5175282,2024-11-07,organic,web,"United States",20,"Sales Rep",NULL,NULL
5178465,2023-12-24,paid_search,web,India,40,Retired,NULL,237337
5180303,2024-08-04,affiliate,android,"United States",39,Student,NULL,832180
5180656,2023-09-28,referral,web,Mexico,49,Freelancer,"Existing Customer",NULL
5181726,2024-01-01,paid_search,web,Philippines,53,Accountant,NULL,164820
5183005,2024-11-21,organic,web,"United States",22,"Sales Rep",NULL,NULL
5183839,2023-08-25,organic,web,Mexico,42,"Software Engineer",NULL,NULL
5184056,2024-05-10,organic,web,Mexico,58,"Small Business Owner",NULL,NULL
5184251,2023-09-06,social,ios,"United States",47,"Software Engineer",NULL,378167
5187442,2024-01-11,organic,web,"United States",49,Accountant,NULL,NULL
5187694,2024-10-24,organic,ios,Philippines,27,"Marketing Manager",NULL,NULL
5188891,2024-08-26,organic,android,"United Kingdom",43,"Software Engineer",NULL,NULL
5191896,2024-05-09,organic,android,India,41,"Software Engineer",NULL,NULL
5193060,2024-02-14,organic,web,"United States",49,Teacher,NULL,999159
5193616,2024-05-16,organic,ios,"United States",38,"Small Business Owner",NULL,NULL
5195031,2024-12-26,paid_search,ios,"United States",18,Nurse,NULL,141090
5197079,2024-07-19,paid_search,android,"United Kingdom",48,"Sales Rep",NULL,187498
5197355,2024-09-24,affiliate,ios,"United States",55,Accountant,NULL,744167
5197571,2024-05-01,paid_search,android,Canada,42,Nurse,NULL,771155
5197739,2024-08-20,referral,ios,"United States",47,Nurse,"Community Forum",NULL
5198811,2024-06-13,affiliate,android,"United States",29,Unemployed,NULL,291335
5199591,2023-02-28,affiliate,ios,Canada,32,"Small Business Owner",NULL,887201
5201390,2024-11-19,social,android,Canada,21,Unemployed,NULL,378167
5201765,2023-06-26,affiliate,ios,Australia,18,Retired,NULL,832180
5202271,2024-11-27,affiliate,web,"United States",34,"Sales Rep",NULL,210268
5203887,2023-03-27,paid_search,ios,Canada,31,Retired,NULL,771155
5204099,2024-04-03,paid_search,android,India,57,Retired,NULL,187498
5204955,2024-04-11,affiliate,android,Canada,43,"Software Engineer",NULL,221958
5208694,2024-10-26,organic,android,"United States",47,Teacher,NULL,NULL
5209689,2024-07-12,organic,web,"United States",42,Consultant,NULL,429365
5210583,2024-01-14,affiliate,web,Brazil,31,Unemployed,NULL,231932
5212377,2023-12-22,paid_search,web,Philippines,18,Freelancer,NULL,771155
5214279,2024-09-08,organic,ios,"United States",20,Freelancer,NULL,NULL
5215645,2024-07-16,affiliate,web,"United Kingdom",33,Nurse,NULL,210268
5216794,2024-01-26,paid_search,web,Australia,24,Student,NULL,421879
5216803,2023-03-16,affiliate,ios,India,20,Teacher,NULL,210268
5217635,2024-06-28,affiliate,ios,India,33,Student,NULL,832180
5217690,2024-11-15,organic,web,"United States",43,Accountant,NULL,NULL
5217733,2024-12-10,paid_search,web,"United Kingdom",31,"Software Engineer",NULL,154886
5218346,2023-10-14,affiliate,web,Canada,27,Freelancer,NULL,221958
5220242,2024-03-30,affiliate,web,"United States",43,Teacher,NULL,210268
5220459,2024-12-10,paid_search,ios,India,51,Accountant,NULL,421879
5221038,2024-07-05,organic,android,Australia,28,Consultant,NULL,NULL
5222102,2023-05-03,organic,ios,Nigeria,48,Student,NULL,NULL
5225872,2024-07-27,organic,android,"United States",36,"Sales Rep",NULL,NULL
5225889,2024-10-21,organic,android,"United States",38,"Sales Rep",NULL,NULL
5226156,2024-06-27,organic,ios,"United States",26,Freelancer,NULL,999159
5227234,2024-07-29,organic,android,Mexico,38,Nurse,NULL,NULL
5227939,2024-01-13,social,web,India,29,"Marketing Manager",NULL,465838
5227995,2024-08-09,organic,web,"United States",38,Freelancer,NULL,NULL
5228087,2024-12-29,social,android,"United States",34,Retired,NULL,465838
5228316,2024-05-07,organic,ios,"United States",24,"Sales Rep",NULL,NULL
5228456,2024-12-16,organic,android,Australia,18,Retired,NULL,NULL
5229215,2023-11-20,paid_search,ios,Germany,26,Consultant,NULL,237337
5229228,2024-09-20,paid_search,ios,"United States",34,Teacher,NULL,141090
5229491,2023-11-03,organic,android,"United States",35,Teacher,NULL,NULL
5230013,2024-09-20,social,ios,Brazil,34,"Software Engineer",NULL,378167
5230207,2024-09-16,affiliate,android,"United States",23,Freelancer,NULL,275203
5230987,2024-02-07,affiliate,ios,Mexico,37,Nurse,NULL,275203
5232406,2023-11-17,organic,ios,"United States",27,"Sales Rep",NULL,NULL
5235040,2023-10-18,paid_search,ios,"United States",30,"Marketing Manager",NULL,154886
5235042,2024-01-24,organic,android,Germany,22,Freelancer,NULL,NULL
5236258,2023-08-04,organic,web,"United Kingdom",40,Consultant,NULL,NULL
5240012,2024-04-27,organic,android,Brazil,40,Teacher,NULL,999159
5241244,2024-05-13,paid_search,ios,Canada,40,"Marketing Manager",NULL,141090
5241361,2023-06-15,organic,ios,Philippines,26,Nurse,NULL,NULL
5243460,2024-10-25,paid_search,web,Canada,26,Accountant,NULL,421879
5243780,2024-12-08,organic,ios,Philippines,41,"Small Business Owner",NULL,NULL
5245576,2024-07-18,affiliate,web,Australia,45,Accountant,NULL,231932
5245871,2024-01-20,affiliate,android,"United States",18,Unemployed,NULL,210268
5246049,2023-12-06,social,android,Germany,40,Unemployed,NULL,378167
5246238,2023-07-12,organic,android,"United States",34,Teacher,NULL,NULL
5247328,2023-09-07,organic,ios,"United States",31,"Marketing Manager",NULL,NULL
5249913,2023-08-05,social,android,Brazil,44,Consultant,NULL,378167
5250167,2024-09-13,organic,ios,Nigeria,29,Consultant,NULL,NULL
5253459,2024-10-01,organic,ios,"United States",40,"Sales Rep",NULL,NULL
5254849,2024-06-06,affiliate,android,"United States",39,"Software Engineer",NULL,744167
5256146,2024-09-21,organic,web,Philippines,42,"Sales Rep",NULL,NULL
5257341,2023-11-24,referral,ios,"United States",39,Accountant,"Partner App",NULL
5257950,2024-11-03,affiliate,ios,"United States",20,"Sales Rep",NULL,887201
5259622,2024-03-21,organic,web,"United States",33,Teacher,NULL,NULL
5260538,2024-08-14,social,android,"United States",39,"Software Engineer",NULL,465838
5261663,2024-02-20,affiliate,web,Germany,43,Student,NULL,231932
5261725,2023-05-19,affiliate,web,Canada,26,Unemployed,NULL,231932
5261946,2024-10-10,affiliate,ios,"United States",48,"Marketing Manager",NULL,887201
5262511,2024-02-09,paid_search,ios,"United States",43,"Software Engineer",NULL,359178
5262663,2024-12-24,organic,web,"United States",19,"Small Business Owner",NULL,NULL
5263272,2024-02-13,paid_search,web,"United States",25,"Small Business Owner",NULL,771155
5264423,2024-03-06,referral,web,India,40,Student,"Existing Customer",NULL
5264550,2023-09-23,organic,ios,"United States",27,Consultant,NULL,NULL
5264694,2024-05-04,paid_search,web,Canada,52,"Sales Rep",NULL,141090
5266399,2024-07-14,social,web,Nigeria,36,Accountant,NULL,378167
5266988,2023-08-25,organic,android,"United States",18,Retired,NULL,NULL
5268173,2024-03-20,paid_search,android,"United States",43,"Small Business Owner",NULL,621430
5270070,2024-05-21,organic,web,Germany,22,Unemployed,NULL,NULL
5272513,2024-10-31,organic,android,Mexico,30,"Sales Rep",NULL,NULL
5273445,2024-05-16,referral,ios,"United States",42,Freelancer,"Community Forum",NULL
5274692,2024-08-19,social,web,"United States",30,Freelancer,NULL,465838
5275542,2024-12-15,affiliate,ios,Mexico,58,"Small Business Owner",NULL,275203
5278384,2023-05-29,paid_search,ios,"United States",23,"Sales Rep",NULL,164820
5280428,2024-05-10,organic,web,Brazil,36,Consultant,NULL,NULL
5280650,2024-02-26,referral,android,"United States",47,Consultant,"Partner App",NULL
5283664,2024-06-20,affiliate,web,"United States",37,Teacher,NULL,221958
5286419,2024-10-08,organic,android,"United States",29,"Sales Rep",NULL,NULL
5287382,2024-12-19,affiliate,web,"United States",18,Unemployed,NULL,832180
5289361,2024-12-14,organic,web,"United States",32,Student,NULL,NULL
5289639,2023-11-04,affiliate,ios,Mexico,18,"Small Business Owner",NULL,832180
5290447,2024-03-01,organic,ios,"United States",61,Freelancer,NULL,NULL
5290697,2024-02-11,organic,web,Germany,18,"Marketing Manager",NULL,NULL
5291256,2024-06-02,paid_search,android,"United Kingdom",35,Accountant,NULL,237337
5294329,2024-10-18,social,ios,"United States",18,Teacher,NULL,465838
5294539,2024-12-06,referral,web,India,35,"Sales Rep",Employee,NULL
5297084,2024-03-28,social,android,"United States",41,"Small Business Owner",NULL,378167
5297255,2024-03-09,organic,web,Canada,45,"Small Business Owner",NULL,NULL
5299376,2024-08-10,referral,android,Canada,38,Retired,"Existing Customer",NULL
5299489,2024-03-09,social,web,"United Kingdom",18,"Software Engineer",NULL,378167
5300915,2024-06-05,referral,web,"United States",60,"Software Engineer","Community Forum",NULL
5301400,2024-01-04,social,web,Mexico,41,"Sales Rep",NULL,378167
5301754,2024-12-03,referral,android,"United States",31,Unemployed,"Existing Customer",NULL
5301828,2024-05-18,affiliate,ios,"United States",28,Freelancer,NULL,231932
5303677,2024-11-05,paid_search,android,India,41,Consultant,NULL,237337
5304388,2024-10-31,organic,web,Philippines,25,"Marketing Manager",NULL,NULL
5304459,2024-02-18,social,ios,Australia,34,"Small Business Owner",NULL,465838
5305665,2024-08-12,organic,web,"United States",37,Nurse,NULL,NULL
5306080,2024-08-31,social,web,Australia,27,Unemployed,NULL,465838
5307086,2024-04-12,social,web,"United States",45,"Small Business Owner",NULL,465838
5307910,2023-11-01,affiliate,ios,Mexico,44,Freelancer,NULL,221958
5308307,2024-12-26,organic,web,Canada,40,Student,NULL,999159
5310518,2024-04-16,affiliate,web,Mexico,26,Nurse,NULL,221958
5310796,2024-03-11,referral,web,Philippines,43,"Small Business Owner","Existing Customer",NULL
5312717,2024-12-04,organic,ios,Canada,22,"Sales Rep",NULL,NULL
5313696,2024-10-31,organic,android,Australia,22,Student,NULL,NULL
5314380,2024-06-25,organic,web,India,46,Teacher,NULL,999159
5314896,2023-03-26,affiliate,android,"United States",52,Nurse,NULL,210268
5315596,2024-03-11,organic,ios,Nigeria,34,Retired,NULL,NULL
5317048,2024-01-02,paid_search,android,"United States",27,"Software Engineer",NULL,154886
5317293,2024-07-29,affiliate,android,"United States",31,"Small Business Owner",NULL,221958
5317922,2024-05-09,organic,ios,India,34,"Small Business Owner",NULL,NULL
5318420,2023-08-05,organic,android,"United Kingdom",29,"Software Engineer",NULL,999159
5319453,2024-02-17,affiliate,android,"United States",50,Teacher,NULL,291335
5322252,2024-02-27,social,web,Philippines,21,"Marketing Manager",NULL,465838
5322626,2024-11-25,social,web,"United States",26,"Sales Rep",NULL,465838
5322751,2023-09-02,affiliate,web,Mexico,54,"Sales Rep",NULL,832180
5323242,2024-11-26,organic,android,"United Kingdom",32,Teacher,NULL,NULL
5324660,2023-11-05,social,web,Philippines,18,Freelancer,NULL,378167
5325001,2024-03-19,organic,android,"United Kingdom",42,"Software Engineer",NULL,NULL
5327308,2024-03-12,paid_search,android,Nigeria,33,"Software Engineer",NULL,187498
5327576,2024-09-15,social,web,Canada,32,"Marketing Manager",NULL,465838
5327802,2023-10-31,organic,web,Philippines,34,"Marketing Manager",NULL,NULL
5327819,2024-10-23,paid_search,ios,Philippines,25,"Sales Rep",NULL,359178
5327858,2024-06-17,organic,ios,"United States",34,Unemployed,NULL,NULL
5329394,2024-09-02,social,web,Mexico,56,Student,NULL,378167
5330453,2023-08-09,organic,android,"United States",21,"Marketing Manager",NULL,NULL
5330972,2023-07-20,paid_search,ios,"United States",25,Freelancer,NULL,818315
5334165,2024-07-29,affiliate,web,Germany,53,Nurse,NULL,291335
5335518,2024-11-30,paid_search,web,Germany,42,Teacher,NULL,164820
5335702,2024-02-22,social,android,Brazil,23,Retired,NULL,465838
5335868,2024-03-05,organic,web,"United States",40,"Small Business Owner",NULL,NULL
5336787,2023-08-24,referral,web,"United States",32,Retired,"Existing Customer",NULL
5338843,2023-05-11,affiliate,ios,Germany,44,Student,NULL,210268
5339235,2024-05-16,social,ios,Mexico,25,Student,NULL,378167
5341747,2024-01-29,organic,web,"United States",44,Unemployed,NULL,NULL
5343699,2024-11-13,paid_search,web,"United States",42,Teacher,NULL,771155
5345760,2024-07-22,paid_search,ios,"United States",18,Unemployed,NULL,621430
5346657,2024-06-12,organic,android,"United States",18,Nurse,NULL,NULL
5348530,2023-06-20,paid_search,android,Brazil,25,Unemployed,NULL,187498
5349025,2024-07-19,referral,android,India,25,Retired,Employee,NULL
5352892,2023-01-12,organic,web,India,27,"Software Engineer",NULL,429365
5353127,2024-10-30,paid_search,android,"United States",36,Student,NULL,771155
5354385,2024-01-01,referral,ios,"United Kingdom",37,"Sales Rep",Employee,NULL
5354489,2024-08-23,paid_search,web,Mexico,44,Freelancer,NULL,421879
5357847,2024-10-16,social,android,Philippines,49,"Sales Rep",NULL,378167
5360866,2024-11-23,paid_search,web,"United States",18,Accountant,NULL,187498
5361862,2023-06-12,paid_search,web,"United States",30,"Software Engineer",NULL,187498
5363089,2023-05-19,organic,ios,India,33,Retired,NULL,NULL
5364406,2024-10-02,social,web,Philippines,18,Consultant,NULL,465838
5367207,2024-11-28,social,ios,"United States",22,Nurse,NULL,465838
5370297,2024-08-04,affiliate,ios,"United Kingdom",27,Consultant,NULL,221958
5370602,2024-06-26,affiliate,ios,"United States",28,Student,NULL,210268
5371047,2023-03-21,affiliate,android,Australia,38,"Software Engineer",NULL,221958
5371272,2023-06-10,organic,web,Canada,39,Student,NULL,999159
5372093,2024-10-12,affiliate,ios,"United States",51,Teacher,NULL,275203
5372472,2024-04-17,referral,android,"United States",40,Unemployed,"Existing Customer",NULL
5374857,2023-12-25,referral,android,Australia,38,Unemployed,"Existing Customer",NULL
5375717,2024-10-05,affiliate,web,India,37,Accountant,NULL,744167
5376751,2024-10-24,social,web,Germany,37,Retired,NULL,465838
5377987,2023-05-23,social,android,"United States",50,Teacher,NULL,465838
5378727,2023-04-18,paid_search,ios,Brazil,30,"Software Engineer",NULL,818315
5379845,2024-10-05,organic,web,"United States",21,"Marketing Manager",NULL,NULL
5381137,2023-08-30,affiliate,android,"United States",33,Retired,NULL,744167
5381932,2024-10-31,organic,ios,"United States",18,"Sales Rep",NULL,NULL
5382794,2024-11-07,affiliate,web,"United States",27,Unemployed,NULL,210268
5383030,2024-05-28,social,web,"United States",25,"Sales Rep",NULL,378167
5383233,2024-05-18,organic,android,"United States",42,Retired,NULL,NULL
5384077,2024-10-28,social,web,Brazil,43,"Marketing Manager",NULL,465838
5384432,2024-05-20,affiliate,ios,"United States",39,Consultant,NULL,221958
5385010,2024-11-23,paid_search,web,Nigeria,23,Accountant,NULL,818315
5385536,2024-12-13,paid_search,ios,Philippines,54,Teacher,NULL,818315
5390020,2024-03-29,affiliate,ios,Mexico,20,Teacher,NULL,210268
5391401,2023-09-10,paid_search,android,"United States",25,Accountant,NULL,771155
5391649,2024-05-13,paid_search,android,Australia,40,Accountant,NULL,818315
5394203,2024-07-01,organic,ios,"United States",46,Accountant,NULL,NULL
5394643,2024-05-31,referral,web,Germany,20,Nurse,"Existing Customer",NULL
5396208,2023-12-29,paid_search,ios,"United States",34,Consultant,NULL,154886
5396650,2024-11-08,organic,android,"United States",49,"Sales Rep",NULL,NULL
5396720,2024-11-24,organic,ios,Philippines,57,"Small Business Owner",NULL,NULL
5400131,2024-03-22,organic,ios,"United Kingdom",40,Consultant,NULL,NULL
5400852,2023-11-30,affiliate,ios,India,46,Student,NULL,832180
5401207,2024-08-26,paid_search,ios,India,36,Teacher,NULL,359178
5405113,2024-09-17,organic,web,India,39,Student,NULL,999159
5407900,2023-10-22,referral,ios,"United States",25,Freelancer,"Existing Customer",NULL
5408224,2024-03-04,organic,ios,"United States",32,"Small Business Owner",NULL,NULL
5408249,2023-01-30,paid_search,web,Germany,33,Consultant,NULL,141090
5408285,2024-09-21,referral,web,Brazil,46,"Software Engineer","Partner App",NULL
5408608,2024-11-21,affiliate,web,Nigeria,38,Retired,NULL,744167
5409013,2024-10-14,affiliate,web,"United States",27,Retired,NULL,275203
5409352,2024-12-13,paid_search,web,Mexico,28,Consultant,NULL,154886
5411054,2024-11-01,organic,ios,Germany,34,Accountant,NULL,NULL
5411887,2024-01-31,organic,web,India,41,"Marketing Manager",NULL,NULL
5412903,2024-11-28,paid_search,web,"United States",41,Teacher,NULL,818315
5413359,2024-09-28,affiliate,web,Mexico,38,Nurse,NULL,744167
5414011,2024-11-25,social,ios,Canada,32,Retired,NULL,378167
5414084,2024-03-15,organic,ios,"United States",24,Unemployed,NULL,NULL
5414473,2024-10-09,affiliate,ios,Philippines,37,Accountant,NULL,832180
5415239,2024-12-25,social,web,"United States",39,Student,NULL,465838
5415743,2024-03-27,affiliate,web,Canada,25,Nurse,NULL,231932
5419425,2023-06-10,organic,ios,Nigeria,38,Nurse,NULL,NULL
5421590,2024-03-03,affiliate,ios,"United States",56,Freelancer,NULL,887201
5421740,2024-01-23,social,web,"United States",31,Student,NULL,378167
5422201,2023-10-12,organic,ios,"United States",38,"Software Engineer",NULL,999159
5422375,2024-12-13,organic,web,"United States",32,Student,NULL,999159
5422880,2023-07-14,affiliate,ios,"United States",22,Student,NULL,887201
5422888,2023-09-19,organic,android,Mexico,42,"Marketing Manager",NULL,NULL
5423408,2024-05-10,organic,web,"United States",26,Accountant,NULL,NULL
5423475,2023-12-26,social,web,Canada,32,Nurse,NULL,465838
5424507,2024-04-28,paid_search,web,India,47,Nurse,NULL,164820
5426219,2024-11-18,organic,android,"United States",32,"Sales Rep",NULL,NULL
5427036,2024-10-24,organic,ios,"United States",28,Student,NULL,NULL
5428622,2024-05-22,organic,android,Canada,45,Freelancer,NULL,NULL
5428690,2024-12-27,social,ios,Nigeria,29,Freelancer,NULL,378167
5428760,2024-02-12,social,web,"United States",63,Nurse,NULL,465838
5429899,2024-12-13,social,android,Canada,41,Retired,NULL,465838
5430675,2024-08-22,organic,ios,"United States",30,"Software Engineer",NULL,NULL
5434315,2024-12-16,paid_search,android,Canada,33,Unemployed,NULL,771155
5435728,2024-04-14,social,ios,"United Kingdom",41,Unemployed,NULL,465838
5435786,2024-09-18,social,android,"United States",18,Consultant,NULL,465838
5437610,2024-01-15,paid_search,web,"United States",24,"Software Engineer",NULL,187498
5437677,2024-11-16,organic,web,"United Kingdom",33,"Sales Rep",NULL,NULL
5439850,2023-06-07,affiliate,ios,Mexico,18,Consultant,NULL,231932
5441971,2023-09-05,organic,web,"United States",44,Consultant,NULL,NULL
5443778,2023-07-29,referral,web,"United States",39,Student,Employee,NULL
5444910,2023-12-02,organic,ios,India,60,Student,NULL,NULL
5445818,2024-04-03,organic,android,Australia,30,Teacher,NULL,NULL
5445975,2023-06-30,organic,ios,Philippines,31,"Software Engineer",NULL,NULL
5446460,2024-04-27,social,ios,Germany,18,Teacher,NULL,465838
5447321,2024-11-18,social,web,"United States",28,Unemployed,NULL,378167
5447395,2023-08-22,organic,android,Canada,30,Student,NULL,NULL
5448748,2024-01-25,affiliate,web,India,22,Accountant,NULL,832180
5449399,2023-10-14,referral,web,Mexico,42,"Sales Rep","Partner App",NULL
5450252,2024-05-29,referral,android,"United States",25,Student,"Existing Customer",NULL
5451441,2024-09-29,paid_search,web,Mexico,19,"Software Engineer",NULL,359178
5453722,2024-01-27,organic,android,"United Kingdom",42,Unemployed,NULL,NULL
5455214,2024-07-21,organic,ios,"United States",18,"Sales Rep",NULL,NULL
5457335,2024-04-27,paid_search,web,"United States",33,Teacher,NULL,237337
5458434,2024-01-11,organic,ios,Nigeria,52,Accountant,NULL,NULL
5460276,2024-09-04,organic,ios,Mexico,44,Student,NULL,NULL
5461213,2023-08-24,affiliate,web,Australia,38,Accountant,NULL,887201
5461595,2024-02-01,paid_search,android,Germany,41,Accountant,NULL,771155
5461918,2024-09-24,organic,web,"United States",45,Consultant,NULL,NULL
5463158,2023-07-28,social,web,"United Kingdom",32,Consultant,NULL,465838
5463418,2023-08-31,social,web,Brazil,56,Consultant,NULL,378167
5464344,2024-09-09,organic,android,Philippines,23,"Marketing Manager",NULL,NULL
5465150,2023-11-06,social,web,Philippines,18,Nurse,NULL,378167
5465669,2024-11-02,organic,ios,"United Kingdom",62,"Sales Rep",NULL,NULL
5466134,2024-12-22,organic,ios,"United States",18,"Marketing Manager",NULL,NULL
5466271,2024-04-15,social,web,India,48,Retired,NULL,465838
5466951,2024-04-26,organic,android,"United States",44,"Small Business Owner",NULL,NULL
5467223,2023-05-21,social,ios,India,18,"Sales Rep",NULL,378167
5467801,2024-12-30,paid_search,ios,"United States",22,"Small Business Owner",NULL,237337
5468852,2023-05-06,paid_search,android,Australia,29,Consultant,NULL,237337
5469353,2024-08-28,paid_search,web,"United States",22,"Software Engineer",NULL,359178
5470756,2024-08-18,paid_search,android,India,18,Nurse,NULL,818315
5472089,2024-09-21,paid_search,android,Canada,39,Freelancer,NULL,771155
5473014,2023-12-20,affiliate,android,Philippines,31,Nurse,NULL,887201
5473214,2024-02-18,affiliate,android,"United States",35,Teacher,NULL,275203
5473447,2024-02-20,referral,ios,"United States",18,Unemployed,Employee,NULL
5474843,2024-05-07,referral,ios,"United States",42,Student,"Community Forum",NULL
5475156,2024-04-22,paid_search,ios,"United Kingdom",37,Student,NULL,818315
5475687,2024-12-25,organic,ios,Brazil,44,Accountant,NULL,NULL
5476321,2023-04-02,organic,web,"United States",18,Freelancer,NULL,999159
5476576,2023-01-10,organic,web,"United States",48,Retired,NULL,NULL
5481617,2024-09-15,organic,android,Philippines,36,"Software Engineer",NULL,NULL
5486745,2024-12-07,organic,web,Germany,18,Nurse,NULL,NULL
5486856,2024-09-26,organic,android,India,41,"Software Engineer",NULL,NULL
5488198,2024-11-19,organic,web,"United States",57,Student,NULL,NULL
5491260,2024-12-24,affiliate,android,Germany,29,Unemployed,NULL,231932
5494893,2024-04-12,social,web,"United States",41,Consultant,NULL,465838
5495013,2023-12-13,affiliate,android,"United Kingdom",45,Consultant,NULL,231932
5495433,2024-05-23,affiliate,android,Australia,25,"Small Business Owner",NULL,744167
5495511,2024-07-28,organic,web,"United States",23,"Small Business Owner",NULL,NULL
5499311,2024-01-20,affiliate,web,Brazil,20,Student,NULL,210268
5500328,2024-09-23,social,ios,"United Kingdom",24,Student,NULL,465838
5500398,2024-12-02,organic,web,India,29,Accountant,NULL,NULL
5501572,2024-09-30,paid_search,ios,"United States",30,Retired,NULL,154886
5506259,2024-12-29,referral,web,"United Kingdom",25,Retired,"Existing Customer",NULL
5506554,2024-04-18,social,ios,Brazil,18,"Small Business Owner",NULL,465838
5507167,2024-11-02,paid_search,android,"United States",34,"Small Business Owner",NULL,771155
5509408,2024-08-28,affiliate,ios,India,25,"Marketing Manager",NULL,887201
5510579,2024-11-20,social,ios,"United States",20,Accountant,NULL,378167
5510784,2024-09-16,paid_search,ios,"United States",36,"Small Business Owner",NULL,421879
5511732,2023-05-09,paid_search,android,Philippines,47,Student,NULL,154886
5512121,2024-04-16,social,web,Brazil,39,Accountant,NULL,378167
5513070,2024-11-29,organic,web,"United States",31,Teacher,NULL,NULL
5513207,2024-02-20,referral,web,"United States",40,Accountant,"Existing Customer",NULL
5513552,2024-03-01,organic,ios,Australia,43,Retired,NULL,999159
5514153,2024-09-12,affiliate,android,Mexico,55,Teacher,NULL,221958
5515488,2024-03-28,affiliate,web,"United Kingdom",24,"Marketing Manager",NULL,210268
5517562,2024-03-02,organic,ios,Brazil,21,"Software Engineer",NULL,NULL
5523535,2024-07-03,organic,web,Mexico,33,Unemployed,NULL,999159
5524105,2024-02-17,organic,web,Australia,43,Unemployed,NULL,NULL
5525121,2023-11-04,paid_search,ios,"United States",55,Accountant,NULL,237337
5525208,2024-05-02,organic,web,"United States",24,Unemployed,NULL,NULL
5528268,2024-08-12,affiliate,ios,"United States",22,"Sales Rep",NULL,744167
5529275,2023-07-13,organic,ios,"United States",32,Accountant,NULL,999159
5529943,2024-05-10,affiliate,web,"United States",45,Teacher,NULL,221958
5530889,2024-11-25,paid_search,android,Australia,19,"Sales Rep",NULL,359178
5532688,2023-11-13,organic,ios,Nigeria,35,Retired,NULL,NULL
5532889,2024-10-24,paid_search,ios,Germany,43,Consultant,NULL,421879
5533910,2024-04-07,paid_search,android,"United States",24,Unemployed,NULL,621430
5536119,2024-09-07,paid_search,web,Brazil,24,Student,NULL,771155
5537358,2024-11-16,affiliate,web,Philippines,28,Accountant,NULL,221958
5537454,2024-11-07,social,web,Canada,51,"Sales Rep",NULL,465838
5537871,2023-12-11,paid_search,web,"United States",31,Nurse,NULL,237337
5539170,2023-10-23,paid_search,android,"United States",54,Accountant,NULL,621430
5542923,2024-10-22,paid_search,ios,"United States",27,Freelancer,NULL,359178
5544340,2024-12-07,referral,android,"United Kingdom",32,"Marketing Manager","Partner App",NULL
5546925,2023-07-24,affiliate,ios,Mexico,28,Teacher,NULL,744167
5548003,2024-08-03,organic,ios,Mexico,29,Freelancer,NULL,NULL
5552538,2024-09-07,social,ios,"United States",42,Accountant,NULL,378167
5552636,2024-03-09,social,ios,Nigeria,43,Freelancer,NULL,465838
5554704,2023-11-25,organic,web,India,46,Teacher,NULL,NULL
5556766,2024-10-30,paid_search,ios,"United States",37,Unemployed,NULL,187498
5557885,2024-10-21,organic,web,"United States",27,"Software Engineer",NULL,NULL
5561786,2024-11-28,social,web,"United States",47,Unemployed,NULL,465838
5563167,2024-03-12,organic,web,Mexico,46,Accountant,NULL,NULL
5563653,2024-01-21,organic,ios,"United States",39,Consultant,NULL,NULL
5563870,2024-12-16,organic,web,"United States",50,Teacher,NULL,NULL
5565861,2024-02-11,social,web,"United States",36,Retired,NULL,465838
5566701,2024-02-01,organic,ios,Canada,46,Unemployed,NULL,NULL
5568672,2024-10-18,organic,ios,Philippines,29,"Marketing Manager",NULL,NULL
5569146,2024-01-16,organic,android,"United States",55,Consultant,NULL,NULL
5572530,2024-08-27,paid_search,web,"United States",44,Accountant,NULL,818315
5573957,2023-11-07,organic,web,"United Kingdom",40,Teacher,NULL,NULL
5574293,2024-09-08,affiliate,android,Brazil,28,Consultant,NULL,231932
5577033,2024-12-18,organic,web,"United States",33,Freelancer,NULL,NULL
5578238,2024-07-13,paid_search,ios,"United Kingdom",51,Retired,NULL,187498
5579097,2024-09-03,social,web,Germany,18,"Small Business Owner",NULL,378167
5580081,2024-05-19,referral,web,"United States",26,"Marketing Manager","Existing Customer",NULL
5583897,2024-06-20,affiliate,android,"United States",46,"Software Engineer",NULL,210268
5584258,2023-09-19,paid_search,web,"United States",57,Teacher,NULL,771155
5584470,2024-06-06,social,ios,Mexico,20,Freelancer,NULL,378167
5584946,2024-05-18,organic,web,Australia,33,"Small Business Owner",NULL,NULL
5585315,2023-09-23,paid_search,web,Mexico,39,Freelancer,NULL,141090
5587281,2024-11-13,organic,ios,"United States",36,Retired,NULL,NULL
5588156,2024-12-12,paid_search,web,Canada,35,"Software Engineer",NULL,359178
5588334,2023-11-04,affiliate,android,"United States",24,Retired,NULL,832180
5588727,2024-11-05,organic,web,Brazil,28,"Sales Rep",NULL,NULL
5589058,2024-05-22,affiliate,web,"United States",22,Freelancer,NULL,744167
5589369,2024-08-30,social,ios,"United States",37,Accountant,NULL,465838
5589716,2024-04-28,affiliate,ios,"United States",20,Teacher,NULL,210268
5589764,2024-03-10,paid_search,ios,Brazil,39,"Sales Rep",NULL,141090
5590723,2023-01-03,organic,ios,India,41,Accountant,NULL,429365
5590778,2024-09-23,paid_search,web,Nigeria,30,"Sales Rep",NULL,187498
5591901,2024-06-02,organic,web,"United States",42,Unemployed,NULL,NULL
5592087,2024-07-06,affiliate,ios,"United States",35,"Software Engineer",NULL,221958
5594877,2024-03-03,organic,web,"United States",41,Accountant,NULL,NULL
5600108,2024-04-09,referral,ios,India,40,Unemployed,"Existing Customer",NULL
5601020,2024-04-23,organic,android,Canada,30,"Software Engineer",NULL,NULL
5601318,2023-07-07,referral,ios,"United States",21,"Small Business Owner",Employee,NULL
5601731,2024-11-17,paid_search,ios,"United Kingdom",18,"Small Business Owner",NULL,164820
5602606,2023-08-17,social,web,Canada,46,Student,NULL,378167
5603623,2023-05-14,referral,web,Mexico,53,"Sales Rep","Partner App",NULL
5605677,2024-08-05,paid_search,ios,"United Kingdom",23,"Sales Rep",NULL,421879
5607455,2023-08-01,paid_search,ios,Philippines,39,"Software Engineer",NULL,237337
5607765,2023-11-25,social,ios,Canada,18,"Sales Rep",NULL,465838
5608474,2024-03-27,paid_search,android,"United States",19,Nurse,NULL,154886
5609688,2024-09-05,affiliate,web,Philippines,33,Student,NULL,832180
5610146,2023-12-12,paid_search,web,"United States",44,Unemployed,NULL,154886
5610764,2024-11-17,paid_search,web,Canada,48,Student,NULL,237337
5612338,2023-09-05,paid_search,web,Brazil,18,Student,NULL,421879
5614466,2023-12-15,paid_search,web,"United States",21,"Small Business Owner",NULL,164820
5614965,2023-10-19,affiliate,web,"United Kingdom",33,"Small Business Owner",NULL,832180
5616167,2024-11-19,social,ios,"United States",32,Accountant,NULL,465838
5617631,2023-08-19,affiliate,ios,"United States",26,"Sales Rep",NULL,275203
5618219,2024-09-19,social,web,"United States",28,Nurse,NULL,378167
5620650,2024-09-14,affiliate,ios,Mexico,38,Accountant,NULL,744167
5620792,2024-02-24,organic,web,"United States",46,Consultant,NULL,NULL
5621056,2024-02-01,organic,ios,Brazil,51,Nurse,NULL,NULL
5622580,2024-08-25,paid_search,web,Australia,23,"Sales Rep",NULL,237337
5622776,2024-02-03,paid_search,ios,Philippines,18,Freelancer,NULL,164820
5622942,2024-09-01,organic,ios,"United States",42,Teacher,NULL,NULL
5623037,2024-08-31,paid_search,android,"United States",30,Student,NULL,359178
5623190,2023-09-26,organic,web,"United States",35,Freelancer,NULL,NULL
5623636,2023-08-07,organic,ios,Mexico,32,Consultant,NULL,999159
5625535,2024-07-20,organic,ios,Canada,23,Nurse,NULL,NULL
5625678,2023-06-23,affiliate,web,"United States",51,"Small Business Owner",NULL,210268
5626043,2024-04-04,affiliate,android,Canada,47,Retired,NULL,231932
5628656,2024-05-03,social,ios,Australia,37,Unemployed,NULL,465838
5630232,2024-01-26,affiliate,ios,Australia,29,"Small Business Owner",NULL,887201
5633078,2024-08-11,organic,android,India,40,"Software Engineer",NULL,NULL
5636440,2024-10-17,organic,web,"United States",18,Retired,NULL,NULL
5637203,2023-08-09,social,android,Australia,35,Accountant,NULL,378167
5637370,2024-05-03,paid_search,web,"United States",49,Consultant,NULL,237337
5638246,2024-03-01,affiliate,ios,"United States",30,Student,NULL,231932
5639022,2024-08-24,affiliate,web,India,37,Accountant,NULL,291335
5641094,2024-06-25,social,android,"United States",44,Retired,NULL,465838
5642681,2023-03-29,paid_search,web,"United States",40,Unemployed,NULL,359178
5642929,2024-01-23,social,ios,"United States",48,Retired,NULL,465838
5644068,2024-06-23,paid_search,web,Australia,54,Teacher,NULL,359178
5644081,2024-08-31,affiliate,ios,India,40,Student,NULL,275203
5645289,2023-08-28,organic,android,"United States",32,Retired,NULL,NULL
5649292,2024-06-01,social,web,"United States",38,Nurse,NULL,465838
5650100,2023-08-23,organic,android,"United States",34,Teacher,NULL,NULL
5652124,2024-11-29,social,android,"United States",29,Nurse,NULL,465838
5654419,2024-06-19,referral,android,"United States",42,"Small Business Owner","Community Forum",NULL
5654798,2024-07-08,organic,web,Canada,37,"Sales Rep",NULL,NULL
5657448,2024-07-19,social,web,Brazil,39,Student,NULL,378167
5657693,2023-11-30,affiliate,web,Germany,43,Accountant,NULL,887201
5657851,2024-07-06,paid_search,ios,"United States",28,"Sales Rep",NULL,164820
5658575,2024-08-02,referral,ios,"United States",25,Nurse,"Partner App",NULL
5659014,2024-07-22,social,android,Brazil,25,Accountant,NULL,465838
5660061,2024-11-02,organic,android,Philippines,44,Nurse,NULL,NULL
5660110,2024-12-04,social,android,"United Kingdom",41,Freelancer,NULL,378167
5661029,2024-11-24,paid_search,android,"United Kingdom",18,Nurse,NULL,818315
5663754,2024-07-07,affiliate,android,India,40,Accountant,NULL,291335
5666805,2024-01-06,social,web,India,47,"Sales Rep",NULL,465838
5667592,2024-01-09,affiliate,ios,"United States",27,Unemployed,NULL,275203
5668223,2023-08-11,organic,web,"United States",36,Student,NULL,NULL
5672412,2024-08-28,organic,web,"United States",23,Unemployed,NULL,NULL
5673584,2024-04-09,social,ios,Canada,32,Teacher,NULL,378167
5674071,2024-01-04,affiliate,android,Canada,40,"Marketing Manager",NULL,887201
5675195,2024-05-13,social,ios,"United Kingdom",34,Unemployed,NULL,465838
5675431,2024-01-05,organic,android,Canada,18,"Sales Rep",NULL,NULL
5675519,2023-09-10,organic,web,"United States",42,Student,NULL,NULL
5676103,2023-06-01,organic,android,Nigeria,18,Consultant,NULL,NULL
5678714,2024-02-20,affiliate,android,"United States",43,"Software Engineer",NULL,744167
5679020,2024-04-03,organic,web,Canada,33,Freelancer,NULL,NULL
5682251,2024-01-21,social,ios,Australia,45,"Software Engineer",NULL,378167
5684013,2023-05-22,affiliate,web,"United States",46,Consultant,NULL,221958
5684346,2024-04-02,organic,ios,"United States",32,Nurse,NULL,429365
5685942,2023-09-30,social,android,Brazil,33,Freelancer,NULL,378167
5688482,2023-07-30,paid_search,web,Canada,46,Unemployed,NULL,237337
5688827,2024-05-13,affiliate,ios,"United States",37,"Software Engineer",NULL,832180
5689133,2024-11-06,social,web,Germany,36,Nurse,NULL,465838
5694505,2023-04-29,paid_search,android,Canada,51,"Software Engineer",NULL,187498
5695154,2024-05-09,social,ios,Germany,45,Consultant,NULL,465838
5695781,2024-12-18,organic,android,Australia,46,Freelancer,NULL,NULL
5695995,2024-12-09,referral,web,"United States",26,Nurse,"Partner App",NULL
5698713,2024-11-07,paid_search,ios,"United Kingdom",38,"Marketing Manager",NULL,187498
5701669,2024-10-23,social,android,India,34,"Sales Rep",NULL,465838
5703855,2023-10-07,organic,web,Canada,32,"Sales Rep",NULL,NULL
5705815,2024-05-29,affiliate,web,"United States",49,Consultant,NULL,231932
5706797,2024-05-20,social,android,"United States",25,Retired,NULL,378167
5708569,2023-08-04,affiliate,android,Brazil,18,Teacher,NULL,221958
5709751,2024-06-12,social,web,"United States",37,Teacher,NULL,378167
5711075,2023-12-27,paid_search,web,"United Kingdom",23,"Software Engineer",NULL,421879
5712037,2024-07-05,referral,android,Australia,42,Student,"Existing Customer",NULL
5713199,2024-01-27,organic,web,"United States",36,"Sales Rep",NULL,NULL
5713297,2023-11-23,social,web,"United Kingdom",34,"Small Business Owner",NULL,465838
5713797,2024-12-10,social,web,Australia,28,Retired,NULL,465838
5714386,2024-09-02,organic,web,"United States",60,"Marketing Manager",NULL,NULL
5715697,2023-05-16,organic,ios,India,39,"Marketing Manager",NULL,NULL
5716302,2024-09-21,social,android,"United States",24,Nurse,NULL,465838
5718912,2023-10-20,affiliate,web,Canada,19,Teacher,NULL,832180
5719607,2024-07-27,social,android,Australia,25,"Marketing Manager",NULL,378167
5720058,2023-08-14,organic,ios,Canada,37,"Software Engineer",NULL,NULL
5720642,2023-11-23,paid_search,ios,Philippines,18,Consultant,NULL,237337
5721005,2024-09-11,affiliate,android,Canada,25,Nurse,NULL,291335
5722340,2024-04-11,social,ios,"United States",25,Student,NULL,378167
5730654,2024-10-15,paid_search,ios,"United States",24,Student,NULL,237337
5730741,2024-07-13,paid_search,ios,"United States",19,Unemployed,NULL,164820
5732369,2024-12-19,affiliate,web,"United States",52,Accountant,NULL,291335
5734071,2023-01-20,paid_search,web,"United Kingdom",25,Consultant,NULL,421879
5735524,2023-06-23,affiliate,ios,"United States",30,Freelancer,NULL,887201
5736319,2024-12-16,affiliate,ios,"United States",22,Teacher,NULL,231932
5736416,2024-09-14,organic,android,"United States",45,"Sales Rep",NULL,NULL
5736912,2023-10-29,referral,web,Mexico,42,Teacher,"Partner App",NULL
5738379,2024-10-06,social,web,Canada,47,Student,NULL,465838
5738637,2024-08-02,paid_search,android,"United States",18,Accountant,NULL,621430
5739023,2024-05-24,organic,android,"United States",32,Student,NULL,NULL
5739400,2024-01-29,paid_search,web,"United States",18,Retired,NULL,818315
5740039,2024-12-25,organic,ios,Mexico,18,Consultant,NULL,NULL
5741882,2023-09-06,affiliate,ios,"United Kingdom",30,"Sales Rep",NULL,832180
5742297,2024-09-17,referral,web,"United States",21,"Software Engineer","Community Forum",NULL
5744353,2024-11-16,organic,web,"United States",30,Freelancer,NULL,NULL
5745920,2024-07-12,organic,web,India,18,Retired,NULL,NULL
5746771,2024-10-17,organic,web,"United States",36,Consultant,NULL,NULL
5747924,2024-03-24,affiliate,ios,"United Kingdom",32,"Small Business Owner",NULL,275203
5748584,2024-10-09,organic,android,Canada,18,"Sales Rep",NULL,NULL
5749766,2024-12-17,organic,ios,Mexico,32,"Sales Rep",NULL,NULL
5752989,2024-07-09,organic,web,"United Kingdom",32,Accountant,NULL,NULL
5753292,2024-08-02,paid_search,android,"United States",18,"Software Engineer",NULL,621430
5753954,2023-05-26,social,android,Nigeria,42,Student,NULL,378167
5754417,2024-09-16,organic,android,Mexico,18,Freelancer,NULL,NULL
5754619,2024-07-09,organic,web,India,29,Unemployed,NULL,NULL
5755469,2024-09-16,social,ios,Philippines,39,"Marketing Manager",NULL,465838
5755976,2024-08-21,organic,web,India,29,Accountant,NULL,NULL
5755997,2024-03-03,affiliate,web,"United States",20,Unemployed,NULL,291335
5756004,2024-12-05,organic,android,"United Kingdom",33,Student,NULL,NULL
5757812,2024-08-11,social,ios,Nigeria,26,"Marketing Manager",NULL,465838
5758669,2024-11-25,paid_search,ios,India,43,Student,NULL,771155
5762315,2023-11-21,affiliate,android,Germany,31,Student,NULL,887201
5764812,2024-01-17,affiliate,android,Germany,36,"Sales Rep",NULL,291335
5767348,2024-09-26,social,web,"United States",27,Unemployed,NULL,378167
5768026,2024-01-14,paid_search,android,"United States",39,Retired,NULL,164820
5768424,2024-11-18,social,ios,"United States",22,Nurse,NULL,465838
5772945,2024-05-21,paid_search,ios,Canada,28,Consultant,NULL,621430
5773598,2024-10-03,paid_search,web,Canada,39,Teacher,NULL,359178
5775833,2024-06-26,affiliate,ios,Canada,30,Student,NULL,291335
5776415,2023-12-04,social,android,"United States",41,Student,NULL,378167
5777402,2023-10-06,affiliate,android,"United States",24,Unemployed,NULL,275203
5777421,2024-12-07,organic,web,India,31,"Small Business Owner",NULL,NULL
5777830,2024-04-03,affiliate,ios,Australia,24,"Marketing Manager",NULL,221958
5778972,2023-06-28,organic,ios,Canada,40,Freelancer,NULL,NULL
5779897,2023-09-15,organic,web,Nigeria,54,"Sales Rep",NULL,NULL
5782337,2024-10-24,affiliate,ios,India,33,Freelancer,NULL,744167
5782883,2024-09-23,organic,web,Germany,21,"Marketing Manager",NULL,NULL
5783725,2024-10-08,affiliate,ios,Mexico,43,Unemployed,NULL,221958
5784808,2024-05-26,affiliate,web,"United Kingdom",30,Student,NULL,887201
5784973,2024-06-20,organic,ios,"United States",18,Freelancer,NULL,NULL
5785956,2024-05-25,organic,ios,"United States",35,Student,NULL,NULL
5788109,2024-08-24,social,ios,"United States",39,Consultant,NULL,378167
5790287,2023-03-02,social,ios,Canada,43,Freelancer,NULL,378167
5790691,2023-06-22,organic,web,India,22,Freelancer,NULL,NULL
5791126,2024-05-12,organic,ios,Mexico,27,Accountant,NULL,NULL
5791164,2024-11-25,paid_search,web,Mexico,50,Freelancer,NULL,359178
5791882,2023-10-25,organic,ios,"United States",19,Retired,NULL,NULL
5795817,2024-07-08,paid_search,android,"United States",30,Retired,NULL,141090
5797663,2024-07-13,affiliate,ios,India,18,Accountant,NULL,221958
5797927,2024-08-17,affiliate,ios,Brazil,35,Accountant,NULL,275203
5798793,2024-02-18,social,web,Australia,35,"Small Business Owner",NULL,378167
5799412,2024-06-19,organic,ios,Mexico,51,Freelancer,NULL,NULL
5801436,2023-07-08,affiliate,web,India,34,Nurse,NULL,275203
5802738,2023-08-27,affiliate,android,India,18,Accountant,NULL,744167
5803958,2024-08-15,referral,ios,Germany,30,Student,"Existing Customer",NULL
5805028,2024-07-15,paid_search,android,"United States",31,"Software Engineer",NULL,818315
5806425,2024-06-03,organic,web,Mexico,20,Teacher,NULL,NULL
5806799,2023-10-09,organic,android,Canada,49,Student,NULL,NULL
5808163,2024-10-29,organic,ios,"United States",50,Unemployed,NULL,NULL
5809045,2023-08-20,paid_search,ios,"United States",43,Freelancer,NULL,771155
5809109,2024-12-02,organic,web,"United States",36,"Small Business Owner",NULL,NULL
5809479,2024-03-01,social,web,Australia,24,Unemployed,NULL,378167
5810833,2024-05-22,organic,ios,Mexico,25,"Sales Rep",NULL,NULL
5811671,2024-03-19,paid_search,android,Philippines,18,Retired,NULL,237337
5812056,2024-06-19,social,ios,India,47,"Small Business Owner",NULL,378167
5813673,2024-05-20,social,web,"United States",33,Teacher,NULL,465838
5814647,2024-06-24,organic,ios,"United States",30,Accountant,NULL,999159
5816129,2023-09-14,organic,ios,Mexico,43,Teacher,NULL,NULL
5817167,2024-02-06,organic,ios,Brazil,39,Student,NULL,429365
5817842,2024-09-24,organic,ios,Nigeria,27,"Software Engineer",NULL,NULL
5817911,2024-11-13,paid_search,ios,"United States",18,"Marketing Manager",NULL,771155
5818750,2024-09-10,organic,ios,Mexico,47,Nurse,NULL,NULL
5819075,2024-10-12,affiliate,ios,"United States",30,"Marketing Manager",NULL,832180
5821699,2024-01-01,paid_search,ios,"United States",57,Consultant,NULL,154886
5822139,2023-06-20,affiliate,ios,Philippines,29,Retired,NULL,744167
5822455,2024-09-07,organic,web,"United States",39,"Small Business Owner",NULL,NULL
5823416,2024-06-14,paid_search,ios,"United States",47,Freelancer,NULL,164820
5825885,2024-07-16,social,ios,"United States",28,"Small Business Owner",NULL,378167
5826176,2023-10-27,organic,android,Philippines,33,Retired,NULL,NULL
5828426,2024-06-01,organic,android,Mexico,41,Unemployed,NULL,999159
5828761,2024-11-25,organic,ios,"United Kingdom",39,Student,NULL,NULL
5830165,2024-11-11,referral,ios,Nigeria,44,Student,"Community Forum",NULL
5832091,2023-04-13,affiliate,android,"United States",36,Unemployed,NULL,291335
5832691,2024-02-24,referral,web,"United Kingdom",24,"Sales Rep","Existing Customer",NULL
5833177,2024-08-20,social,ios,India,49,Unemployed,NULL,378167
5834357,2024-05-25,organic,android,"United States",29,"Software Engineer",NULL,NULL
5835451,2024-09-03,paid_search,android,Germany,31,Nurse,NULL,771155
5836161,2024-12-30,organic,ios,"United States",39,Accountant,NULL,NULL
5836917,2024-09-21,paid_search,web,Philippines,25,"Small Business Owner",NULL,187498
5837502,2024-11-22,organic,web,Philippines,43,Retired,NULL,NULL
5840349,2024-05-03,organic,ios,"United States",44,Unemployed,NULL,NULL
5840351,2024-08-17,referral,ios,Germany,40,Consultant,"Existing Customer",NULL
5842256,2024-04-06,organic,web,Brazil,36,Accountant,NULL,NULL
5842611,2023-10-25,paid_search,web,Canada,52,"Marketing Manager",NULL,141090
5845710,2024-09-29,organic,android,Mexico,46,Unemployed,NULL,429365
5846769,2024-07-10,paid_search,web,"United States",43,Unemployed,NULL,154886
5847384,2024-03-05,referral,web,Philippines,36,Consultant,"Existing Customer",NULL
5848287,2024-04-06,paid_search,web,"United States",25,Teacher,NULL,771155
5849617,2023-04-25,organic,web,"United States",24,"Software Engineer",NULL,NULL
5849666,2024-01-14,organic,ios,Nigeria,35,"Software Engineer",NULL,NULL
5850224,2024-04-25,organic,ios,Mexico,50,Unemployed,NULL,NULL
5850825,2024-06-14,organic,android,"United States",24,Nurse,NULL,NULL
5851188,2024-08-02,paid_search,ios,"United States",41,"Sales Rep",NULL,621430
5854042,2024-11-10,organic,ios,"United Kingdom",43,Student,NULL,NULL
5854487,2024-02-04,paid_search,ios,India,31,"Small Business Owner",NULL,621430
5855920,2024-04-20,organic,ios,Canada,18,Freelancer,NULL,NULL
5856436,2023-07-05,organic,android,"United Kingdom",26,"Sales Rep",NULL,NULL
5856447,2024-11-03,organic,web,Germany,53,"Marketing Manager",NULL,NULL
5858939,2024-05-09,affiliate,web,"United Kingdom",57,Nurse,NULL,744167
5859221,2024-01-28,social,web,"United States",25,Student,NULL,465838
5859382,2024-10-11,organic,android,"United States",49,Accountant,NULL,NULL
5859633,2024-07-08,affiliate,ios,"United States",55,"Software Engineer",NULL,887201
5860319,2024-04-25,social,web,Mexico,25,Freelancer,NULL,378167
5860345,2023-11-16,affiliate,web,"United Kingdom",39,Student,NULL,744167
5861282,2024-11-19,affiliate,web,Australia,67,Nurse,NULL,231932
5862894,2023-05-10,organic,web,Canada,25,Freelancer,NULL,429365
5864912,2023-10-04,organic,android,"United Kingdom",34,Unemployed,NULL,NULL
5866940,2024-10-01,paid_search,ios,"United States",33,Retired,NULL,237337
5868923,2024-08-16,organic,android,"United Kingdom",40,"Marketing Manager",NULL,NULL
5869236,2024-09-05,social,web,India,24,Nurse,NULL,378167
5872691,2024-03-09,social,ios,Germany,41,Unemployed,NULL,465838
5873014,2024-08-12,social,android,"United States",34,Consultant,NULL,378167
5873062,2024-10-01,organic,ios,India,42,"Software Engineer",NULL,NULL
5873594,2024-04-08,paid_search,android,Brazil,18,Nurse,NULL,621430
5875217,2023-07-22,social,ios,Nigeria,31,Consultant,NULL,465838
5876691,2024-01-05,organic,web,"United States",34,Unemployed,NULL,NULL
5876709,2024-09-22,paid_search,android,"United States",34,Teacher,NULL,187498
5876872,2023-05-24,affiliate,android,Canada,33,Consultant,NULL,231932
5877708,2024-07-05,organic,android,"United States",36,Unemployed,NULL,NULL
5879797,2024-03-26,organic,web,"United States",22,"Marketing Manager",NULL,NULL
5881539,2024-04-12,affiliate,web,Philippines,31,Teacher,NULL,210268
5881909,2024-08-02,organic,android,"United Kingdom",27,"Marketing Manager",NULL,NULL
5883680,2024-03-18,social,ios,"United States",46,Teacher,NULL,465838
5884299,2023-09-05,referral,web,"United States",24,Consultant,"Existing Customer",NULL
5884797,2023-07-05,organic,ios,"United States",31,"Sales Rep",NULL,NULL
5885211,2023-10-13,paid_search,web,India,41,Teacher,NULL,359178
5886202,2024-06-26,organic,ios,Canada,45,"Sales Rep",NULL,NULL
5889084,2023-07-26,organic,ios,Canada,42,Student,NULL,999159
5892306,2024-07-28,paid_search,web,Canada,38,Consultant,NULL,164820
5892472,2024-09-03,affiliate,web,"United States",18,Freelancer,NULL,231932
5892571,2024-08-01,organic,web,"United States",26,"Small Business Owner",NULL,NULL
5893091,2024-02-20,social,ios,"United Kingdom",25,"Small Business Owner",NULL,378167
5894097,2024-12-20,affiliate,ios,"United States",22,Student,NULL,832180
5894287,2024-06-17,paid_search,web,Brazil,18,Nurse,NULL,621430
5894940,2023-07-09,affiliate,web,"United States",23,Student,NULL,744167
5895737,2024-12-06,paid_search,ios,India,18,Accountant,NULL,359178
5896799,2024-03-22,organic,web,Canada,30,Unemployed,NULL,999159
5896986,2024-08-31,affiliate,android,"United States",47,Consultant,NULL,744167
5897590,2024-08-16,social,web,Philippines,38,Retired,NULL,465838
5897954,2024-05-24,social,android,India,43,Teacher,NULL,378167
5898107,2023-10-04,paid_search,web,"United States",31,Nurse,NULL,771155
5899856,2024-11-10,affiliate,android,"United States",23,Accountant,NULL,210268
5900164,2024-04-29,affiliate,ios,"United States",33,"Software Engineer",NULL,221958
5900318,2024-09-17,referral,web,"United States",34,Consultant,"Existing Customer",NULL
5902059,2023-09-08,paid_search,web,Germany,18,"Small Business Owner",NULL,818315
5902444,2024-12-27,paid_search,web,Germany,40,Accountant,NULL,621430
5902666,2024-09-23,referral,ios,Australia,38,"Marketing Manager","Community Forum",NULL
5902825,2024-05-11,social,android,Brazil,18,Unemployed,NULL,465838
5906526,2024-12-11,social,web,"United States",42,Retired,NULL,465838
5909047,2024-08-19,social,ios,"United States",36,Nurse,NULL,378167
5909776,2024-07-23,organic,web,"United States",52,"Small Business Owner",NULL,NULL
5910662,2024-11-26,social,android,"United States",30,"Software Engineer",NULL,378167
5911077,2023-09-24,organic,ios,"United States",40,"Small Business Owner",NULL,NULL
5911408,2024-04-19,paid_search,web,Australia,29,Student,NULL,187498
5911672,2024-01-09,affiliate,ios,"United Kingdom",32,Unemployed,NULL,832180
5912216,2024-10-12,referral,android,Germany,22,Teacher,Employee,NULL
5912301,2024-08-31,referral,web,Brazil,44,Consultant,"Existing Customer",NULL
5913478,2024-02-20,referral,android,"United States",43,"Sales Rep","Community Forum",NULL
5914005,2024-07-13,paid_search,web,Canada,46,"Small Business Owner",NULL,818315
5914082,2024-12-12,paid_search,android,"United States",27,Unemployed,NULL,421879
5914150,2024-12-25,social,ios,"United States",24,"Small Business Owner",NULL,465838
5924374,2023-12-25,paid_search,ios,"United States",29,Teacher,NULL,359178
5926203,2023-07-24,referral,ios,"United States",22,"Sales Rep",Employee,NULL
5926622,2023-11-18,affiliate,android,Canada,37,Retired,NULL,275203
5926730,2024-01-30,organic,web,Mexico,31,Freelancer,NULL,999159
5928476,2023-08-19,organic,web,"United States",29,"Sales Rep",NULL,NULL
5929426,2024-05-09,affiliate,web,"United States",39,"Sales Rep",NULL,744167
5932048,2024-10-30,social,web,"United States",34,Retired,NULL,378167
5933594,2024-01-09,paid_search,web,"United States",42,Unemployed,NULL,141090
5934349,2024-04-10,organic,web,"United States",18,Retired,NULL,NULL
5934990,2023-02-02,organic,ios,Canada,35,Consultant,NULL,429365
5935371,2024-08-22,paid_search,web,"United States",27,Retired,NULL,421879
5936600,2024-07-09,affiliate,android,"United States",18,Consultant,NULL,291335
5936710,2024-03-09,social,android,"United Kingdom",31,Accountant,NULL,465838
5936792,2024-04-03,organic,ios,"United States",28,Freelancer,NULL,NULL
5939003,2023-08-23,organic,android,Mexico,18,Unemployed,NULL,NULL
5940359,2024-08-20,organic,android,Canada,45,Consultant,NULL,NULL
5941412,2024-02-23,social,ios,Canada,40,"Marketing Manager",NULL,465838
5943114,2024-03-24,social,android,India,45,Consultant,NULL,465838
5944505,2024-04-23,referral,android,Brazil,18,"Software Engineer",Employee,NULL
5945169,2024-02-07,affiliate,android,"United States",32,Retired,NULL,744167
5947796,2024-12-17,referral,web,"United States",24,Student,"Partner App",NULL
5948008,2024-07-22,affiliate,web,"United States",53,"Sales Rep",NULL,275203
5948600,2024-10-31,affiliate,android,Nigeria,27,"Marketing Manager",NULL,275203
5949331,2024-10-19,organic,android,Canada,43,Student,NULL,NULL
5949499,2023-06-17,affiliate,android,Canada,44,"Marketing Manager",NULL,231932
5952075,2024-07-01,paid_search,ios,"United States",18,"Small Business Owner",NULL,154886
5952505,2024-03-07,social,android,Germany,34,Retired,NULL,378167
5953799,2024-07-26,affiliate,web,Canada,20,Consultant,NULL,291335
5954582,2024-12-02,organic,web,Philippines,22,Teacher,NULL,NULL
5956780,2023-03-24,social,ios,"United States",44,"Sales Rep",NULL,465838
5957107,2024-04-19,referral,web,Philippines,25,Teacher,Employee,NULL
5957161,2024-06-02,affiliate,ios,Australia,32,Accountant,NULL,744167
5959617,2024-06-08,social,ios,"United States",38,Nurse,NULL,378167
5959691,2023-11-06,organic,ios,"United Kingdom",52,"Small Business Owner",NULL,429365
5960124,2024-07-31,affiliate,android,Canada,32,Nurse,NULL,744167
5961172,2023-11-14,social,web,"United States",31,Freelancer,NULL,378167
5961828,2024-10-28,referral,web,"United States",25,Freelancer,Employee,NULL
5961914,2023-10-18,social,web,"United States",27,Teacher,NULL,378167
5962140,2024-10-23,organic,ios,Germany,31,Retired,NULL,NULL
5963401,2024-02-13,social,ios,Brazil,34,Accountant,NULL,465838
5964948,2024-03-18,affiliate,web,"United States",39,"Sales Rep",NULL,221958
5965050,2024-11-22,organic,android,Canada,41,"Software Engineer",NULL,NULL
5965440,2024-09-01,affiliate,ios,"United Kingdom",18,"Small Business Owner",NULL,832180
5969411,2024-08-28,social,android,"United States",18,Unemployed,NULL,378167
5970345,2024-08-16,organic,android,"United Kingdom",47,"Small Business Owner",NULL,NULL
5970809,2024-08-26,social,web,Canada,53,Consultant,NULL,465838
5973064,2024-10-06,affiliate,ios,Canada,34,Nurse,NULL,221958
5975026,2024-06-14,organic,web,Germany,18,"Software Engineer",NULL,429365
5975045,2023-11-09,organic,ios,"United States",51,Teacher,NULL,NULL
5975467,2024-08-14,social,web,India,36,"Small Business Owner",NULL,465838
5976563,2024-05-26,referral,android,"United States",29,"Sales Rep","Partner App",NULL
5976820,2024-11-11,referral,android,India,33,Retired,Employee,NULL
5978234,2024-10-02,social,android,"United States",29,"Software Engineer",NULL,378167
5980137,2024-12-01,organic,web,Mexico,26,Nurse,NULL,NULL
5980249,2023-10-03,affiliate,ios,"United States",44,"Sales Rep",NULL,231932
5980939,2023-11-30,referral,android,Brazil,18,Freelancer,"Partner App",NULL
5981262,2023-06-13,organic,android,"United States",31,Nurse,NULL,NULL
5982042,2024-07-22,referral,ios,"United States",35,Freelancer,"Community Forum",NULL
5982732,2024-05-22,affiliate,ios,Australia,33,"Marketing Manager",NULL,275203
5983926,2024-09-19,affiliate,ios,Nigeria,42,Student,NULL,744167
5984445,2023-10-20,affiliate,ios,"United States",48,"Marketing Manager",NULL,291335
5985248,2023-04-08,organic,ios,India,33,"Small Business Owner",NULL,NULL
5987696,2024-11-24,organic,android,"United States",25,Accountant,NULL,NULL
5988023,2024-10-19,paid_search,android,"United States",35,Unemployed,NULL,237337
5989847,2023-10-30,paid_search,android,India,35,Accountant,NULL,141090
5989904,2024-07-10,paid_search,web,Mexico,33,Freelancer,NULL,164820
5990488,2024-02-12,referral,ios,Philippines,52,Accountant,"Partner App",NULL
5990961,2024-06-16,paid_search,android,"United Kingdom",34,Accountant,NULL,359178
5991536,2023-12-23,referral,web,Philippines,33,Teacher,"Community Forum",NULL
5993899,2023-12-16,social,ios,India,29,Student,NULL,378167
5995427,2024-01-18,affiliate,android,Philippines,33,Freelancer,NULL,275203
5999111,2023-11-12,social,ios,Canada,49,"Software Engineer",NULL,378167
6000546,2024-06-17,paid_search,android,"United States",23,Unemployed,NULL,771155
6000738,2023-12-07,paid_search,ios,"United States",24,"Marketing Manager",NULL,141090
6001045,2024-10-22,organic,android,"United States",31,Teacher,NULL,NULL
6001945,2024-10-25,affiliate,ios,"United States",37,Nurse,NULL,744167
6002828,2024-08-28,social,web,"United States",37,Freelancer,NULL,378167
6003361,2024-11-05,organic,ios,Nigeria,24,Retired,NULL,NULL
6004998,2024-06-05,organic,ios,"United Kingdom",36,Nurse,NULL,999159
6005231,2024-07-12,social,web,"United States",36,Accountant,NULL,378167
6005332,2023-10-14,referral,android,"United States",21,Accountant,"Community Forum",NULL
6005858,2024-12-05,affiliate,android,Nigeria,34,Unemployed,NULL,231932
6007106,2024-09-15,paid_search,web,"United States",48,Consultant,NULL,818315
6008341,2023-12-12,organic,ios,"United States",52,Teacher,NULL,NULL
6010168,2024-01-11,organic,android,Brazil,27,Student,NULL,429365
6010281,2024-04-02,organic,ios,"United Kingdom",42,"Marketing Manager",NULL,NULL
6011002,2023-05-22,paid_search,ios,Nigeria,18,Retired,NULL,187498
6014049,2023-08-21,organic,ios,"United States",27,"Sales Rep",NULL,NULL
6015551,2024-03-30,organic,android,"United States",33,Retired,NULL,NULL
6016239,2024-11-22,affiliate,web,India,34,Teacher,NULL,744167
6017226,2023-12-15,referral,web,Canada,45,Unemployed,Employee,NULL
6017650,2024-02-25,organic,ios,Australia,38,"Sales Rep",NULL,NULL
6018768,2023-08-01,referral,ios,Canada,31,"Marketing Manager","Community Forum",NULL
6021983,2024-12-17,referral,ios,"United States",23,Consultant,"Existing Customer",NULL
6023198,2024-10-21,social,ios,Germany,23,Unemployed,NULL,378167
6024592,2024-03-17,affiliate,ios,Australia,25,"Marketing Manager",NULL,275203
6025764,2024-04-04,social,android,"United Kingdom",50,Freelancer,NULL,378167
6028035,2024-06-26,paid_search,android,"United States",34,Unemployed,NULL,359178
6028427,2024-09-13,affiliate,android,"United States",34,"Marketing Manager",NULL,221958
6029792,2024-07-30,organic,web,Brazil,18,Teacher,NULL,NULL
6031595,2024-06-17,affiliate,ios,Australia,37,"Sales Rep",NULL,210268
6032661,2024-02-01,affiliate,android,"United States",35,"Small Business Owner",NULL,887201
6032793,2024-11-18,social,web,"United States",28,Freelancer,NULL,378167
6034253,2024-11-17,paid_search,web,Germany,18,Consultant,NULL,359178
6036117,2024-08-18,organic,ios,Nigeria,42,Teacher,NULL,NULL
6037285,2024-05-01,affiliate,web,Australia,20,Accountant,NULL,744167
6038460,2024-01-17,social,web,India,42,Retired,NULL,378167
6040360,2024-12-30,organic,ios,"United States",42,Unemployed,NULL,NULL
6042486,2023-09-23,paid_search,android,Philippines,43,Freelancer,NULL,771155
6044080,2024-11-09,organic,android,"United States",29,Consultant,NULL,NULL
6044316,2023-09-02,referral,android,"United States",47,"Sales Rep","Community Forum",NULL
6044829,2024-07-10,social,ios,"United States",28,"Software Engineer",NULL,378167
6044842,2023-05-17,referral,ios,Canada,37,Nurse,"Community Forum",NULL
6046528,2024-10-15,affiliate,android,Nigeria,24,Freelancer,NULL,221958
6047999,2024-12-30,affiliate,android,"United States",38,Nurse,NULL,887201
6048336,2024-02-19,organic,android,"United States",52,Nurse,NULL,NULL
6049425,2024-07-06,organic,android,"United States",44,Accountant,NULL,NULL
6050058,2024-08-08,paid_search,ios,Canada,21,Teacher,NULL,187498
6050405,2024-03-22,paid_search,ios,"United States",60,Freelancer,NULL,237337
6051646,2023-08-10,referral,android,"United States",18,Accountant,"Existing Customer",NULL
6051921,2024-07-20,paid_search,android,"United States",42,Retired,NULL,164820
6052683,2024-10-06,organic,android,"United States",36,Accountant,NULL,429365
6053127,2023-04-14,social,android,"United States",38,"Small Business Owner",NULL,378167
6053679,2024-07-21,social,ios,"United States",42,Freelancer,NULL,465838
6053929,2024-10-03,organic,android,Brazil,40,"Software Engineer",NULL,NULL
6055769,2024-11-25,organic,android,"United States",42,Consultant,NULL,429365
6056093,2023-12-17,referral,ios,"United States",35,Accountant,"Existing Customer",NULL
6056861,2023-11-08,referral,ios,"United Kingdom",18,Retired,"Existing Customer",NULL
6058211,2024-08-13,paid_search,android,India,38,Consultant,NULL,621430
6059667,2023-10-16,organic,ios,Mexico,18,Teacher,NULL,NULL
6060795,2024-04-24,referral,web,"United States",35,Consultant,"Existing Customer",NULL
6061354,2024-10-14,affiliate,android,Germany,41,Freelancer,NULL,887201
6061500,2023-10-04,paid_search,web,"United Kingdom",38,"Small Business Owner",NULL,164820
6062581,2024-06-20,organic,ios,Canada,39,"Marketing Manager",NULL,NULL
6063778,2024-10-21,affiliate,ios,Philippines,38,"Sales Rep",NULL,221958
6066112,2023-07-24,organic,ios,"United States",39,Student,NULL,NULL
6066447,2024-12-11,paid_search,ios,Germany,44,Teacher,NULL,771155
6068002,2024-10-13,affiliate,web,Philippines,39,Retired,NULL,210268
6070121,2023-09-05,organic,android,India,38,Nurse,NULL,NULL
6070414,2024-11-25,organic,android,"United States",27,Teacher,NULL,NULL
6071915,2024-04-25,social,android,Canada,39,Retired,NULL,378167
6072148,2024-03-09,referral,android,"United States",46,"Marketing Manager","Community Forum",NULL
6077198,2023-11-19,organic,web,"United States",43,"Marketing Manager",NULL,NULL
6079111,2023-11-20,social,web,"United States",38,Teacher,NULL,465838
6080692,2024-10-21,organic,ios,Canada,26,"Small Business Owner",NULL,NULL
6081502,2024-06-16,organic,web,"United States",20,Retired,NULL,NULL
6081820,2024-12-21,affiliate,web,Mexico,48,Consultant,NULL,221958
6081857,2024-09-21,organic,web,"United States",28,Student,NULL,NULL
6082281,2024-10-29,paid_search,web,Mexico,38,Accountant,NULL,187498
6083769,2024-01-09,affiliate,ios,Brazil,48,Retired,NULL,210268
6083801,2023-12-20,affiliate,web,Nigeria,43,Teacher,NULL,744167
6084921,2024-12-04,paid_search,ios,"United States",43,"Software Engineer",NULL,164820
6087268,2023-04-11,affiliate,web,"United States",18,"Software Engineer",NULL,291335
6087365,2024-02-27,affiliate,android,Nigeria,35,"Software Engineer",NULL,887201
6087692,2024-04-26,social,ios,"United States",42,"Software Engineer",NULL,465838
6088268,2024-04-01,organic,ios,"United States",29,Accountant,NULL,NULL
6088539,2023-11-04,organic,android,"United States",49,"Marketing Manager",NULL,NULL
6088890,2024-11-27,affiliate,web,Philippines,18,Freelancer,NULL,231932
6091281,2024-09-15,social,web,Brazil,23,Retired,NULL,378167
6091995,2024-11-07,paid_search,web,"United States",26,Accountant,NULL,621430
6092792,2023-10-23,paid_search,web,"United States",43,Teacher,NULL,359178
6093388,2023-07-03,referral,android,"United Kingdom",40,Consultant,"Community Forum",NULL
6094502,2024-08-18,organic,web,"United States",21,"Software Engineer",NULL,NULL
6095670,2023-08-10,referral,web,Germany,29,"Sales Rep","Community Forum",NULL
6097579,2024-06-04,organic,android,Philippines,28,Unemployed,NULL,429365
6098227,2023-07-13,organic,android,"United Kingdom",52,Accountant,NULL,NULL
6098907,2024-10-05,referral,web,Canada,28,Consultant,Employee,NULL
6099154,2024-06-15,paid_search,android,"United States",46,"Small Business Owner",NULL,818315
6101118,2024-02-04,organic,ios,"United States",51,Freelancer,NULL,NULL
6102367,2024-11-17,social,ios,"United States",33,"Software Engineer",NULL,465838
6104138,2024-10-29,affiliate,android,"United States",21,Student,NULL,887201
6104459,2024-11-12,affiliate,android,"United States",18,Student,NULL,221958
6105724,2023-10-02,paid_search,web,Nigeria,52,Unemployed,NULL,421879
6106563,2024-08-01,organic,web,Australia,56,Nurse,NULL,NULL
6106799,2024-07-16,social,ios,Philippines,22,Freelancer,NULL,378167
6107385,2024-09-02,referral,ios,Australia,37,Retired,"Partner App",NULL
6107742,2024-03-03,affiliate,android,Philippines,37,"Small Business Owner",NULL,744167
6108728,2024-12-26,affiliate,web,Nigeria,33,"Marketing Manager",NULL,210268
6111142,2024-06-11,organic,web,Philippines,41,"Software Engineer",NULL,NULL
6113050,2024-10-08,affiliate,ios,Nigeria,43,"Sales Rep",NULL,210268
6113728,2024-09-01,referral,web,Canada,43,Nurse,"Existing Customer",NULL
6115011,2024-10-01,organic,ios,"United States",29,Unemployed,NULL,NULL
6116176,2023-08-02,social,web,"United States",18,"Marketing Manager",NULL,465838
6116934,2023-11-12,organic,web,Canada,23,Teacher,NULL,999159
6118805,2024-01-23,organic,ios,"United Kingdom",41,Retired,NULL,NULL
6118922,2024-10-22,affiliate,web,"United States",35,"Small Business Owner",NULL,221958
6119641,2024-09-24,social,web,"United States",34,Nurse,NULL,378167
6121632,2024-02-08,paid_search,web,India,31,Nurse,NULL,359178
6122194,2024-10-13,organic,web,"United States",21,"Sales Rep",NULL,NULL
6122783,2024-04-28,paid_search,web,"United States",37,"Sales Rep",NULL,154886
6122930,2024-10-24,affiliate,web,Australia,32,Nurse,NULL,832180
6122964,2024-09-03,organic,android,Canada,37,"Marketing Manager",NULL,NULL
6122969,2024-11-01,affiliate,android,"United States",29,Unemployed,NULL,221958
6123122,2024-02-17,paid_search,android,Australia,27,Nurse,NULL,154886
6124524,2023-10-31,paid_search,android,"United Kingdom",29,Consultant,NULL,818315
6124674,2024-05-17,affiliate,web,Canada,30,Freelancer,NULL,231932
6124795,2024-01-26,paid_search,ios,Nigeria,45,Freelancer,NULL,141090
6125614,2024-07-22,affiliate,web,Canada,40,"Sales Rep",NULL,887201
6125702,2023-08-17,organic,ios,"United Kingdom",35,"Sales Rep",NULL,429365
6125819,2024-10-30,social,web,Canada,23,Freelancer,NULL,378167
6127319,2024-12-14,affiliate,android,"United States",22,Retired,NULL,275203
6127736,2024-07-20,organic,ios,"United States",41,Student,NULL,NULL
6128643,2024-10-25,affiliate,web,Brazil,48,Unemployed,NULL,231932
6130076,2024-03-12,paid_search,web,Mexico,37,"Sales Rep",NULL,818315
6130397,2024-12-29,paid_search,web,India,23,Unemployed,NULL,154886
6130418,2024-11-07,social,android,"United States",35,Freelancer,NULL,465838
6131104,2023-07-16,social,android,"United States",24,"Sales Rep",NULL,378167
6132928,2023-07-29,paid_search,ios,Canada,24,Nurse,NULL,421879
6134207,2024-09-19,social,android,Brazil,18,Teacher,NULL,465838
6134544,2023-04-11,organic,ios,Germany,22,Nurse,NULL,NULL
6134629,2024-05-25,affiliate,ios,Philippines,45,Freelancer,NULL,275203
6134639,2024-11-19,social,android,"United States",28,Consultant,NULL,465838
6137956,2024-10-10,affiliate,web,Brazil,40,Nurse,NULL,291335
6137997,2023-09-17,social,android,Germany,24,"Software Engineer",NULL,465838
6139743,2024-11-19,organic,ios,Philippines,40,Consultant,NULL,NULL
6140709,2024-08-20,referral,ios,"United States",42,Freelancer,"Existing Customer",NULL
6143901,2023-05-21,organic,android,"United Kingdom",32,"Marketing Manager",NULL,999159
6146386,2024-11-16,organic,web,India,42,Student,NULL,NULL
6147501,2023-08-06,paid_search,ios,"United Kingdom",24,"Software Engineer",NULL,154886
6149387,2023-10-21,organic,web,Canada,38,Student,NULL,NULL
6149534,2024-07-08,paid_search,android,Mexico,29,Retired,NULL,141090
6150635,2024-09-17,affiliate,ios,Canada,30,Accountant,NULL,221958
6151946,2024-11-11,paid_search,web,Canada,50,Accountant,NULL,771155
6152030,2024-07-27,organic,web,"United States",41,Teacher,NULL,NULL
6153435,2024-07-28,affiliate,android,Canada,18,"Small Business Owner",NULL,210268
6154048,2024-01-14,social,ios,India,18,"Marketing Manager",NULL,378167
6155872,2023-11-27,paid_search,ios,"United States",29,"Sales Rep",NULL,621430
6156371,2024-09-18,paid_search,ios,Brazil,48,"Software Engineer",NULL,621430
6156758,2024-12-13,paid_search,ios,"United States",24,Freelancer,NULL,359178
6158570,2024-02-21,paid_search,web,Canada,36,"Sales Rep",NULL,818315
6160324,2024-01-21,paid_search,ios,"United States",18,"Sales Rep",NULL,237337
6161545,2024-04-26,organic,web,"United States",33,Accountant,NULL,NULL
6162425,2024-01-23,affiliate,web,Mexico,34,"Sales Rep",NULL,291335
6163515,2023-06-22,paid_search,web,Brazil,28,Accountant,NULL,421879
6165679,2024-11-27,organic,ios,"United States",33,Retired,NULL,NULL
6166650,2024-04-13,social,web,"United States",30,Retired,NULL,378167
6167373,2024-05-02,organic,web,India,24,Student,NULL,NULL
6168554,2024-03-05,affiliate,android,"United States",57,Unemployed,NULL,275203
6168638,2024-10-29,paid_search,web,"United States",30,Student,NULL,187498
6169719,2024-02-18,affiliate,web,Germany,38,"Small Business Owner",NULL,291335
6170080,2024-06-17,referral,web,"United States",52,Accountant,"Community Forum",NULL
6170310,2024-03-26,paid_search,web,Nigeria,18,Retired,NULL,421879
6170988,2024-05-19,social,android,"United States",35,Student,NULL,378167
6172886,2024-12-19,organic,web,"United States",18,Retired,NULL,999159
6173395,2023-09-04,referral,web,Canada,35,"Marketing Manager","Partner App",NULL
6178652,2024-05-05,referral,web,Australia,30,Consultant,"Existing Customer",NULL
6180703,2023-05-04,paid_search,ios,"United States",23,"Sales Rep",NULL,818315
6181057,2024-07-12,referral,ios,"United States",32,"Software Engineer","Existing Customer",NULL
6181377,2023-08-22,social,ios,Canada,35,"Marketing Manager",NULL,465838
6181930,2024-07-29,referral,ios,"United States",32,Accountant,"Partner App",NULL
6182101,2024-08-26,affiliate,android,Canada,20,Freelancer,NULL,744167
6182190,2024-07-20,organic,web,Brazil,18,Retired,NULL,NULL
6183584,2024-10-11,organic,ios,Canada,48,Consultant,NULL,NULL
6184502,2024-02-25,referral,android,"United States",52,Student,Employee,NULL
6185356,2024-11-08,social,web,Mexico,18,Unemployed,NULL,378167
6185773,2023-03-10,organic,web,Mexico,22,"Sales Rep",NULL,NULL
6186686,2024-12-25,affiliate,ios,India,31,Nurse,NULL,291335
6187480,2024-12-28,affiliate,web,"United Kingdom",46,Accountant,NULL,275203
6188757,2023-10-03,social,ios,"United States",47,Teacher,NULL,465838
6192859,2023-04-15,paid_search,web,India,42,"Marketing Manager",NULL,359178
6193278,2024-05-16,paid_search,web,Mexico,35,"Sales Rep",NULL,237337
6193378,2024-07-09,referral,android,Brazil,52,"Sales Rep",Employee,NULL
6193542,2023-07-27,affiliate,android,"United States",34,Accountant,NULL,744167
6193595,2024-12-14,referral,web,"United Kingdom",41,Unemployed,Employee,NULL
6193734,2024-03-28,organic,web,"United States",33,Teacher,NULL,NULL
6193951,2024-05-22,referral,web,Mexico,28,Teacher,"Community Forum",NULL
6194914,2023-04-10,paid_search,android,"United States",30,Student,NULL,237337
6196467,2023-11-01,organic,ios,"United States",24,"Marketing Manager",NULL,NULL
6198054,2023-05-29,paid_search,android,"United States",53,"Software Engineer",NULL,359178
6198245,2024-08-03,organic,android,Philippines,38,Retired,NULL,999159
6200551,2024-07-11,organic,ios,Canada,29,Unemployed,NULL,NULL
6201682,2024-04-09,referral,ios,India,31,Nurse,"Existing Customer",NULL
6202413,2024-09-16,referral,android,Australia,37,Retired,Employee,NULL
6203916,2023-12-05,organic,web,Philippines,23,"Small Business Owner",NULL,NULL
6205597,2024-03-22,paid_search,web,"United States",46,"Software Engineer",NULL,771155
6207188,2024-08-17,social,ios,India,33,"Sales Rep",NULL,378167
6209995,2024-08-12,paid_search,ios,India,35,Retired,NULL,818315
6210307,2024-11-08,paid_search,android,"United States",28,Student,NULL,187498
6210558,2024-05-28,paid_search,web,"United States",42,Teacher,NULL,164820
6210766,2023-10-27,organic,web,India,37,Freelancer,NULL,NULL
6211276,2024-10-02,paid_search,ios,Brazil,52,Accountant,NULL,818315
6211593,2024-04-26,social,android,India,29,Consultant,NULL,378167
6212360,2024-03-15,organic,ios,Canada,28,Nurse,NULL,NULL
6214636,2024-05-13,affiliate,ios,"United States",42,Teacher,NULL,210268
6214802,2024-05-02,affiliate,android,Canada,32,"Software Engineer",NULL,221958
6215622,2024-08-05,referral,web,"United States",34,"Small Business Owner","Partner App",NULL
6215784,2024-10-05,affiliate,web,Canada,33,Nurse,NULL,221958
6216813,2024-02-06,social,android,Canada,24,Nurse,NULL,465838
6217084,2024-11-28,affiliate,ios,Canada,39,Teacher,NULL,221958
6217092,2023-09-16,organic,web,Germany,40,Accountant,NULL,NULL
6218907,2023-02-25,social,android,Australia,28,"Software Engineer",NULL,378167
6219574,2024-11-27,affiliate,android,"United States",44,Nurse,NULL,832180
6221816,2024-02-22,organic,web,Australia,29,Nurse,NULL,NULL
6222798,2024-08-22,organic,web,"United States",38,Teacher,NULL,NULL
6224237,2024-07-29,organic,ios,Germany,29,Accountant,NULL,429365
6224369,2024-01-14,paid_search,ios,Germany,19,Retired,NULL,359178
6227365,2024-08-29,paid_search,ios,Canada,42,Consultant,NULL,154886
6227528,2023-05-18,organic,ios,Canada,25,Unemployed,NULL,NULL
6227541,2023-09-30,organic,web,Brazil,57,Consultant,NULL,NULL
6228298,2024-12-08,organic,android,"United States",35,"Software Engineer",NULL,NULL
6228566,2023-09-09,affiliate,android,"United States",30,Student,NULL,744167
6230852,2024-09-23,affiliate,android,"United States",34,Nurse,NULL,744167
6232190,2024-04-06,referral,android,"United States",40,"Marketing Manager","Partner App",NULL
6232651,2023-04-12,social,ios,Canada,62,Nurse,NULL,465838
6232761,2024-02-03,affiliate,web,Canada,39,Student,NULL,231932
6234259,2024-12-18,organic,ios,Mexico,33,Student,NULL,NULL
6234748,2024-07-16,social,web,"United States",19,Retired,NULL,465838
6236441,2024-10-17,social,web,"United States",39,"Sales Rep",NULL,465838
6236840,2024-11-25,referral,ios,Brazil,18,"Software Engineer",Employee,NULL
6237196,2023-11-12,organic,web,Mexico,34,Student,NULL,999159
6238331,2024-08-06,social,ios,Nigeria,43,"Marketing Manager",NULL,465838
6238561,2024-12-12,organic,ios,Mexico,30,"Marketing Manager",NULL,NULL
6238631,2024-08-23,affiliate,web,India,30,"Small Business Owner",NULL,887201
6241218,2024-04-28,organic,web,"United Kingdom",25,Teacher,NULL,NULL
6241684,2024-08-31,affiliate,web,"United States",39,Freelancer,NULL,832180
6242029,2024-12-14,organic,android,"United States",34,Student,NULL,NULL
6242042,2024-11-20,organic,web,"United States",32,Nurse,NULL,NULL
6242329,2023-06-04,organic,web,"United States",32,Freelancer,NULL,NULL
6243174,2024-11-16,social,ios,"United Kingdom",37,Accountant,NULL,465838
6243534,2023-04-03,organic,android,"United States",37,Nurse,NULL,NULL
6243762,2024-02-26,affiliate,web,Nigeria,28,Freelancer,NULL,744167
6244761,2024-12-13,social,android,Germany,30,Teacher,NULL,465838
6244786,2023-11-07,paid_search,android,"United States",42,Student,NULL,421879
6246880,2024-03-27,organic,android,"United States",41,Freelancer,NULL,NULL
6248400,2024-08-16,social,ios,"United States",42,"Software Engineer",NULL,465838
6248575,2024-05-24,paid_search,web,"United States",34,"Marketing Manager",NULL,818315
6248709,2024-10-06,referral,ios,India,18,Accountant,"Existing Customer",NULL
6250295,2023-11-30,paid_search,web,Germany,27,Freelancer,NULL,164820
6251035,2023-09-15,organic,android,Mexico,24,Freelancer,NULL,NULL
6252371,2024-11-20,paid_search,android,"United States",26,Retired,NULL,154886
6252807,2023-11-21,referral,web,"United States",42,Unemployed,"Existing Customer",NULL
6253974,2024-09-06,organic,ios,"United States",53,"Sales Rep",NULL,429365
6254224,2024-12-10,organic,ios,Canada,29,Student,NULL,NULL
6254230,2024-04-06,organic,ios,"United States",26,"Software Engineer",NULL,NULL
6256583,2023-12-31,organic,ios,Australia,33,Unemployed,NULL,NULL
6257386,2023-10-25,organic,android,"United States",42,Teacher,NULL,NULL
6259018,2024-08-06,paid_search,web,"United States",38,Student,NULL,621430
6259245,2024-04-11,paid_search,web,"United States",22,Consultant,NULL,621430
6262696,2023-05-29,organic,ios,"United States",27,Consultant,NULL,NULL
6264482,2024-06-08,referral,android,"United States",38,Freelancer,"Existing Customer",NULL
6265481,2023-11-29,organic,web,"United States",46,Freelancer,NULL,999159
6266662,2023-12-29,organic,android,Australia,42,"Marketing Manager",NULL,999159
6267382,2023-09-11,paid_search,ios,Brazil,42,Retired,NULL,141090
6267528,2024-05-06,organic,ios,"United States",27,"Software Engineer",NULL,NULL
6268961,2024-08-03,organic,web,Australia,18,"Marketing Manager",NULL,429365
6269262,2024-08-28,referral,ios,Germany,18,Retired,"Community Forum",NULL
6271513,2024-12-07,social,web,India,43,Consultant,NULL,378167
6271810,2024-08-12,affiliate,ios,"United Kingdom",31,Teacher,NULL,221958
6272225,2023-08-01,organic,web,Mexico,43,Consultant,NULL,NULL
6272864,2023-07-17,affiliate,android,"United States",44,Freelancer,NULL,744167
6274413,2024-08-15,organic,web,Mexico,45,"Sales Rep",NULL,NULL
6275034,2023-09-04,social,web,Brazil,18,"Small Business Owner",NULL,378167
6275463,2023-08-09,organic,web,Canada,23,"Marketing Manager",NULL,NULL
6275820,2023-06-29,affiliate,android,"United States",34,Freelancer,NULL,291335
6276728,2024-01-09,paid_search,android,"United States",42,Nurse,NULL,818315
6276776,2024-05-27,social,web,Australia,36,Accountant,NULL,465838
6277420,2024-11-29,organic,web,"United Kingdom",23,Nurse,NULL,NULL
6278172,2024-02-29,social,android,"United States",27,Nurse,NULL,465838
6279548,2024-12-01,organic,web,"United States",25,Freelancer,NULL,NULL
6279947,2024-12-23,affiliate,web,"United States",41,Retired,NULL,275203
6280156,2023-10-31,organic,web,Brazil,40,"Small Business Owner",NULL,999159
6281091,2024-06-06,affiliate,ios,"United States",48,Nurse,NULL,832180
6282379,2023-09-29,affiliate,web,"United States",31,"Software Engineer",NULL,744167
6282433,2024-09-17,referral,web,Nigeria,24,Retired,"Existing Customer",NULL
6282591,2024-10-12,organic,ios,"United States",18,Accountant,NULL,NULL
6283422,2024-10-24,organic,web,India,40,"Small Business Owner",NULL,999159
6284958,2024-02-23,affiliate,android,"United Kingdom",29,Nurse,NULL,887201
6287118,2024-10-15,organic,android,"United States",34,Teacher,NULL,NULL
6287913,2024-05-30,social,android,Brazil,26,"Small Business Owner",NULL,465838
6289283,2024-09-18,organic,android,Australia,51,Student,NULL,NULL
6289730,2024-05-10,paid_search,ios,"United States",18,Accountant,NULL,621430
6290717,2024-01-14,affiliate,web,India,20,"Small Business Owner",NULL,744167
6292895,2024-12-19,affiliate,ios,"United States",48,Unemployed,NULL,744167
6293348,2024-10-19,paid_search,android,Mexico,34,Student,NULL,187498
6296990,2023-04-08,affiliate,ios,"United Kingdom",58,"Sales Rep",NULL,231932
6297340,2024-08-15,organic,ios,India,40,Retired,NULL,NULL
6298217,2024-10-26,referral,web,"United States",29,Unemployed,"Existing Customer",NULL
6299238,2024-12-14,affiliate,web,"United Kingdom",18,Unemployed,NULL,275203
6300101,2024-09-30,organic,android,Mexico,48,Consultant,NULL,NULL
6301288,2023-12-26,social,ios,"United Kingdom",44,Student,NULL,378167
6301358,2024-03-28,paid_search,ios,"United Kingdom",24,Unemployed,NULL,621430
6301533,2024-06-05,social,web,Australia,29,"Small Business Owner",NULL,378167
6301572,2024-10-16,referral,web,Mexico,18,"Small Business Owner","Existing Customer",NULL
6303441,2023-10-25,referral,web,"United States",29,Student,Employee,NULL
6303943,2024-05-17,affiliate,android,Canada,43,"Sales Rep",NULL,744167
6304120,2024-04-30,paid_search,ios,"United Kingdom",33,"Sales Rep",NULL,359178
6304509,2024-02-25,organic,ios,Philippines,50,"Marketing Manager",NULL,NULL
6305431,2023-12-06,referral,web,Germany,33,Accountant,Employee,NULL
6306175,2023-12-28,affiliate,ios,"United States",42,"Marketing Manager",NULL,210268
6306490,2024-01-11,affiliate,android,Brazil,30,"Marketing Manager",NULL,210268
6309068,2024-11-05,social,android,"United States",27,"Sales Rep",NULL,465838
6309792,2024-03-26,referral,ios,"United States",37,Retired,Employee,NULL
6310074,2024-06-26,affiliate,web,Canada,35,Retired,NULL,275203
6311154,2024-10-13,organic,ios,Nigeria,29,Accountant,NULL,NULL
6311499,2024-10-30,paid_search,android,"United Kingdom",28,Student,NULL,154886
6312399,2023-10-11,organic,ios,"United States",37,"Software Engineer",NULL,NULL
6312470,2024-02-07,social,ios,"United States",29,Teacher,NULL,378167
6313280,2024-12-30,organic,ios,"United States",18,"Software Engineer",NULL,NULL
6316741,2024-10-22,affiliate,ios,Brazil,18,"Marketing Manager",NULL,221958
6318331,2024-01-28,organic,web,India,27,Student,NULL,NULL
6319728,2023-05-24,affiliate,web,"United States",27,"Marketing Manager",NULL,275203
6320385,2024-04-07,organic,android,Canada,40,Retired,NULL,NULL
6320804,2023-12-08,affiliate,ios,India,47,"Software Engineer",NULL,275203
6321129,2024-12-23,organic,ios,"United States",36,Student,NULL,NULL
6322675,2024-03-18,referral,ios,India,47,Consultant,Employee,NULL
6323940,2024-03-17,affiliate,android,India,40,Teacher,NULL,744167
6324852,2024-04-24,affiliate,ios,Australia,43,Freelancer,NULL,231932
6327580,2024-06-23,affiliate,android,"United States",32,"Marketing Manager",NULL,887201
6332660,2023-07-09,organic,ios,"United States",35,Unemployed,NULL,NULL
6332889,2023-03-30,organic,android,"United States",30,Accountant,NULL,NULL
6333152,2024-03-14,social,web,Mexico,43,"Small Business Owner",NULL,465838
6333968,2024-12-01,affiliate,web,"United States",46,Nurse,NULL,221958
6334233,2024-05-20,organic,web,Brazil,39,Teacher,NULL,NULL
6334538,2023-11-12,organic,ios,Australia,21,Accountant,NULL,NULL
6336530,2024-10-16,organic,android,"United States",30,Teacher,NULL,NULL
6337355,2024-11-28,organic,ios,"United Kingdom",39,Retired,NULL,NULL
6338744,2024-01-28,paid_search,android,Australia,44,Consultant,NULL,141090
6338938,2024-01-25,paid_search,android,Mexico,35,Student,NULL,154886
6345708,2024-10-08,organic,ios,"United States",28,Teacher,NULL,NULL
6345854,2023-06-19,organic,ios,India,40,"Marketing Manager",NULL,NULL
6347006,2024-11-15,affiliate,web,Germany,60,"Small Business Owner",NULL,744167
6347417,2024-03-14,paid_search,web,Germany,19,Freelancer,NULL,621430
6351826,2023-12-27,paid_search,android,India,33,"Software Engineer",NULL,621430
6352727,2024-11-17,social,web,Canada,18,Teacher,NULL,378167
6352825,2024-10-18,organic,ios,Canada,23,"Marketing Manager",NULL,NULL
6353369,2023-10-21,affiliate,android,Australia,24,Accountant,NULL,275203
6353374,2024-10-21,social,android,India,46,Student,NULL,465838
6353912,2024-09-02,organic,web,"United States",44,"Marketing Manager",NULL,NULL
6353966,2024-10-08,social,android,"United Kingdom",42,"Sales Rep",NULL,465838
6354075,2024-04-24,paid_search,ios,"United States",18,Freelancer,NULL,421879
6354342,2024-02-23,organic,web,Brazil,32,Consultant,NULL,NULL
6354552,2024-05-24,organic,ios,Canada,35,Unemployed,NULL,NULL
6354993,2023-11-15,paid_search,web,"United States",39,Student,NULL,141090
6356430,2023-08-09,paid_search,ios,"United States",32,"Software Engineer",NULL,359178
6357777,2024-09-25,paid_search,android,Philippines,18,Nurse,NULL,421879
6358699,2024-01-27,organic,ios,"United States",42,"Small Business Owner",NULL,NULL
6359462,2023-07-03,social,web,"United States",29,Freelancer,NULL,378167
6360678,2023-10-19,affiliate,ios,India,32,"Marketing Manager",NULL,744167
6362204,2023-06-10,paid_search,android,"United States",35,Retired,NULL,359178
6362695,2023-12-14,paid_search,web,India,24,Unemployed,NULL,359178
6363998,2024-12-20,affiliate,android,Germany,32,Student,NULL,275203
6365986,2024-11-19,paid_search,web,"United States",46,Retired,NULL,421879
6366645,2023-12-27,social,ios,Canada,28,Accountant,NULL,378167
6369337,2024-12-28,paid_search,web,"United States",37,Freelancer,NULL,621430
6369919,2024-09-18,organic,ios,Philippines,44,"Small Business Owner",NULL,NULL
6370807,2024-05-23,organic,android,"United States",21,Student,NULL,NULL
6371112,2023-08-07,referral,web,Brazil,56,Student,Employee,NULL
6378750,2024-10-06,paid_search,android,"United States",18,Consultant,NULL,237337
6379105,2023-07-09,referral,ios,"United States",27,Student,"Partner App",NULL
6381299,2024-01-13,social,web,"United States",40,Consultant,NULL,378167
6382287,2024-02-05,social,web,Germany,41,"Sales Rep",NULL,465838
6382858,2023-09-24,paid_search,ios,"United States",31,"Software Engineer",NULL,818315
6383182,2023-07-14,referral,android,Canada,38,Student,Employee,NULL
6384935,2024-04-25,affiliate,ios,"United States",30,"Sales Rep",NULL,832180
6385201,2024-06-18,organic,web,Canada,49,"Sales Rep",NULL,NULL
6385909,2024-05-04,paid_search,web,"United States",23,Teacher,NULL,141090
6386159,2024-12-01,social,web,Brazil,44,Accountant,NULL,378167
6386452,2024-02-05,organic,web,Brazil,42,Nurse,NULL,NULL
6387059,2024-05-07,paid_search,web,"United States",28,Unemployed,NULL,359178
6387408,2024-10-04,organic,ios,Mexico,31,Student,NULL,NULL
6387691,2024-09-06,social,ios,Philippines,44,Retired,NULL,465838
6390656,2024-04-04,referral,ios,"United States",22,Accountant,Employee,NULL
6392023,2024-05-09,organic,ios,"United Kingdom",45,Teacher,NULL,NULL
6393333,2024-07-11,referral,android,Philippines,59,Accountant,"Partner App",NULL
6393455,2024-12-05,affiliate,web,"United States",42,Freelancer,NULL,275203
6394418,2024-06-19,social,android,"United States",18,Unemployed,NULL,378167
6396364,2023-07-05,affiliate,web,India,20,"Sales Rep",NULL,231932
6396910,2024-04-16,paid_search,ios,Mexico,36,"Sales Rep",NULL,237337
6397662,2023-11-03,organic,ios,"United States",46,Teacher,NULL,NULL
6398856,2023-09-17,affiliate,web,Brazil,40,Accountant,NULL,210268
6398869,2023-11-01,paid_search,web,"United States",38,Freelancer,NULL,187498
6399869,2024-02-04,organic,web,"United States",44,Teacher,NULL,NULL
6403252,2024-07-17,referral,android,Canada,31,"Marketing Manager","Community Forum",NULL
6404672,2024-06-15,affiliate,web,Nigeria,23,"Small Business Owner",NULL,887201
6408520,2024-07-13,organic,web,Philippines,50,Nurse,NULL,NULL
6408647,2024-07-17,paid_search,ios,"United States",31,"Small Business Owner",NULL,359178
6408753,2024-09-09,organic,ios,Philippines,52,"Sales Rep",NULL,NULL
6408792,2023-11-17,paid_search,web,"United States",34,Freelancer,NULL,154886
6409861,2023-04-28,social,web,Australia,21,Retired,NULL,378167
6410812,2024-09-25,social,web,Philippines,18,"Sales Rep",NULL,465838
6410897,2024-11-13,organic,ios,"United States",46,Accountant,NULL,NULL
6411263,2024-03-30,paid_search,web,Mexico,27,"Sales Rep",NULL,621430
6412049,2024-10-16,affiliate,ios,"United States",32,"Marketing Manager",NULL,744167
6412319,2023-08-28,affiliate,ios,India,52,Freelancer,NULL,210268
6414229,2024-11-21,paid_search,ios,"United States",29,"Small Business Owner",NULL,818315
6416775,2023-12-07,paid_search,ios,India,18,"Small Business Owner",NULL,771155
6417755,2024-08-16,affiliate,web,"United States",31,"Sales Rep",NULL,275203
6418626,2024-04-24,organic,ios,"United States",42,Student,NULL,NULL
6418952,2024-03-23,organic,web,"United States",25,"Sales Rep",NULL,429365
6420712,2024-04-24,organic,android,"United States",47,Unemployed,NULL,NULL
6421251,2024-11-25,affiliate,android,Canada,35,Retired,NULL,887201
6422569,2024-01-30,organic,ios,Mexico,18,Unemployed,NULL,NULL
6424441,2024-06-23,paid_search,android,Brazil,18,Student,NULL,359178
6425838,2024-06-15,referral,web,Germany,31,Consultant,"Partner App",NULL
6426967,2024-12-07,organic,android,Australia,45,Freelancer,NULL,999159
6429219,2024-10-31,affiliate,ios,Germany,22,Teacher,NULL,887201
6432019,2023-08-20,affiliate,web,"United States",21,Freelancer,NULL,744167
6433001,2023-06-21,affiliate,android,India,36,Freelancer,NULL,231932
6436526,2023-09-15,affiliate,ios,"United States",39,Accountant,NULL,221958
6437149,2023-11-10,social,web,Mexico,27,"Sales Rep",NULL,378167
6438684,2024-09-13,organic,android,Canada,34,"Software Engineer",NULL,NULL
6438757,2024-06-02,paid_search,ios,"United Kingdom",39,"Marketing Manager",NULL,237337
6439296,2024-07-08,affiliate,android,Nigeria,45,Teacher,NULL,744167
6439381,2024-05-25,affiliate,android,Mexico,47,Accountant,NULL,744167
6439433,2024-11-12,organic,web,India,38,Nurse,NULL,NULL
6440107,2024-03-24,organic,android,"United States",32,"Marketing Manager",NULL,NULL
6441039,2024-12-13,referral,web,"United States",50,Retired,"Existing Customer",NULL
6444003,2024-06-15,affiliate,ios,Philippines,40,Nurse,NULL,231932
6444408,2024-03-22,paid_search,ios,India,33,Student,NULL,187498
6445315,2024-02-11,organic,ios,"United States",18,"Marketing Manager",NULL,NULL
6446079,2024-05-14,paid_search,web,"United Kingdom",28,Nurse,NULL,141090
6446342,2023-03-18,paid_search,web,"United States",37,Teacher,NULL,359178
6446441,2023-04-12,social,android,"United States",51,"Marketing Manager",NULL,465838
6447483,2023-10-10,affiliate,web,Canada,27,Student,NULL,744167
6448608,2023-09-07,affiliate,ios,Philippines,29,Accountant,NULL,744167
6449604,2024-10-19,affiliate,ios,Canada,26,Retired,NULL,832180
6450652,2023-08-12,organic,web,"United States",18,"Marketing Manager",NULL,NULL
6451151,2023-11-22,organic,web,Philippines,26,Unemployed,NULL,NULL
6451731,2024-08-02,social,web,Canada,38,"Small Business Owner",NULL,378167
6451973,2023-09-15,paid_search,ios,Philippines,18,"Sales Rep",NULL,818315
6453174,2024-07-11,organic,web,"United Kingdom",56,"Software Engineer",NULL,NULL
6455249,2023-12-17,paid_search,web,India,27,Freelancer,NULL,164820
6455483,2024-08-27,paid_search,ios,"United States",22,"Small Business Owner",NULL,359178
6455770,2024-02-16,social,android,India,34,Retired,NULL,378167
6459501,2024-12-19,referral,web,"United States",18,"Small Business Owner","Community Forum",NULL
6460388,2024-04-26,paid_search,ios,Germany,44,"Sales Rep",NULL,154886
6462610,2024-03-11,organic,web,India,34,"Marketing Manager",NULL,NULL
6462774,2024-12-28,organic,ios,"United States",39,Teacher,NULL,429365
6462810,2024-09-17,paid_search,ios,Mexico,28,Teacher,NULL,421879
6465513,2023-11-22,paid_search,android,"United Kingdom",33,Freelancer,NULL,237337
6473660,2023-11-09,organic,ios,Germany,55,"Software Engineer",NULL,999159
6474106,2023-11-08,organic,android,Canada,36,"Software Engineer",NULL,NULL
6476049,2023-08-28,affiliate,ios,India,36,Unemployed,NULL,291335
6476420,2024-03-16,organic,web,"United Kingdom",38,Unemployed,NULL,NULL
6477093,2024-04-17,social,web,"United States",27,"Sales Rep",NULL,378167
6477630,2023-11-01,organic,ios,Germany,38,"Small Business Owner",NULL,NULL
6477835,2024-12-29,affiliate,ios,"United States",41,"Small Business Owner",NULL,744167
6478047,2024-02-10,social,ios,"United States",21,Teacher,NULL,378167
6478878,2024-12-07,affiliate,android,"United States",40,Unemployed,NULL,291335
6480283,2024-01-11,organic,web,"United States",36,"Small Business Owner",NULL,NULL
6480354,2023-12-03,affiliate,web,"United Kingdom",37,"Sales Rep",NULL,210268
6481140,2024-01-08,organic,web,"United States",33,Retired,NULL,NULL
6489464,2024-04-27,organic,web,Germany,51,Retired,NULL,NULL
6489612,2024-01-09,affiliate,android,"United States",25,"Marketing Manager",NULL,291335
6491590,2023-09-11,social,web,Brazil,28,"Software Engineer",NULL,465838
6492952,2024-11-21,organic,ios,"United States",42,Consultant,NULL,NULL
6494339,2024-07-05,organic,ios,"United States",42,"Sales Rep",NULL,NULL
6495592,2024-07-16,affiliate,android,Canada,18,Consultant,NULL,832180
6495671,2024-12-07,affiliate,web,"United States",50,Accountant,NULL,231932
6497191,2024-11-13,organic,web,"United States",47,Consultant,NULL,NULL
6497963,2023-10-11,affiliate,web,Canada,35,Retired,NULL,221958
6499593,2024-09-21,social,ios,Brazil,41,Unemployed,NULL,465838
6500306,2024-07-16,organic,ios,"United States",30,"Small Business Owner",NULL,NULL
6500545,2024-02-27,referral,ios,"United States",20,Nurse,Employee,NULL
6504381,2024-05-16,social,ios,Philippines,18,Consultant,NULL,465838
6506126,2024-10-11,organic,web,Nigeria,22,"Marketing Manager",NULL,NULL
6506336,2023-10-04,organic,web,Philippines,19,Retired,NULL,NULL
6506761,2023-11-08,affiliate,android,"United States",41,Freelancer,NULL,291335
6506933,2024-05-28,organic,android,"United States",30,"Marketing Manager",NULL,429365
6507200,2024-07-04,paid_search,android,"United States",48,Unemployed,NULL,141090
6507683,2024-07-04,social,android,India,21,Unemployed,NULL,465838
6509165,2024-06-25,affiliate,web,"United States",34,Retired,NULL,210268
6510493,2024-06-17,organic,android,Canada,28,"Marketing Manager",NULL,NULL
6511174,2023-09-23,referral,ios,Australia,23,Freelancer,"Partner App",NULL
6511934,2024-12-25,organic,web,"United States",35,Consultant,NULL,NULL
6512460,2023-03-26,organic,web,Australia,41,Unemployed,NULL,NULL
6514214,2024-05-09,paid_search,ios,Germany,34,Teacher,NULL,154886
6515328,2023-08-30,social,web,Mexico,46,"Sales Rep",NULL,378167
6516825,2024-10-21,social,ios,"United States",40,Freelancer,NULL,378167
6517366,2024-05-09,paid_search,android,Canada,45,Retired,NULL,421879
6518225,2023-12-23,paid_search,web,"United States",35,Teacher,NULL,771155
6518358,2024-04-08,affiliate,web,Germany,49,Student,NULL,231932
6519803,2023-11-01,organic,android,"United States",43,"Marketing Manager",NULL,NULL
6519948,2024-10-05,organic,web,India,33,Freelancer,NULL,NULL
6521452,2024-01-30,affiliate,web,"United States",31,Student,NULL,210268
6521980,2024-07-11,affiliate,ios,Australia,26,Teacher,NULL,275203
6522567,2024-12-13,organic,android,Germany,20,Accountant,NULL,NULL
6523632,2024-03-16,organic,web,"United States",32,Nurse,NULL,NULL
6525633,2024-09-05,paid_search,web,India,34,Retired,NULL,154886
6525724,2024-06-07,paid_search,web,Germany,38,Freelancer,NULL,771155
6528983,2024-09-13,organic,web,"United States",26,Student,NULL,NULL
6529046,2024-01-28,organic,web,"United States",31,Accountant,NULL,NULL
6529554,2024-08-29,organic,android,"United States",42,Accountant,NULL,NULL
6531052,2023-12-23,affiliate,ios,"United States",45,Accountant,NULL,221958
6532388,2023-11-24,social,web,Canada,30,Nurse,NULL,378167
6532410,2024-08-31,organic,ios,"United Kingdom",36,"Software Engineer",NULL,NULL
6533326,2024-11-02,affiliate,web,Canada,37,"Sales Rep",NULL,832180
6533831,2023-12-19,organic,ios,"United States",25,"Small Business Owner",NULL,NULL
6534448,2024-10-17,paid_search,web,"United States",41,Nurse,NULL,818315
6534693,2024-05-13,paid_search,android,"United Kingdom",46,Freelancer,NULL,359178
6537803,2024-10-19,social,ios,Australia,30,Accountant,NULL,465838
6538166,2024-10-23,social,web,India,29,Freelancer,NULL,465838
6538917,2024-04-10,paid_search,web,Australia,48,Unemployed,NULL,237337
6539004,2023-10-22,affiliate,android,"United States",37,Accountant,NULL,744167
6540070,2024-03-28,affiliate,web,Canada,31,Retired,NULL,832180
6542511,2024-04-29,organic,android,Australia,32,Unemployed,NULL,NULL
6545403,2024-10-04,affiliate,android,Nigeria,29,Freelancer,NULL,210268
6545501,2023-12-01,paid_search,ios,Canada,18,"Software Engineer",NULL,771155
6545636,2023-06-14,referral,android,"United States",26,Student,"Existing Customer",NULL
6546510,2024-08-30,referral,ios,Nigeria,40,"Sales Rep","Existing Customer",NULL
6546686,2024-08-07,social,web,"United States",43,Accountant,NULL,378167
6547094,2024-03-25,affiliate,android,"United States",39,Teacher,NULL,887201
6550560,2023-03-06,organic,ios,"United States",32,"Software Engineer",NULL,NULL
6551252,2024-02-19,affiliate,web,India,49,"Small Business Owner",NULL,744167
6552612,2023-12-27,organic,web,Brazil,31,"Marketing Manager",NULL,NULL
6553535,2023-08-13,organic,web,Brazil,25,"Small Business Owner",NULL,NULL
6556452,2023-10-18,paid_search,ios,Mexico,31,Retired,NULL,818315
6557805,2024-10-12,social,ios,Brazil,42,Consultant,NULL,378167
6557821,2024-11-27,affiliate,ios,India,32,Consultant,NULL,832180
6558956,2024-07-20,paid_search,android,Canada,52,Student,NULL,141090
6559277,2024-08-12,referral,web,Mexico,31,Accountant,"Partner App",NULL
6560068,2024-03-12,social,web,Canada,18,Consultant,NULL,378167
6561112,2024-05-03,affiliate,android,"United Kingdom",36,"Small Business Owner",NULL,210268
6562067,2024-03-22,affiliate,ios,Germany,40,"Software Engineer",NULL,221958
6562632,2024-08-19,affiliate,web,"United States",41,Consultant,NULL,210268
6564396,2024-06-03,social,web,Mexico,34,Retired,NULL,465838
6567248,2024-11-28,organic,ios,Mexico,29,"Software Engineer",NULL,NULL
6568017,2024-04-09,affiliate,ios,"United States",38,Student,NULL,231932
6569451,2024-12-24,organic,ios,India,47,Accountant,NULL,NULL
6569634,2023-09-13,organic,android,Brazil,18,Student,NULL,NULL
6570090,2024-10-19,organic,ios,"United States",38,Unemployed,NULL,429365
6570771,2023-08-24,affiliate,ios,Philippines,38,Nurse,NULL,832180
6573694,2024-11-02,organic,web,"United States",41,"Software Engineer",NULL,NULL
6573945,2023-06-21,affiliate,android,Mexico,37,Accountant,NULL,291335
6574807,2024-12-21,social,web,India,27,Student,NULL,465838
6575477,2024-09-05,referral,ios,India,46,Student,"Community Forum",NULL
6579079,2023-08-25,paid_search,web,"United States",25,Teacher,NULL,421879
6579123,2024-10-24,social,ios,Germany,24,Retired,NULL,378167
6580427,2024-11-11,affiliate,ios,Australia,31,Nurse,NULL,231932
6580509,2023-09-19,affiliate,ios,Philippines,42,"Small Business Owner",NULL,291335
6580815,2024-01-22,organic,android,Canada,49,Retired,NULL,NULL
6581472,2023-12-29,social,web,Philippines,44,Teacher,NULL,465838
6582266,2024-12-19,referral,android,"United States",32,Retired,"Existing Customer",NULL
6583161,2023-07-11,organic,web,"United States",41,Teacher,NULL,NULL
6583281,2023-06-18,organic,ios,Brazil,24,"Small Business Owner",NULL,NULL
6584263,2024-10-18,affiliate,ios,"United States",26,Accountant,NULL,832180
6584581,2024-06-18,paid_search,web,"United States",27,"Sales Rep",NULL,359178
6585056,2024-09-21,organic,web,Nigeria,24,Retired,NULL,NULL
6585709,2024-12-17,paid_search,web,Brazil,29,Freelancer,NULL,621430
6586956,2024-11-22,referral,ios,"United States",33,Freelancer,"Partner App",NULL
6587239,2024-05-16,affiliate,ios,India,28,Consultant,NULL,887201
6587757,2023-09-16,organic,android,"United States",40,"Small Business Owner",NULL,NULL
6587774,2024-06-14,paid_search,ios,Canada,44,Accountant,NULL,141090
6590240,2024-12-18,social,web,India,21,Student,NULL,465838
6590938,2024-01-12,affiliate,ios,Brazil,39,Student,NULL,832180
6594176,2024-11-24,organic,web,"United Kingdom",29,"Software Engineer",NULL,NULL
6595095,2024-01-11,organic,web,Canada,18,"Software Engineer",NULL,NULL
6595108,2024-06-28,organic,android,Brazil,56,Accountant,NULL,NULL
6595956,2023-07-26,affiliate,android,Brazil,30,"Marketing Manager",NULL,231932
6596127,2023-12-22,paid_search,ios,India,39,Nurse,NULL,771155
6596526,2024-02-08,affiliate,web,India,36,Consultant,NULL,832180
6600068,2024-12-07,referral,ios,Canada,24,"Sales Rep","Existing Customer",NULL
6604065,2024-02-03,organic,android,"United States",18,"Small Business Owner",NULL,NULL
6604297,2023-11-20,paid_search,android,Mexico,34,Teacher,NULL,771155
6604327,2024-02-12,organic,ios,Germany,29,Teacher,NULL,NULL
6605126,2024-12-02,affiliate,web,Brazil,51,"Small Business Owner",NULL,744167
6606594,2024-09-24,organic,ios,Mexico,36,"Sales Rep",NULL,NULL
6607414,2024-05-01,affiliate,web,"United States",29,Student,NULL,275203
6607423,2024-09-17,affiliate,web,Australia,48,"Small Business Owner",NULL,221958
6607968,2024-07-25,organic,web,Germany,35,"Marketing Manager",NULL,NULL
6609125,2024-10-02,affiliate,web,"United States",31,Teacher,NULL,210268
6609210,2024-03-27,paid_search,android,Mexico,30,Nurse,NULL,237337
6613201,2023-08-11,paid_search,web,"United States",31,"Small Business Owner",NULL,818315
6613904,2024-09-09,referral,web,Brazil,53,"Software Engineer",Employee,NULL
6615829,2024-03-01,paid_search,web,Germany,40,"Sales Rep",NULL,141090
6619236,2023-12-18,social,ios,Germany,24,"Small Business Owner",NULL,378167
6620724,2024-06-11,affiliate,web,"United States",46,"Software Engineer",NULL,832180
6626211,2024-04-21,affiliate,web,"United States",37,Accountant,NULL,221958
6627745,2024-06-23,affiliate,web,"United States",36,"Sales Rep",NULL,275203
6628573,2023-11-18,paid_search,web,"United Kingdom",61,Unemployed,NULL,621430
6629481,2024-07-02,organic,web,"United States",30,"Small Business Owner",NULL,429365
6629905,2024-11-12,organic,android,India,33,Nurse,NULL,NULL
6630761,2024-11-09,organic,web,"United States",18,Unemployed,NULL,NULL
6631213,2024-04-25,social,web,"United States",44,Teacher,NULL,465838
6636289,2024-02-17,referral,web,Philippines,33,Nurse,Employee,NULL
6637025,2024-06-02,organic,web,Canada,38,"Small Business Owner",NULL,NULL
6637291,2024-12-19,organic,web,India,28,Unemployed,NULL,NULL
6638663,2024-08-21,affiliate,ios,Canada,26,"Software Engineer",NULL,291335
6641379,2024-11-03,referral,ios,Mexico,21,Freelancer,"Community Forum",NULL
6642264,2024-08-26,organic,web,"United States",18,"Software Engineer",NULL,NULL
6643893,2024-07-16,organic,ios,"United States",18,Unemployed,NULL,NULL
6644219,2024-07-17,organic,ios,Canada,35,Freelancer,NULL,NULL
6644807,2024-06-22,organic,web,Nigeria,35,Nurse,NULL,NULL
6645812,2024-02-22,organic,android,Germany,24,"Sales Rep",NULL,NULL
6646895,2024-12-06,organic,web,"United States",30,Accountant,NULL,NULL
6647069,2024-10-31,paid_search,android,"United States",18,"Small Business Owner",NULL,164820
6647183,2023-11-19,affiliate,ios,Nigeria,19,Unemployed,NULL,291335
6648393,2023-10-04,organic,ios,"United Kingdom",43,Accountant,NULL,NULL
6648734,2024-07-03,social,ios,India,46,Teacher,NULL,378167
6650352,2024-01-13,paid_search,ios,"United States",31,Student,NULL,237337
6651944,2024-03-07,affiliate,ios,"United States",30,Accountant,NULL,210268
6652555,2024-05-16,social,web,India,25,"Software Engineer",NULL,378167
6654237,2023-12-23,social,ios,Australia,23,Student,NULL,465838
6655378,2024-07-01,social,ios,"United States",32,"Software Engineer",NULL,465838
6655635,2024-03-09,organic,web,"United States",22,Unemployed,NULL,NULL
6658307,2024-12-09,organic,ios,Brazil,18,"Software Engineer",NULL,NULL
6658565,2024-01-31,organic,web,"United Kingdom",28,Retired,NULL,NULL
6658796,2024-12-02,affiliate,web,Canada,21,Retired,NULL,832180
6661064,2023-08-02,paid_search,web,"United States",21,Freelancer,NULL,359178
6666912,2024-01-23,referral,web,Canada,29,Student,"Partner App",NULL
6668889,2024-03-02,social,ios,"United States",38,Student,NULL,465838
6670706,2024-10-01,organic,ios,"United Kingdom",29,Teacher,NULL,NULL
6672354,2023-05-09,social,ios,Philippines,35,Retired,NULL,378167
6672540,2024-10-21,paid_search,web,"United States",38,Accountant,NULL,237337
6672605,2024-06-11,organic,android,"United Kingdom",44,Freelancer,NULL,NULL
6673938,2023-07-29,affiliate,ios,Mexico,47,Student,NULL,210268
6674719,2024-10-24,social,android,Mexico,29,Retired,NULL,378167
6679042,2024-03-12,organic,android,Brazil,20,Retired,NULL,NULL
6679487,2024-11-04,affiliate,web,"United States",52,Consultant,NULL,832180
6679980,2024-10-26,organic,web,"United Kingdom",46,"Software Engineer",NULL,NULL
6680820,2024-07-20,affiliate,ios,"United States",39,Nurse,NULL,291335
6681635,2024-03-04,organic,web,"United States",18,Retired,NULL,NULL
6681868,2024-06-08,organic,android,"United States",26,Retired,NULL,NULL
6683797,2024-12-19,paid_search,ios,"United States",24,Freelancer,NULL,771155
6683860,2024-12-20,social,web,"United States",22,Freelancer,NULL,465838
6685645,2024-12-14,organic,web,"United States",19,Accountant,NULL,NULL
6686321,2023-06-10,organic,ios,Brazil,31,"Small Business Owner",NULL,429365
6687136,2023-11-28,affiliate,android,"United States",38,Unemployed,NULL,744167
6688238,2024-09-07,referral,ios,"United States",37,Student,"Existing Customer",NULL
6688505,2024-07-08,affiliate,web,Philippines,55,"Marketing Manager",NULL,291335
6691276,2023-12-13,affiliate,android,"United States",18,Unemployed,NULL,291335
6692493,2024-09-03,affiliate,android,Australia,43,Consultant,NULL,291335
6692796,2024-07-07,paid_search,web,India,27,Student,NULL,818315
6693014,2024-12-02,referral,web,"United States",47,Accountant,"Partner App",NULL
6693075,2024-05-13,social,web,"United States",30,Retired,NULL,378167
6696390,2024-07-07,paid_search,web,"United States",23,Accountant,NULL,771155
6697469,2024-07-04,paid_search,android,Canada,34,"Marketing Manager",NULL,818315
6697478,2024-09-08,affiliate,web,"United States",18,Unemployed,NULL,291335
6698618,2024-08-30,organic,ios,"United States",38,"Small Business Owner",NULL,429365
6698848,2023-12-20,organic,ios,Brazil,32,Retired,NULL,NULL
6701048,2024-01-14,affiliate,web,Philippines,39,Teacher,NULL,275203
6701934,2023-08-09,organic,android,Mexico,40,Student,NULL,NULL
6703394,2024-12-01,paid_search,web,Brazil,41,Freelancer,NULL,237337
6703737,2024-07-24,affiliate,web,"United Kingdom",37,"Sales Rep",NULL,231932
6708297,2024-03-04,affiliate,android,Mexico,31,Retired,NULL,221958
6709635,2024-02-20,affiliate,web,Canada,37,Retired,NULL,231932
6709716,2024-09-14,social,web,"United States",41,Accountant,NULL,378167
6709840,2024-12-13,affiliate,web,"United States",18,Teacher,NULL,221958
6710754,2024-11-19,paid_search,web,Canada,49,Unemployed,NULL,421879
6710912,2024-02-04,affiliate,web,"United States",36,"Marketing Manager",NULL,832180
6711813,2024-02-01,affiliate,ios,Canada,25,"Marketing Manager",NULL,210268
6712044,2023-11-22,paid_search,android,India,22,Nurse,NULL,621430
6713948,2024-12-20,organic,web,"United States",37,Nurse,NULL,NULL
6715175,2024-10-03,organic,web,Canada,37,Retired,NULL,NULL
6717467,2024-08-23,social,web,India,18,Freelancer,NULL,378167
6718365,2024-09-19,paid_search,ios,India,27,Accountant,NULL,621430
6719720,2024-03-29,paid_search,ios,"United States",22,"Software Engineer",NULL,187498
6720622,2024-10-09,social,web,"United States",40,Student,NULL,378167
6720626,2023-12-09,affiliate,android,Germany,46,Unemployed,NULL,210268
6720673,2024-07-23,affiliate,ios,"United States",45,Consultant,NULL,210268
6721877,2024-01-15,paid_search,web,"United States",38,"Small Business Owner",NULL,164820
6723601,2024-02-02,referral,ios,India,18,"Marketing Manager","Existing Customer",NULL
6724827,2024-07-06,organic,android,"United States",48,Consultant,NULL,NULL
6725570,2023-09-16,paid_search,web,Australia,27,"Small Business Owner",NULL,818315
6728394,2024-10-10,referral,ios,"United States",36,"Software Engineer","Community Forum",NULL
6730385,2024-11-20,affiliate,android,Australia,22,Unemployed,NULL,291335
6730482,2024-01-23,social,android,"United States",24,"Marketing Manager",NULL,465838
6735193,2024-07-31,social,ios,"United States",37,Accountant,NULL,465838
6735630,2024-10-20,affiliate,ios,Philippines,28,"Small Business Owner",NULL,832180
6737580,2023-09-11,affiliate,android,Canada,30,Consultant,NULL,221958
6738852,2023-03-31,paid_search,web,"United Kingdom",27,Student,NULL,771155
6742533,2024-10-12,paid_search,web,Mexico,35,"Small Business Owner",NULL,237337
6744588,2023-11-19,organic,ios,Germany,43,Nurse,NULL,NULL
6745980,2023-09-02,affiliate,ios,Canada,50,"Sales Rep",NULL,210268
6747372,2024-12-30,organic,android,Australia,30,"Marketing Manager",NULL,NULL
6748035,2024-10-26,social,ios,"United Kingdom",29,Teacher,NULL,465838
6749593,2024-09-27,organic,ios,"United States",46,Consultant,NULL,NULL
6750283,2024-08-23,organic,ios,"United Kingdom",24,Freelancer,NULL,NULL
6752613,2024-02-29,paid_search,ios,India,33,"Software Engineer",NULL,164820
6752810,2024-10-29,organic,android,"United States",23,Retired,NULL,999159
6753371,2024-10-28,organic,ios,Nigeria,51,Freelancer,NULL,NULL
6753670,2024-09-01,organic,android,Germany,18,Student,NULL,NULL
6754068,2023-11-23,affiliate,web,"United States",29,Teacher,NULL,832180
6754640,2024-09-03,affiliate,web,Germany,40,Student,NULL,210268
6755327,2024-12-19,affiliate,ios,"United States",43,"Small Business Owner",NULL,210268
6755536,2024-10-20,organic,android,Nigeria,21,Teacher,NULL,NULL
6755892,2024-05-11,affiliate,web,Philippines,43,Unemployed,NULL,231932
6756911,2024-08-14,organic,web,"United States",36,"Software Engineer",NULL,999159
6758851,2023-10-08,referral,ios,Mexico,30,"Sales Rep","Community Forum",NULL
6759420,2024-11-09,organic,android,"United Kingdom",47,Freelancer,NULL,429365
6759919,2024-11-17,organic,web,Mexico,34,"Sales Rep",NULL,NULL
6761703,2024-09-21,referral,ios,"United States",19,Student,"Existing Customer",NULL
6766140,2024-04-16,organic,ios,"United States",34,"Software Engineer",NULL,NULL
6766392,2024-06-01,referral,android,"United States",18,"Marketing Manager",Employee,NULL
6768212,2024-08-04,social,android,India,48,"Marketing Manager",NULL,378167
6768927,2023-10-16,affiliate,android,Brazil,33,Retired,NULL,744167
6769049,2024-01-09,organic,android,Brazil,33,Freelancer,NULL,NULL
6770938,2024-10-05,social,web,"United States",21,"Marketing Manager",NULL,465838
6772964,2024-05-21,referral,web,India,34,Nurse,"Partner App",NULL
6778728,2023-10-02,organic,android,"United States",19,"Small Business Owner",NULL,NULL
6779277,2024-02-21,organic,android,Brazil,27,"Marketing Manager",NULL,NULL
6780554,2024-03-22,referral,android,Germany,38,Student,"Community Forum",NULL
6780618,2023-12-18,organic,ios,"United States",45,Teacher,NULL,999159
6781565,2024-11-08,paid_search,ios,"United States",46,Unemployed,NULL,154886
6782197,2024-02-01,organic,ios,"United States",33,Consultant,NULL,NULL
6783182,2024-02-04,affiliate,android,"United States",39,Nurse,NULL,887201
6783877,2023-11-30,paid_search,android,"United Kingdom",27,Student,NULL,187498
6785267,2024-08-13,organic,ios,"United States",20,"Sales Rep",NULL,NULL
6786265,2024-07-20,paid_search,web,"United States",35,"Software Engineer",NULL,818315
6786572,2024-12-12,referral,ios,Canada,34,Accountant,"Existing Customer",NULL
6787749,2023-03-26,organic,web,India,19,Freelancer,NULL,NULL
6788773,2024-01-09,affiliate,ios,Mexico,23,Teacher,NULL,744167
6790233,2024-02-27,affiliate,web,"United Kingdom",25,Nurse,NULL,231932
6790740,2024-07-26,organic,ios,Canada,31,Unemployed,NULL,NULL
6792819,2024-08-24,organic,ios,India,32,Teacher,NULL,NULL
6795250,2023-03-10,organic,web,"United Kingdom",31,Accountant,NULL,NULL
6795886,2024-12-05,affiliate,android,"United States",55,"Software Engineer",NULL,275203
6796260,2024-09-07,referral,web,Mexico,38,Teacher,"Partner App",NULL
6798273,2024-09-03,organic,ios,Mexico,39,"Marketing Manager",NULL,NULL
6798946,2024-01-15,organic,web,"United States",34,"Software Engineer",NULL,NULL
6800545,2024-08-02,organic,ios,"United States",32,Unemployed,NULL,429365
6800629,2024-08-12,affiliate,web,"United States",47,"Software Engineer",NULL,221958
6801038,2023-06-09,referral,ios,"United States",47,"Small Business Owner","Community Forum",NULL
6802199,2023-04-13,affiliate,web,India,23,Nurse,NULL,832180
6806466,2023-02-13,organic,ios,"United States",44,"Small Business Owner",NULL,NULL
6807811,2024-02-28,referral,android,Germany,28,Accountant,"Community Forum",NULL
6809041,2024-03-25,organic,web,Mexico,32,Freelancer,NULL,NULL
6809701,2023-03-27,paid_search,android,"United States",44,"Small Business Owner",NULL,187498
6810786,2023-12-14,social,ios,"United States",24,"Software Engineer",NULL,465838
6811303,2024-04-22,referral,ios,Mexico,18,Unemployed,Employee,NULL
6813365,2023-02-04,affiliate,android,Canada,36,Freelancer,NULL,887201
6813775,2024-10-30,organic,ios,Canada,26,Student,NULL,999159
6814104,2023-08-24,organic,web,"United States",32,"Small Business Owner",NULL,429365
6817676,2023-04-27,social,ios,"United States",22,Accountant,NULL,465838
6818528,2024-09-07,organic,android,"United States",41,Consultant,NULL,NULL
6818812,2024-04-09,paid_search,android,"United States",45,Retired,NULL,621430
6822184,2024-09-23,referral,android,"United States",27,Consultant,"Existing Customer",NULL
6824648,2024-04-08,social,android,"United States",18,"Marketing Manager",NULL,378167
6826038,2024-12-27,organic,android,Canada,45,Student,NULL,NULL
6827316,2024-07-18,social,web,"United States",34,"Sales Rep",NULL,465838
6830395,2024-08-18,organic,ios,India,19,"Software Engineer",NULL,NULL
6831052,2024-07-16,organic,web,"United States",23,"Small Business Owner",NULL,NULL
6831759,2023-02-12,social,web,"United States",22,Freelancer,NULL,378167
6832801,2023-10-23,organic,web,Brazil,22,Accountant,NULL,NULL
6834611,2023-09-26,referral,android,Philippines,27,Retired,Employee,NULL
6837196,2024-07-06,organic,web,Nigeria,39,"Sales Rep",NULL,NULL
6839741,2024-11-26,organic,ios,Germany,23,"Marketing Manager",NULL,NULL
6843493,2023-12-10,organic,ios,India,18,"Sales Rep",NULL,NULL
6845447,2024-11-06,organic,web,Australia,27,"Sales Rep",NULL,NULL
6846636,2024-10-17,organic,web,Canada,36,Consultant,NULL,NULL
6846866,2024-11-09,paid_search,web,Canada,38,"Sales Rep",NULL,187498
6846899,2024-11-23,paid_search,android,"United States",44,"Marketing Manager",NULL,237337
6851244,2023-09-16,organic,android,Canada,46,"Small Business Owner",NULL,NULL
6853294,2024-07-18,organic,ios,"United Kingdom",23,Student,NULL,NULL
6853584,2024-03-05,organic,android,"United Kingdom",18,"Small Business Owner",NULL,999159
6855319,2023-06-03,social,android,Germany,45,Unemployed,NULL,465838
6856494,2023-05-03,referral,web,India,18,Retired,"Community Forum",NULL
6857109,2024-12-10,organic,ios,Mexico,29,Unemployed,NULL,NULL
6857846,2023-08-13,organic,android,"United States",65,"Sales Rep",NULL,NULL
6858204,2024-07-21,social,web,"United Kingdom",27,Student,NULL,378167
6858338,2024-09-22,paid_search,android,Nigeria,56,Unemployed,NULL,818315
6859046,2023-07-25,affiliate,android,India,38,Consultant,NULL,210268
6860616,2023-05-21,affiliate,ios,Philippines,37,Consultant,NULL,744167
6862044,2024-05-22,paid_search,web,"United Kingdom",39,Teacher,NULL,621430
6862835,2023-07-06,organic,web,Philippines,33,"Software Engineer",NULL,NULL
6864049,2024-08-27,organic,web,"United States",36,"Marketing Manager",NULL,NULL
6864075,2023-10-09,social,ios,"United States",44,Consultant,NULL,378167
6866645,2024-11-22,organic,web,"United States",37,Freelancer,NULL,NULL
6867504,2024-03-11,organic,ios,"United States",26,Retired,NULL,NULL
6868555,2024-02-20,paid_search,android,"United Kingdom",45,"Sales Rep",NULL,154886
6869494,2023-11-10,social,android,India,28,"Small Business Owner",NULL,465838
6870747,2024-05-05,referral,web,Germany,46,Consultant,"Partner App",NULL
6872354,2023-09-11,paid_search,web,Brazil,23,Teacher,NULL,154886
6875293,2023-02-24,organic,ios,"United States",38,Consultant,NULL,NULL
6876924,2023-09-10,organic,android,Australia,42,"Marketing Manager",NULL,NULL
6877809,2023-02-16,social,web,"United Kingdom",24,"Sales Rep",NULL,465838
6877845,2024-05-19,affiliate,ios,Brazil,45,Teacher,NULL,210268
6878263,2024-09-07,social,web,Australia,33,"Marketing Manager",NULL,465838
6880823,2024-10-15,paid_search,ios,"United States",21,Consultant,NULL,621430
6880926,2024-12-02,organic,ios,Canada,29,"Sales Rep",NULL,NULL
6881344,2024-08-02,organic,ios,Canada,42,Consultant,NULL,NULL
6882049,2023-05-19,social,ios,Australia,31,Freelancer,NULL,465838
6887774,2024-10-02,affiliate,ios,"United States",18,Nurse,NULL,744167
6888852,2024-10-01,affiliate,ios,Australia,21,"Small Business Owner",NULL,275203
6888997,2024-06-29,paid_search,web,Brazil,27,"Small Business Owner",NULL,154886
6889118,2024-12-15,organic,android,"United States",33,Nurse,NULL,NULL
6890298,2024-10-08,affiliate,web,"United States",45,Teacher,NULL,887201
6893309,2024-09-19,organic,web,"United States",22,Accountant,NULL,429365
6893868,2023-11-08,organic,web,Brazil,18,Teacher,NULL,NULL
6895038,2024-08-03,affiliate,web,Philippines,35,Retired,NULL,744167
6895544,2024-10-14,organic,web,Germany,24,"Small Business Owner",NULL,NULL
6895725,2024-04-15,organic,web,India,59,Student,NULL,NULL
6896721,2024-04-13,social,android,Brazil,33,Unemployed,NULL,465838
6897162,2024-12-03,organic,web,"United Kingdom",18,Teacher,NULL,NULL
6897498,2024-05-23,referral,ios,"United States",36,Unemployed,"Existing Customer",NULL
6898885,2024-07-21,paid_search,android,India,31,"Sales Rep",NULL,359178
6898931,2024-03-27,paid_search,ios,"United States",20,"Marketing Manager",NULL,164820
6900726,2024-09-19,paid_search,ios,"United States",45,Retired,NULL,154886
6904214,2023-08-18,organic,web,"United States",35,"Sales Rep",NULL,NULL
6905950,2024-12-16,organic,android,"United States",59,Retired,NULL,NULL
6907726,2024-09-05,organic,web,"United States",18,Consultant,NULL,NULL
6908553,2024-12-19,organic,ios,"United Kingdom",26,Nurse,NULL,999159
6908635,2024-06-05,paid_search,android,"United States",49,Retired,NULL,621430
6910184,2024-11-07,organic,android,Canada,36,Nurse,NULL,NULL
6910494,2023-11-10,referral,web,"United States",36,Teacher,"Partner App",NULL
6910838,2023-11-19,organic,ios,"United States",25,"Software Engineer",NULL,429365
6911993,2024-05-17,affiliate,ios,"United States",42,Retired,NULL,231932
6913318,2023-05-25,paid_search,web,India,24,Retired,NULL,187498
6914063,2024-07-06,social,android,Nigeria,33,"Sales Rep",NULL,465838
6914988,2024-04-15,organic,ios,Canada,18,Retired,NULL,NULL
6917054,2024-12-06,organic,ios,Nigeria,28,Freelancer,NULL,999159
6918806,2024-11-20,organic,android,"United Kingdom",24,Freelancer,NULL,NULL
6919359,2024-04-15,organic,ios,"United States",43,Teacher,NULL,NULL
6919626,2023-02-28,paid_search,android,Philippines,42,Freelancer,NULL,621430
6923098,2024-07-06,social,web,"United States",31,"Marketing Manager",NULL,465838
6923361,2024-06-30,social,web,"United States",34,Accountant,NULL,465838
6925803,2023-11-11,affiliate,ios,"United States",18,Retired,NULL,744167
6926069,2024-12-12,organic,web,"United States",25,"Small Business Owner",NULL,NULL
6926983,2024-08-10,social,web,"United States",27,Accountant,NULL,465838
6927613,2024-09-10,referral,web,Australia,27,Consultant,Employee,NULL
6927997,2024-09-08,organic,android,"United Kingdom",36,"Sales Rep",NULL,NULL
6928643,2024-11-16,affiliate,android,India,42,"Marketing Manager",NULL,291335
6929191,2024-04-13,organic,android,"United Kingdom",18,Student,NULL,NULL
6929949,2023-03-20,affiliate,android,Canada,29,Consultant,NULL,275203
6931161,2024-05-29,paid_search,ios,"United States",41,Consultant,NULL,818315
6932572,2024-04-28,affiliate,ios,Canada,19,Retired,NULL,744167
6934261,2024-02-28,affiliate,web,"United States",23,Retired,NULL,832180
6934385,2024-08-09,paid_search,android,Australia,23,Nurse,NULL,621430
6935537,2023-12-09,organic,web,India,35,"Marketing Manager",NULL,NULL
6936419,2024-11-23,social,web,India,26,"Software Engineer",NULL,378167
6938271,2024-02-14,paid_search,ios,"United Kingdom",42,"Marketing Manager",NULL,771155
6939334,2024-11-06,organic,android,Germany,36,"Software Engineer",NULL,NULL
6941028,2024-08-31,affiliate,ios,Canada,21,"Sales Rep",NULL,291335
6942654,2023-08-30,referral,ios,India,49,Retired,"Partner App",NULL
6946594,2023-10-05,social,web,"United States",37,"Small Business Owner",NULL,378167
6947117,2023-04-02,referral,android,Australia,31,Unemployed,"Existing Customer",NULL
6947148,2023-06-20,social,web,Canada,20,Unemployed,NULL,465838
6948491,2024-07-08,paid_search,ios,India,30,Nurse,NULL,818315
6948540,2023-11-25,social,android,"United States",32,"Marketing Manager",NULL,465838
6949852,2024-05-21,paid_search,ios,Australia,39,Student,NULL,237337
6952793,2024-09-29,social,ios,"United States",30,"Marketing Manager",NULL,378167
6954075,2023-08-01,organic,web,"United Kingdom",30,Nurse,NULL,NULL
6954632,2024-12-26,affiliate,web,India,27,Retired,NULL,275203
6954878,2024-12-15,social,web,"United Kingdom",43,Nurse,NULL,465838
6957515,2024-05-07,affiliate,android,Germany,40,Teacher,NULL,210268
6959322,2024-09-27,organic,web,"United States",18,Student,NULL,429365
6959996,2024-06-18,organic,ios,"United States",42,Freelancer,NULL,NULL
6962413,2024-11-20,social,web,"United States",37,Unemployed,NULL,378167
6962859,2024-09-17,organic,web,Germany,21,Freelancer,NULL,NULL
6963135,2024-04-20,paid_search,ios,Mexico,18,"Software Engineer",NULL,818315
6967106,2024-10-12,paid_search,web,Australia,22,"Marketing Manager",NULL,818315
6967520,2024-03-07,organic,android,"United States",21,Nurse,NULL,NULL
6968333,2024-10-18,organic,web,"United States",32,Freelancer,NULL,NULL
6968633,2024-08-05,organic,web,Canada,39,"Sales Rep",NULL,NULL
6969677,2024-09-02,social,web,Canada,26,Student,NULL,378167
6970226,2023-08-25,referral,android,"United States",31,"Small Business Owner","Existing Customer",NULL
6971143,2024-11-14,organic,android,Brazil,30,Unemployed,NULL,NULL
6972558,2024-10-17,paid_search,android,Philippines,37,"Sales Rep",NULL,421879
6972872,2023-07-26,organic,ios,"United States",30,"Small Business Owner",NULL,999159
6973544,2024-09-18,social,android,India,40,"Small Business Owner",NULL,378167
6978106,2024-03-12,affiliate,ios,Canada,43,Teacher,NULL,210268
6981804,2023-10-18,paid_search,ios,Canada,34,Student,NULL,164820
6982547,2024-02-11,organic,ios,Mexico,46,Consultant,NULL,NULL
6983359,2023-12-19,paid_search,web,Germany,39,"Software Engineer",NULL,771155
6983943,2024-05-20,social,ios,India,39,"Small Business Owner",NULL,378167
6984684,2024-03-05,organic,web,Nigeria,29,Teacher,NULL,NULL
6986126,2024-04-08,social,web,Canada,29,Unemployed,NULL,465838
6986417,2024-02-01,organic,ios,Brazil,49,"Software Engineer",NULL,NULL
6987029,2024-03-26,social,web,Philippines,24,Unemployed,NULL,465838
6988099,2024-08-09,social,web,Canada,41,Nurse,NULL,465838
6991305,2024-02-15,paid_search,web,"United States",48,Accountant,NULL,621430
6991342,2023-08-26,social,ios,"United States",28,Student,NULL,465838
6994376,2023-07-09,organic,android,"United States",31,Retired,NULL,NULL
6994602,2024-12-07,social,ios,Canada,31,"Sales Rep",NULL,378167
6995134,2024-03-06,affiliate,ios,"United States",36,Consultant,NULL,275203
6995802,2024-12-03,paid_search,ios,"United States",48,Accountant,NULL,818315
6996522,2024-03-06,organic,web,Germany,26,Accountant,NULL,NULL
6997804,2024-07-23,organic,web,"United States",33,Accountant,NULL,NULL
6998223,2024-09-21,organic,web,India,18,Teacher,NULL,NULL
6998544,2024-12-14,referral,web,"United Kingdom",46,Freelancer,"Partner App",NULL
7002024,2024-08-19,organic,ios,"United States",25,Unemployed,NULL,NULL
7002296,2024-08-08,organic,web,"United States",40,"Marketing Manager",NULL,NULL
7002874,2024-10-07,paid_search,android,Brazil,18,"Marketing Manager",NULL,359178
7007509,2023-08-08,organic,web,"United States",44,"Marketing Manager",NULL,NULL
7010224,2023-05-27,referral,android,Mexico,57,Unemployed,"Existing Customer",NULL
7010334,2023-10-02,social,ios,Brazil,61,Consultant,NULL,378167
7010554,2024-10-01,affiliate,android,"United States",60,Teacher,NULL,221958
7011493,2023-09-15,social,android,"United States",18,Consultant,NULL,378167
7012621,2024-07-11,organic,web,India,32,"Small Business Owner",NULL,NULL
7013704,2023-09-17,paid_search,web,Canada,20,Unemployed,NULL,421879
7014126,2024-10-13,referral,web,Australia,18,Retired,"Community Forum",NULL
7015346,2024-10-02,referral,web,India,33,"Small Business Owner","Partner App",NULL
7015877,2024-09-13,paid_search,ios,India,44,Student,NULL,621430
7015948,2024-12-12,paid_search,web,"United States",38,"Sales Rep",NULL,237337
7016854,2023-09-20,affiliate,android,Australia,26,"Small Business Owner",NULL,291335
7017004,2023-11-04,referral,ios,Canada,47,Consultant,"Existing Customer",NULL
7020010,2023-05-31,social,web,"United Kingdom",37,Accountant,NULL,465838
7021656,2023-12-10,affiliate,android,Canada,21,"Software Engineer",NULL,832180
7024293,2024-08-01,organic,ios,"United States",35,Retired,NULL,NULL
7024945,2023-04-15,paid_search,ios,Mexico,30,Teacher,NULL,818315
7025095,2024-07-31,affiliate,web,"United States",33,"Software Engineer",NULL,221958
7025261,2024-02-02,organic,web,"United Kingdom",33,"Sales Rep",NULL,NULL
7026988,2023-11-06,social,web,Germany,38,Nurse,NULL,378167
7030079,2023-06-15,organic,android,Australia,26,Student,NULL,NULL
7030489,2023-06-18,paid_search,ios,Mexico,23,Nurse,NULL,141090
7030613,2024-09-07,organic,web,"United States",20,Freelancer,NULL,999159
7034207,2024-09-03,social,android,"United States",18,Accountant,NULL,378167
7034722,2024-10-18,organic,web,Brazil,27,"Small Business Owner",NULL,NULL
7035218,2024-11-05,affiliate,ios,"United States",19,"Marketing Manager",NULL,210268
7036207,2024-08-11,referral,ios,"United States",30,Freelancer,Employee,NULL
7038602,2023-07-02,referral,web,India,36,"Software Engineer","Partner App",NULL
7039523,2024-11-01,organic,ios,Brazil,48,"Marketing Manager",NULL,NULL
7040502,2024-06-17,referral,ios,"United States",31,"Sales Rep","Existing Customer",NULL
7041084,2024-09-19,social,android,"United States",36,"Sales Rep",NULL,465838
7041495,2024-10-08,affiliate,android,Mexico,37,"Software Engineer",NULL,887201
7042060,2024-01-04,paid_search,web,"United States",28,Unemployed,NULL,621430
7043995,2024-11-12,organic,web,"United Kingdom",32,Accountant,NULL,NULL
7045001,2024-08-10,referral,android,Australia,53,Nurse,"Community Forum",NULL
7046914,2024-09-18,social,web,Australia,52,"Sales Rep",NULL,465838
7047511,2024-04-06,organic,ios,India,26,Teacher,NULL,NULL
7048055,2024-05-18,organic,ios,"United States",38,"Software Engineer",NULL,NULL
7049531,2024-06-30,social,ios,"United States",54,"Small Business Owner",NULL,378167
7049850,2023-12-15,referral,android,"United Kingdom",18,Consultant,Employee,NULL
7051865,2024-12-17,paid_search,web,"United States",22,Unemployed,NULL,187498
7053912,2024-10-25,affiliate,ios,"United States",21,Accountant,NULL,210268
7057174,2023-12-13,social,web,Philippines,54,Unemployed,NULL,465838
7060319,2024-09-15,paid_search,ios,"United States",43,"Small Business Owner",NULL,164820
7061266,2024-11-02,referral,android,"United Kingdom",25,Consultant,"Existing Customer",NULL
7062133,2024-03-18,affiliate,android,Canada,37,Accountant,NULL,221958
7062825,2023-05-21,organic,ios,"United States",38,"Small Business Owner",NULL,NULL
7062903,2024-08-28,referral,web,Canada,18,Retired,Employee,NULL
7063389,2024-07-07,referral,web,Australia,38,"Sales Rep","Existing Customer",NULL
7065925,2024-01-03,paid_search,ios,Australia,36,Nurse,NULL,187498
7070243,2024-05-29,organic,web,Australia,30,Freelancer,NULL,999159
7071845,2024-01-04,paid_search,android,"United States",36,Nurse,NULL,621430
7072310,2024-09-11,organic,web,"United Kingdom",32,"Sales Rep",NULL,NULL
7072929,2024-11-29,affiliate,android,Brazil,19,Nurse,NULL,231932
7073877,2023-04-12,organic,android,"United States",18,"Software Engineer",NULL,NULL
7074999,2024-04-17,organic,android,"United Kingdom",27,Freelancer,NULL,NULL
7077234,2024-02-13,organic,web,"United States",42,Accountant,NULL,NULL
7077449,2024-09-01,organic,ios,Canada,32,Retired,NULL,NULL
7078159,2024-11-01,paid_search,android,"United Kingdom",22,"Software Engineer",NULL,359178
7080898,2024-08-21,social,android,Mexico,36,Consultant,NULL,465838
7081687,2024-08-19,paid_search,android,Brazil,34,Freelancer,NULL,154886
7081950,2024-02-08,affiliate,android,Philippines,40,"Software Engineer",NULL,832180
7082199,2024-10-11,referral,ios,"United Kingdom",41,Teacher,"Partner App",NULL
7083059,2024-02-02,organic,web,"United States",47,Consultant,NULL,NULL
7086368,2024-09-20,organic,web,"United Kingdom",25,Teacher,NULL,NULL
7086932,2023-08-18,social,web,Germany,22,Accountant,NULL,378167
7087494,2024-09-09,social,android,"United States",49,Consultant,NULL,465838
7087595,2024-07-14,paid_search,android,"United States",38,Consultant,NULL,237337
7091111,2024-11-04,affiliate,android,"United States",43,"Sales Rep",NULL,221958
7093073,2024-09-18,affiliate,android,"United States",22,Retired,NULL,231932
7094467,2024-04-03,organic,ios,India,36,"Marketing Manager",NULL,429365
7094645,2024-09-23,social,web,"United Kingdom",53,Nurse,NULL,378167
7095513,2023-11-28,organic,web,"United States",28,Consultant,NULL,NULL
7095561,2024-07-13,social,web,"United States",37,"Sales Rep",NULL,465838
7095929,2024-01-21,paid_search,web,"United States",18,Consultant,NULL,621430
7096696,2024-09-07,organic,ios,India,28,Unemployed,NULL,NULL
7097020,2024-08-29,affiliate,ios,Canada,26,Retired,NULL,231932
7097091,2024-08-15,paid_search,ios,"United States",23,"Sales Rep",NULL,621430
7098915,2024-01-08,organic,web,Philippines,44,Student,NULL,NULL
7099628,2024-02-26,organic,web,India,46,Retired,NULL,NULL
7101570,2023-10-30,referral,ios,"United States",33,"Software Engineer","Existing Customer",NULL
7102493,2024-08-05,affiliate,ios,Canada,37,Freelancer,NULL,832180
7102545,2024-05-13,organic,ios,Germany,50,Unemployed,NULL,NULL
7103807,2023-05-28,affiliate,ios,"United Kingdom",30,Consultant,NULL,887201
7104128,2024-11-22,paid_search,web,"United States",18,Student,NULL,818315
7105525,2024-09-01,organic,ios,"United States",29,Student,NULL,NULL
7105661,2024-05-23,affiliate,android,"United Kingdom",23,"Small Business Owner",NULL,231932
7105931,2023-03-08,social,web,"United States",26,"Marketing Manager",NULL,465838
7106428,2024-10-10,organic,android,"United States",37,Freelancer,NULL,NULL
7107182,2024-06-04,social,web,"United States",29,"Marketing Manager",NULL,465838
7107511,2024-07-20,social,web,Nigeria,29,"Software Engineer",NULL,378167
7110341,2024-12-25,referral,ios,"United States",19,Retired,"Partner App",NULL
7110845,2024-10-18,paid_search,web,"United States",37,Teacher,NULL,237337
7111053,2024-10-09,paid_search,android,India,38,"Sales Rep",NULL,421879
7112240,2023-08-14,paid_search,web,"United Kingdom",44,"Marketing Manager",NULL,818315
7112674,2024-12-09,affiliate,ios,Mexico,38,Accountant,NULL,744167
7113100,2024-07-21,social,android,"United States",28,Freelancer,NULL,465838
7115518,2024-09-14,paid_search,ios,"United States",21,Student,NULL,237337
7115762,2023-12-29,referral,android,"United States",49,Consultant,"Existing Customer",NULL
7117682,2024-10-11,paid_search,ios,Australia,42,Retired,NULL,187498
7118900,2024-07-09,affiliate,web,"United States",35,Freelancer,NULL,832180
7119848,2024-11-14,social,ios,Philippines,48,Consultant,NULL,465838
7119922,2023-06-06,organic,android,Nigeria,29,Teacher,NULL,NULL
7123769,2024-07-10,social,web,Philippines,18,Student,NULL,378167
7124152,2024-05-26,social,web,"United States",26,"Marketing Manager",NULL,378167
7124386,2024-06-20,paid_search,android,Germany,36,Retired,NULL,154886
7125488,2023-10-22,affiliate,ios,Germany,45,Accountant,NULL,221958
7126319,2024-10-25,organic,android,"United States",24,Nurse,NULL,NULL
7126463,2023-10-22,organic,android,India,30,"Software Engineer",NULL,999159
7126664,2024-12-11,paid_search,ios,"United States",25,Accountant,NULL,771155
7127764,2023-07-25,organic,ios,"United States",29,Freelancer,NULL,NULL
7128420,2024-12-10,paid_search,web,Philippines,31,Unemployed,NULL,771155
7129026,2024-12-30,organic,android,Philippines,35,Nurse,NULL,NULL
7129439,2024-06-08,social,android,"United States",25,"Software Engineer",NULL,465838
7129877,2023-10-26,organic,ios,"United States",41,"Marketing Manager",NULL,999159
7130158,2024-08-15,organic,android,"United States",42,Accountant,NULL,429365
7132446,2024-11-30,organic,web,"United States",18,Nurse,NULL,NULL
7133066,2024-01-14,affiliate,web,Australia,39,"Software Engineer",NULL,231932
7134678,2024-10-10,organic,ios,"United States",38,"Small Business Owner",NULL,NULL
7134896,2024-07-15,affiliate,web,"United States",30,"Software Engineer",NULL,231932
7136062,2024-04-20,organic,web,"United States",53,Teacher,NULL,999159
7136821,2024-08-13,organic,web,India,33,"Sales Rep",NULL,NULL
7139353,2024-11-21,affiliate,ios,Philippines,36,"Sales Rep",NULL,221958
7139996,2024-11-29,paid_search,web,Nigeria,37,Teacher,NULL,187498
7142314,2023-09-21,social,web,Mexico,46,Freelancer,NULL,378167
7143192,2023-03-21,organic,web,Canada,18,Nurse,NULL,NULL
7143243,2023-12-08,referral,android,"United States",41,Unemployed,"Community Forum",NULL
7143326,2023-08-07,organic,android,"United States",18,Accountant,NULL,NULL
7144138,2024-03-08,paid_search,ios,Mexico,32,"Software Engineer",NULL,771155
7145265,2024-02-23,organic,web,India,22,"Small Business Owner",NULL,NULL
7147401,2024-08-08,organic,android,"United States",19,Retired,NULL,NULL
7147454,2023-01-25,organic,web,"United States",34,Consultant,NULL,NULL
7147560,2024-09-18,paid_search,ios,"United States",44,Nurse,NULL,421879
7147878,2024-11-20,referral,web,India,37,"Marketing Manager","Partner App",NULL
7149031,2024-09-10,social,web,Mexico,27,Nurse,NULL,378167
7151537,2024-12-28,organic,web,Philippines,41,Consultant,NULL,NULL
7151990,2023-08-23,paid_search,web,"United States",35,Freelancer,NULL,164820
7152941,2024-10-09,paid_search,web,Australia,40,Student,NULL,818315
7153973,2024-04-09,social,ios,"United Kingdom",41,"Sales Rep",NULL,378167
7154512,2024-03-16,organic,ios,Mexico,34,"Software Engineer",NULL,NULL
7155579,2023-06-22,organic,android,"United Kingdom",26,Student,NULL,999159
7156225,2024-04-05,social,android,Philippines,34,Nurse,NULL,465838
7156738,2023-12-17,paid_search,web,"United Kingdom",45,"Small Business Owner",NULL,771155
7158157,2023-11-05,paid_search,web,"United States",38,"Software Engineer",NULL,154886
7158382,2024-01-27,affiliate,ios,"United States",33,"Software Engineer",NULL,832180
7160686,2023-11-28,affiliate,ios,Canada,23,Unemployed,NULL,744167
7162492,2023-10-09,social,ios,"United States",18,Consultant,NULL,378167
7163185,2023-09-03,affiliate,android,"United States",29,Accountant,NULL,887201
7164014,2024-08-20,paid_search,android,Brazil,50,"Small Business Owner",NULL,421879
7165706,2024-07-22,referral,android,Mexico,21,"Software Engineer","Partner App",NULL
7166160,2024-04-23,organic,android,Germany,51,"Software Engineer",NULL,NULL
7166994,2024-11-10,organic,ios,Canada,38,Nurse,NULL,NULL
7168563,2024-11-26,organic,ios,"United States",34,Freelancer,NULL,NULL
7169912,2024-12-14,referral,android,"United States",52,Freelancer,"Partner App",NULL
7171638,2023-02-20,affiliate,web,"United States",24,Teacher,NULL,275203
7172056,2023-07-05,affiliate,ios,Germany,33,Teacher,NULL,221958
7173049,2024-02-09,affiliate,web,Australia,21,Unemployed,NULL,275203
7174943,2024-02-24,affiliate,android,"United States",26,Teacher,NULL,291335
7180142,2024-01-14,organic,ios,"United States",22,Nurse,NULL,NULL
7181422,2024-02-22,paid_search,android,Germany,22,Retired,NULL,237337
7182719,2024-06-10,organic,android,Germany,46,"Marketing Manager",NULL,NULL
7184377,2024-03-01,affiliate,ios,"United States",43,Teacher,NULL,887201
7184398,2024-08-28,affiliate,web,"United States",23,Freelancer,NULL,231932
7184546,2024-12-21,paid_search,web,"United Kingdom",42,Freelancer,NULL,141090
7185941,2024-06-22,paid_search,ios,Canada,26,Unemployed,NULL,421879
7188343,2024-07-13,referral,android,"United States",27,Nurse,"Partner App",NULL
7188753,2024-11-14,organic,web,"United States",35,Student,NULL,NULL
7189573,2024-06-01,social,android,"United States",18,Teacher,NULL,465838
7191081,2024-05-24,social,ios,Australia,48,"Sales Rep",NULL,465838
7192357,2024-05-31,affiliate,web,Australia,29,"Small Business Owner",NULL,291335
7193367,2024-02-28,social,web,"United States",37,Teacher,NULL,378167
7193956,2024-11-10,paid_search,android,Philippines,29,Freelancer,NULL,359178
7194224,2023-08-06,paid_search,ios,"United States",63,"Small Business Owner",NULL,237337
7194702,2024-10-31,referral,android,Germany,39,Freelancer,Employee,NULL
7194868,2024-08-01,paid_search,android,"United States",32,Consultant,NULL,164820
7195196,2024-03-07,organic,web,"United States",32,Retired,NULL,NULL
7195200,2024-05-23,social,ios,"United States",37,Retired,NULL,378167
7197323,2023-12-10,social,ios,India,40,"Small Business Owner",NULL,465838
7197649,2023-12-26,affiliate,web,India,20,"Marketing Manager",NULL,887201
7199951,2024-07-19,organic,ios,Brazil,31,Nurse,NULL,NULL
7200646,2023-09-05,paid_search,ios,"United States",29,Student,NULL,141090
7200853,2023-08-16,affiliate,ios,"United States",18,Freelancer,NULL,210268
7202258,2024-08-20,affiliate,ios,India,26,"Software Engineer",NULL,221958
7203690,2023-09-07,organic,android,Mexico,41,Accountant,NULL,NULL
7208714,2023-09-04,organic,web,Philippines,19,Consultant,NULL,NULL
7209774,2024-01-30,paid_search,web,Brazil,45,Nurse,NULL,421879
7210715,2024-01-31,affiliate,ios,"United States",19,Teacher,NULL,832180
7210958,2024-08-01,social,ios,Philippines,40,Retired,NULL,465838
7211411,2024-10-30,organic,ios,Brazil,34,Accountant,NULL,429365
7212695,2024-12-13,social,android,Germany,18,Teacher,NULL,465838
7214294,2024-10-13,social,android,Mexico,51,Freelancer,NULL,378167
7214624,2024-01-18,organic,android,"United States",42,Freelancer,NULL,NULL
7214638,2024-04-14,paid_search,ios,"United States",32,Consultant,NULL,421879
7215140,2024-12-18,affiliate,web,"United States",21,Teacher,NULL,221958
7215241,2023-07-13,social,web,Germany,27,Unemployed,NULL,465838
7216074,2024-06-30,organic,ios,India,18,Consultant,NULL,999159
7216204,2024-09-07,paid_search,web,Nigeria,45,Student,NULL,164820
7216538,2024-09-02,organic,web,"United States",32,Freelancer,NULL,NULL
7216631,2023-08-13,affiliate,android,India,45,Freelancer,NULL,210268
7221714,2024-01-18,paid_search,ios,"United States",18,"Software Engineer",NULL,359178
7223754,2024-07-21,affiliate,ios,India,18,"Marketing Manager",NULL,231932
7226659,2023-11-23,referral,web,"United States",18,Retired,"Community Forum",NULL
7227018,2024-09-02,organic,web,"United Kingdom",22,Student,NULL,NULL
7227740,2024-04-21,paid_search,web,Australia,21,Teacher,NULL,154886
7227952,2024-11-23,social,ios,"United States",29,"Marketing Manager",NULL,465838
7231219,2024-11-24,organic,web,India,23,"Software Engineer",NULL,999159
7232302,2024-07-10,affiliate,web,Germany,28,"Marketing Manager",NULL,210268
7232474,2024-01-30,organic,android,Nigeria,43,Retired,NULL,NULL
7232739,2024-02-03,affiliate,web,Canada,40,Student,NULL,231932
7232753,2023-01-27,paid_search,web,"United States",18,"Small Business Owner",NULL,187498
7233107,2024-02-05,organic,android,"United States",38,Accountant,NULL,429365
7233146,2024-08-14,social,android,"United States",30,Teacher,NULL,378167
7234408,2023-10-14,paid_search,android,"United States",18,"Marketing Manager",NULL,359178
7236893,2024-12-03,affiliate,web,"United States",25,Unemployed,NULL,221958
7238795,2023-06-28,referral,ios,Mexico,34,"Sales Rep",Employee,NULL
7240327,2024-06-26,organic,android,"United States",40,Freelancer,NULL,NULL
7240779,2024-08-23,affiliate,ios,Canada,30,Unemployed,NULL,221958
7241602,2024-02-07,organic,android,"United States",34,Teacher,NULL,999159
7243383,2024-10-12,organic,android,India,25,Retired,NULL,NULL
7243490,2023-08-26,paid_search,ios,India,24,Consultant,NULL,359178
7243669,2023-05-16,paid_search,web,"United States",33,Unemployed,NULL,421879
7247794,2024-06-16,social,android,Germany,47,Retired,NULL,378167
7251936,2023-08-02,paid_search,web,"United Kingdom",39,Unemployed,NULL,154886
7252016,2024-02-15,organic,web,Canada,18,"Marketing Manager",NULL,NULL
7254597,2023-12-13,organic,web,"United Kingdom",38,Consultant,NULL,NULL
7254887,2024-08-22,social,ios,Canada,28,Accountant,NULL,378167
7257838,2024-09-30,affiliate,android,India,50,Teacher,NULL,744167
7259471,2024-07-12,affiliate,web,"United States",59,Nurse,NULL,887201
7259635,2024-12-25,organic,ios,"United States",42,Student,NULL,NULL
7262094,2023-10-21,organic,web,"United States",18,"Marketing Manager",NULL,NULL
7262105,2023-11-02,organic,ios,"United States",28,"Software Engineer",NULL,NULL
7263998,2023-06-08,social,ios,"United States",30,Nurse,NULL,465838
7266376,2023-06-23,organic,android,Australia,21,Consultant,NULL,NULL
7269191,2024-08-26,organic,ios,"United States",40,"Software Engineer",NULL,NULL
7269324,2024-10-04,paid_search,ios,India,29,Retired,NULL,359178
7270016,2024-12-09,paid_search,ios,Mexico,41,Teacher,NULL,187498
7271271,2024-03-07,social,android,Australia,22,"Sales Rep",NULL,378167
7273672,2024-10-31,affiliate,android,"United States",43,Consultant,NULL,744167
7277120,2024-08-08,affiliate,ios,"United States",44,"Small Business Owner",NULL,744167
7278602,2023-03-22,organic,web,"United States",43,Retired,NULL,999159
7280757,2024-03-31,paid_search,web,Canada,38,Accountant,NULL,141090
7281328,2023-05-24,affiliate,ios,"United States",43,Unemployed,NULL,887201
7281646,2024-04-10,affiliate,ios,Canada,23,Freelancer,NULL,291335
7282444,2024-01-09,paid_search,web,Canada,27,Freelancer,NULL,421879
7282827,2024-04-27,affiliate,ios,"United States",46,Retired,NULL,275203
7284725,2024-07-05,referral,ios,Canada,25,Accountant,"Partner App",NULL
7284851,2024-02-13,social,ios,"United States",29,Consultant,NULL,378167
7285088,2024-10-09,affiliate,web,"United States",23,Student,NULL,291335
7285939,2024-07-11,referral,android,Philippines,32,Student,"Existing Customer",NULL
7288893,2024-09-10,organic,web,Philippines,46,"Sales Rep",NULL,NULL
7289189,2024-04-02,affiliate,ios,"United Kingdom",23,"Small Business Owner",NULL,210268
7289249,2023-11-27,affiliate,android,"United States",49,"Software Engineer",NULL,887201
7289270,2024-11-20,paid_search,web,India,22,"Marketing Manager",NULL,187498
7292357,2024-06-14,paid_search,android,Mexico,18,"Software Engineer",NULL,164820
7292518,2024-07-10,affiliate,web,Nigeria,18,"Marketing Manager",NULL,291335
7295425,2024-06-23,organic,android,Philippines,46,Retired,NULL,NULL
7296450,2023-11-08,referral,android,"United Kingdom",46,Teacher,"Partner App",NULL
7296495,2024-12-17,organic,ios,Nigeria,28,Freelancer,NULL,NULL
7296665,2024-07-31,affiliate,web,India,18,Retired,NULL,275203
7297042,2024-11-25,referral,web,Brazil,37,Unemployed,"Community Forum",NULL
7298941,2024-01-18,paid_search,ios,Mexico,29,Freelancer,NULL,187498
7299492,2024-11-08,affiliate,ios,"United States",23,"Marketing Manager",NULL,210268
7303745,2023-09-29,social,web,Canada,33,Teacher,NULL,465838
7303816,2024-12-04,organic,web,Canada,35,"Sales Rep",NULL,NULL
7304680,2024-10-18,organic,android,Germany,31,Accountant,NULL,NULL
7304721,2024-06-02,social,android,"United States",44,Retired,NULL,465838
7305236,2023-11-04,organic,ios,Germany,50,Freelancer,NULL,NULL
7307517,2024-09-10,organic,android,"United States",21,"Software Engineer",NULL,NULL
7310114,2024-06-11,paid_search,android,"United States",35,"Sales Rep",NULL,771155
7310208,2024-07-17,social,ios,"United States",21,Unemployed,NULL,465838
7311326,2024-04-23,referral,ios,Philippines,30,Unemployed,"Partner App",NULL
7312379,2024-04-19,paid_search,android,Canada,18,Unemployed,NULL,818315
7314127,2023-03-25,organic,ios,Canada,44,Consultant,NULL,NULL
7314768,2023-09-09,organic,web,"United Kingdom",29,Nurse,NULL,NULL
7318499,2024-12-04,organic,android,"United States",20,Nurse,NULL,NULL
7318653,2024-04-14,affiliate,ios,Nigeria,34,Accountant,NULL,275203
7319707,2024-11-27,affiliate,ios,"United Kingdom",23,Teacher,NULL,744167
7321001,2024-08-10,paid_search,ios,Canada,34,Nurse,NULL,154886
7321136,2024-02-28,referral,android,Mexico,20,Nurse,Employee,NULL
7322954,2024-08-06,affiliate,web,"United States",46,"Software Engineer",NULL,832180
7323617,2023-08-24,organic,ios,"United States",39,"Small Business Owner",NULL,NULL
7323686,2023-12-05,referral,ios,Australia,18,Retired,"Community Forum",NULL
7324167,2024-10-04,affiliate,ios,"United States",30,Student,NULL,231932
7324758,2023-10-06,affiliate,ios,"United States",32,Teacher,NULL,231932
7326981,2024-01-11,social,web,"United States",39,"Sales Rep",NULL,378167
7327090,2024-10-21,affiliate,ios,Germany,45,Teacher,NULL,832180
7328404,2024-10-12,social,ios,Canada,40,"Software Engineer",NULL,378167
7330034,2024-08-05,social,web,Canada,52,Teacher,NULL,465838
7332961,2024-08-04,social,ios,"United States",33,Retired,NULL,378167
7334625,2024-06-04,paid_search,web,"United States",25,Consultant,NULL,187498
7335787,2024-08-06,social,android,Canada,39,Consultant,NULL,465838
7336356,2024-12-06,referral,web,Nigeria,45,"Marketing Manager","Partner App",NULL
7339776,2024-02-16,paid_search,android,"United States",26,"Software Engineer",NULL,141090
7342057,2023-12-04,social,ios,"United Kingdom",24,Freelancer,NULL,378167
7342211,2023-09-07,organic,ios,"United States",33,Student,NULL,NULL
7342869,2023-05-29,organic,web,Mexico,38,Student,NULL,NULL
7343902,2024-06-01,paid_search,web,"United Kingdom",36,"Sales Rep",NULL,621430
7347572,2024-01-14,organic,android,"United Kingdom",45,"Software Engineer",NULL,NULL
7348564,2024-07-30,referral,web,Philippines,31,"Marketing Manager",Employee,NULL
7349449,2024-08-01,paid_search,ios,"United States",51,Consultant,NULL,164820
7353300,2024-12-15,organic,web,Australia,21,"Sales Rep",NULL,NULL
7353385,2023-03-24,affiliate,ios,"United States",30,Nurse,NULL,744167
7353575,2024-06-11,organic,android,"United States",25,Accountant,NULL,NULL
7354986,2024-07-28,social,android,"United States",48,Unemployed,NULL,465838
7355421,2024-06-26,affiliate,web,"United States",53,Student,NULL,231932
7356228,2024-03-26,paid_search,web,Canada,49,Nurse,NULL,359178
7356381,2023-09-21,organic,ios,India,39,"Sales Rep",NULL,NULL
7356605,2024-12-25,referral,web,"United States",29,"Sales Rep","Existing Customer",NULL
7356895,2024-06-09,organic,web,"United Kingdom",34,Accountant,NULL,429365
7357182,2024-10-25,organic,web,Germany,18,Unemployed,NULL,NULL
7357718,2024-05-24,affiliate,web,"United States",24,Freelancer,NULL,744167
7360756,2024-10-16,affiliate,android,"United States",38,Teacher,NULL,275203
7362473,2024-09-14,organic,ios,"United States",32,Freelancer,NULL,NULL
7363634,2024-01-19,organic,android,"United States",40,Teacher,NULL,NULL
7365062,2023-04-20,paid_search,ios,Australia,18,Nurse,NULL,164820
7367712,2024-06-15,referral,ios,"United States",23,"Sales Rep","Existing Customer",NULL
7369553,2024-11-09,organic,ios,"United States",51,"Marketing Manager",NULL,NULL
7371400,2023-10-30,social,ios,"United States",23,Accountant,NULL,378167
7374201,2024-10-28,organic,android,"United States",33,Accountant,NULL,NULL
7374825,2024-08-18,organic,web,"United States",46,"Sales Rep",NULL,NULL
7375247,2024-11-08,organic,web,India,37,"Small Business Owner",NULL,NULL
7379022,2024-10-27,paid_search,android,"United States",21,"Small Business Owner",NULL,421879
7379515,2024-08-20,paid_search,ios,"United States",18,Unemployed,NULL,237337
7379878,2024-02-25,social,web,Germany,30,Consultant,NULL,378167
7380858,2023-04-29,organic,android,Australia,35,Unemployed,NULL,NULL
7387952,2024-07-05,social,ios,"United States",24,Freelancer,NULL,378167
7387958,2024-12-16,paid_search,ios,"United States",24,Freelancer,NULL,818315
7389308,2024-11-20,organic,ios,"United Kingdom",35,Accountant,NULL,NULL
7389690,2023-09-12,organic,ios,"United States",32,"Software Engineer",NULL,NULL
7390459,2023-07-05,organic,web,"United States",46,Nurse,NULL,NULL
7393404,2024-04-24,paid_search,web,"United States",23,Nurse,NULL,154886
7395300,2024-03-01,referral,web,Germany,33,Student,Employee,NULL
7396567,2024-12-18,social,web,Canada,22,Consultant,NULL,465838
7398497,2024-09-23,affiliate,web,"United States",32,"Small Business Owner",NULL,221958
7398897,2023-11-13,affiliate,ios,"United Kingdom",36,Teacher,NULL,291335
7398905,2024-01-12,organic,web,Brazil,46,"Software Engineer",NULL,NULL
7400231,2024-08-19,paid_search,android,"United States",44,Nurse,NULL,237337
7402891,2024-10-07,organic,web,"United States",37,"Software Engineer",NULL,999159
7403679,2024-07-31,organic,web,"United States",25,Retired,NULL,NULL
7404003,2024-09-01,affiliate,web,Philippines,18,Consultant,NULL,231932
7407054,2024-10-17,social,web,India,24,"Software Engineer",NULL,465838
7408929,2024-04-30,social,web,"United States",44,Accountant,NULL,378167
7409363,2024-07-20,affiliate,ios,India,40,"Software Engineer",NULL,887201
7409907,2024-05-15,social,ios,"United States",18,"Small Business Owner",NULL,465838
7410014,2024-05-15,organic,ios,"United States",18,Retired,NULL,NULL
7410575,2024-12-21,organic,ios,Philippines,32,Retired,NULL,NULL
7412083,2024-02-17,organic,ios,"United States",33,"Software Engineer",NULL,NULL
7415261,2023-09-11,paid_search,ios,Australia,18,Freelancer,NULL,621430
7416438,2024-09-04,organic,android,Canada,39,Accountant,NULL,NULL
7417060,2024-02-11,affiliate,web,"United States",30,Unemployed,NULL,221958
7417115,2024-08-29,organic,ios,Germany,47,Teacher,NULL,429365
7417665,2024-08-29,organic,ios,Australia,35,Student,NULL,NULL
7417954,2024-12-26,paid_search,web,"United States",30,"Software Engineer",NULL,164820
7422892,2024-02-07,affiliate,web,Mexico,48,"Marketing Manager",NULL,221958
7423827,2024-12-13,paid_search,ios,Australia,22,"Small Business Owner",NULL,164820
7423841,2023-06-06,affiliate,android,Canada,44,"Software Engineer",NULL,744167
7423959,2024-04-05,affiliate,web,"United States",34,"Software Engineer",NULL,231932
7424342,2024-12-14,social,web,"United States",32,Nurse,NULL,378167
7425148,2023-12-08,paid_search,ios,Germany,31,"Small Business Owner",NULL,237337
7426288,2023-04-20,affiliate,android,Nigeria,42,Retired,NULL,275203
7427095,2024-08-25,affiliate,web,Germany,30,"Sales Rep",NULL,291335
7428099,2024-11-03,referral,web,"United States",23,Unemployed,Employee,NULL
7428540,2024-11-19,affiliate,web,Nigeria,24,Freelancer,NULL,887201
7429611,2024-04-23,affiliate,web,Brazil,38,"Software Engineer",NULL,221958
7432975,2023-10-11,paid_search,web,"United States",41,"Software Engineer",NULL,421879
7433230,2023-10-24,paid_search,web,"United States",35,Student,NULL,421879
7433564,2023-09-12,affiliate,web,"United States",35,Consultant,NULL,231932
7433636,2024-10-03,affiliate,ios,"United Kingdom",30,Unemployed,NULL,221958
7434323,2024-07-17,paid_search,web,Germany,32,Retired,NULL,771155
7435389,2024-07-23,social,ios,"United States",44,Nurse,NULL,378167
7435689,2024-06-13,organic,ios,"United Kingdom",37,Unemployed,NULL,999159
7436446,2024-09-20,organic,ios,Philippines,32,Student,NULL,NULL
7436737,2023-07-06,social,android,"United States",21,"Small Business Owner",NULL,378167
7437845,2024-03-25,organic,ios,"United States",34,Freelancer,NULL,NULL
7437885,2024-10-31,social,web,Australia,29,"Small Business Owner",NULL,378167
7439051,2024-12-30,affiliate,web,"United States",55,Freelancer,NULL,887201
7439522,2024-07-10,affiliate,android,"United States",37,Nurse,NULL,744167
7440010,2024-04-10,organic,web,Mexico,25,Consultant,NULL,999159
7444345,2024-05-16,affiliate,android,Canada,24,Accountant,NULL,275203
7445860,2024-08-16,organic,web,"United Kingdom",22,Accountant,NULL,NULL
7449728,2024-08-18,social,android,Mexico,21,Consultant,NULL,378167
7450219,2024-12-04,social,web,"United States",33,"Software Engineer",NULL,465838
7453859,2024-09-06,organic,web,"United States",26,Teacher,NULL,NULL
7453877,2024-01-13,organic,ios,India,30,Retired,NULL,NULL
7456182,2023-10-09,organic,web,"United States",21,Teacher,NULL,NULL
7456942,2024-02-25,social,ios,"United States",38,Nurse,NULL,378167
7457294,2024-06-26,organic,android,"United States",46,Consultant,NULL,NULL
7461202,2024-11-08,organic,ios,"United States",41,Student,NULL,NULL
7462280,2024-10-10,affiliate,ios,Brazil,31,"Software Engineer",NULL,291335
7463768,2023-12-01,paid_search,ios,"United Kingdom",40,Unemployed,NULL,154886
7464143,2024-11-14,social,ios,"United States",25,"Sales Rep",NULL,465838
7465377,2024-03-15,affiliate,ios,"United States",50,"Small Business Owner",NULL,275203
7466751,2023-09-23,social,ios,Mexico,26,Accountant,NULL,465838
7466780,2024-08-08,referral,ios,Philippines,39,Teacher,"Existing Customer",NULL
7468703,2024-10-21,affiliate,ios,India,42,Nurse,NULL,744167
7469723,2024-04-29,organic,web,"United States",41,"Small Business Owner",NULL,999159
7471530,2024-08-06,referral,web,"United States",43,Freelancer,Employee,NULL
7472036,2024-11-20,organic,web,"United States",50,Accountant,NULL,429365
7472652,2024-07-13,paid_search,web,Mexico,37,Teacher,NULL,154886
7472973,2024-08-05,paid_search,android,"United States",38,"Marketing Manager",NULL,818315
7473507,2024-12-09,social,ios,Mexico,18,Retired,NULL,465838
7476625,2023-12-13,paid_search,web,"United States",33,Unemployed,NULL,621430
7477006,2023-10-16,social,ios,Brazil,39,Retired,NULL,378167
7478443,2024-09-27,organic,web,"United States",33,"Small Business Owner",NULL,NULL
7478450,2024-01-06,affiliate,web,"United Kingdom",25,Teacher,NULL,832180
7478623,2024-06-26,social,android,Nigeria,37,Freelancer,NULL,378167
7481093,2024-10-29,referral,web,Australia,32,Consultant,"Community Forum",NULL
7482532,2024-03-29,paid_search,web,"United States",25,Unemployed,NULL,421879
7483214,2023-09-14,organic,android,"United States",28,Accountant,NULL,NULL
7483485,2024-03-25,organic,web,Mexico,35,Unemployed,NULL,NULL
7484427,2023-11-14,organic,ios,"United States",29,Teacher,NULL,NULL
7484531,2024-06-13,organic,ios,"United States",33,Retired,NULL,NULL
7485671,2023-05-16,social,web,Australia,22,Accountant,NULL,378167
7486460,2024-06-30,organic,android,"United States",45,Consultant,NULL,NULL
7488000,2024-10-03,organic,web,"United States",39,Student,NULL,NULL
7489759,2024-06-28,social,web,"United States",30,Nurse,NULL,465838
7490750,2024-09-05,social,web,India,25,Student,NULL,465838
7491280,2024-03-01,referral,web,Australia,42,Retired,"Community Forum",NULL
7491878,2024-09-20,paid_search,web,"United States",33,Retired,NULL,421879
7493509,2024-10-30,social,ios,Australia,28,Nurse,NULL,465838
7494290,2023-09-03,paid_search,android,India,18,Retired,NULL,237337
7494374,2024-11-17,referral,ios,"United States",37,Accountant,Employee,NULL
7494503,2024-08-16,paid_search,web,"United States",37,Student,NULL,359178
7497127,2023-11-06,paid_search,web,"United States",29,Nurse,NULL,164820
7499998,2024-06-19,organic,web,Philippines,38,"Sales Rep",NULL,NULL
7500242,2024-12-11,social,web,Canada,37,Consultant,NULL,465838
7500785,2023-11-26,organic,web,"United States",78,Accountant,NULL,NULL
7501211,2023-07-08,paid_search,ios,India,18,Accountant,NULL,771155
7501553,2024-10-26,paid_search,ios,"United States",46,Consultant,NULL,621430
7501632,2023-09-05,social,android,"United States",47,"Small Business Owner",NULL,378167
7502483,2023-02-18,organic,android,"United States",46,"Small Business Owner",NULL,NULL
7503216,2024-11-12,organic,web,Canada,37,Accountant,NULL,NULL
7504938,2023-09-24,paid_search,android,Australia,32,"Small Business Owner",NULL,621430
7505134,2023-09-18,paid_search,ios,"United States",37,"Marketing Manager",NULL,621430
7506016,2024-05-26,affiliate,web,India,34,Freelancer,NULL,291335
7507640,2024-12-01,organic,web,"United States",28,Teacher,NULL,NULL
7507660,2024-02-01,organic,android,"United States",43,Nurse,NULL,NULL
7508526,2024-05-19,paid_search,web,Brazil,18,Retired,NULL,359178
7508676,2024-01-30,organic,web,"United Kingdom",23,Freelancer,NULL,NULL
7508850,2023-07-23,organic,android,Philippines,22,"Marketing Manager",NULL,NULL
7508856,2024-12-08,organic,web,India,20,Freelancer,NULL,NULL
7509590,2024-03-19,referral,ios,"United States",32,"Software Engineer","Community Forum",NULL
7509762,2024-06-20,organic,android,Mexico,24,"Software Engineer",NULL,NULL
7509887,2024-10-28,paid_search,android,India,43,Accountant,NULL,621430
7511634,2024-11-01,organic,web,India,29,"Marketing Manager",NULL,NULL
7512427,2023-04-06,organic,ios,Canada,35,Unemployed,NULL,NULL
7512440,2023-09-19,affiliate,android,"United States",43,Accountant,NULL,275203
7514524,2024-10-02,affiliate,ios,Mexico,33,Freelancer,NULL,291335
7514948,2024-03-31,organic,web,"United States",46,"Sales Rep",NULL,NULL
7515350,2024-09-01,paid_search,android,Germany,40,Nurse,NULL,237337
7516616,2023-07-07,organic,ios,"United Kingdom",36,Accountant,NULL,NULL
7517320,2023-09-01,social,android,Mexico,18,"Sales Rep",NULL,465838
7517963,2024-11-27,paid_search,android,"United States",18,"Software Engineer",NULL,621430
7519585,2024-03-14,paid_search,ios,India,20,Accountant,NULL,621430
7520645,2024-03-19,affiliate,android,India,41,"Software Engineer",NULL,887201
7521689,2023-09-30,affiliate,ios,Australia,24,Student,NULL,291335
7523229,2024-11-08,organic,web,"United States",18,"Small Business Owner",NULL,999159
7524367,2024-12-18,social,ios,India,29,Freelancer,NULL,378167
7524559,2024-08-16,organic,web,India,35,Accountant,NULL,429365
7525940,2024-07-14,organic,android,Australia,40,Unemployed,NULL,NULL
7526818,2024-01-15,organic,android,"United States",27,Nurse,NULL,NULL
7526925,2023-07-20,organic,android,Philippines,26,Accountant,NULL,NULL
7529845,2023-12-23,organic,android,"United States",39,"Small Business Owner",NULL,NULL
7531423,2024-04-15,organic,web,Canada,28,"Software Engineer",NULL,NULL
7532930,2023-04-15,paid_search,web,Germany,43,"Small Business Owner",NULL,818315
7535223,2024-10-07,organic,ios,Nigeria,27,"Sales Rep",NULL,429365
7536295,2024-12-23,social,web,"United Kingdom",44,Consultant,NULL,465838
7537932,2023-09-15,social,android,"United States",50,Unemployed,NULL,465838
7538655,2024-09-21,organic,android,Canada,46,"Small Business Owner",NULL,NULL
7540180,2024-03-22,organic,web,"United States",32,"Software Engineer",NULL,NULL
7541173,2024-11-26,affiliate,ios,"United States",44,Unemployed,NULL,231932
7541600,2024-09-19,organic,android,"United Kingdom",27,Freelancer,NULL,NULL
7542155,2024-02-18,social,android,Mexico,33,Freelancer,NULL,378167
7542224,2024-02-07,paid_search,web,Mexico,31,Accountant,NULL,237337
7545535,2024-02-12,affiliate,ios,Germany,35,Accountant,NULL,832180
7548894,2023-08-31,organic,android,"United States",22,Teacher,NULL,999159
7549546,2024-05-21,organic,web,Brazil,44,Teacher,NULL,NULL
7550091,2023-12-11,affiliate,web,Brazil,25,Accountant,NULL,210268
7550670,2024-05-02,affiliate,web,"United States",47,Retired,NULL,832180
7552901,2024-11-25,affiliate,android,Mexico,33,Accountant,NULL,275203
7553968,2024-08-23,social,ios,"United States",42,"Small Business Owner",NULL,378167
7554845,2024-12-25,organic,web,"United States",54,Retired,NULL,NULL
7555035,2024-12-09,paid_search,web,India,23,Teacher,NULL,421879
7555851,2023-11-18,affiliate,web,Australia,20,"Small Business Owner",NULL,832180
7555968,2024-12-14,referral,ios,Mexico,18,Retired,"Partner App",NULL
7556410,2024-04-21,organic,web,"United States",39,"Software Engineer",NULL,429365
7557601,2024-02-26,organic,web,Australia,39,"Marketing Manager",NULL,429365
7557642,2024-08-22,paid_search,ios,"United States",35,"Small Business Owner",NULL,359178
7557734,2023-07-10,organic,ios,Philippines,37,Teacher,NULL,NULL
7558221,2023-09-26,paid_search,ios,Nigeria,46,Accountant,NULL,818315
7558947,2023-08-10,referral,android,"United States",30,Consultant,Employee,NULL
7559442,2023-11-11,organic,web,"United States",21,"Marketing Manager",NULL,NULL
7561000,2023-10-05,affiliate,web,India,42,"Software Engineer",NULL,832180
7562865,2024-09-28,affiliate,web,Mexico,33,Freelancer,NULL,744167
7562877,2023-10-17,affiliate,ios,Australia,21,Unemployed,NULL,744167
7563614,2024-02-16,affiliate,web,"United States",57,"Software Engineer",NULL,210268
7565269,2024-01-14,social,android,"United States",38,"Software Engineer",NULL,378167
7565792,2024-04-12,organic,web,"United States",38,Student,NULL,NULL
7566692,2024-02-18,social,web,"United States",22,Retired,NULL,378167
7567304,2024-03-09,organic,web,"United Kingdom",36,Accountant,NULL,NULL
7569632,2024-01-30,affiliate,android,Mexico,36,"Small Business Owner",NULL,887201
7572531,2023-12-12,social,android,"United States",29,Retired,NULL,465838
7572829,2023-10-02,paid_search,android,Mexico,39,Freelancer,NULL,237337
7574922,2024-11-21,paid_search,android,"United States",20,Student,NULL,421879
7575273,2024-01-02,referral,android,Germany,22,Retired,Employee,NULL
7575716,2024-11-11,affiliate,ios,India,35,"Sales Rep",NULL,887201
7576651,2023-09-12,social,ios,Australia,36,"Marketing Manager",NULL,465838
7579137,2023-10-20,affiliate,android,"United States",28,Consultant,NULL,221958
7580470,2023-06-16,organic,android,India,18,"Sales Rep",NULL,NULL
7581118,2024-02-18,organic,ios,"United States",45,Teacher,NULL,NULL
7589154,2023-05-02,paid_search,android,"United States",40,Teacher,NULL,359178
7590828,2024-10-10,referral,web,India,27,"Marketing Manager","Existing Customer",NULL
7592863,2023-09-18,organic,web,Canada,23,"Small Business Owner",NULL,NULL
7592910,2024-09-13,social,ios,Australia,27,"Sales Rep",NULL,378167
7594244,2024-07-12,organic,ios,Germany,18,Teacher,NULL,NULL
7597519,2023-09-12,organic,web,Mexico,35,Student,NULL,NULL
7600430,2023-12-26,affiliate,web,"United States",53,Student,NULL,291335
7600500,2024-12-18,organic,ios,"United States",22,"Marketing Manager",NULL,NULL
7601457,2024-04-05,social,ios,"United States",31,Accountant,NULL,378167
7603352,2024-10-16,paid_search,android,"United States",35,Unemployed,NULL,421879
7604168,2024-03-07,organic,ios,"United Kingdom",18,Unemployed,NULL,NULL
7605129,2023-07-03,affiliate,web,Germany,39,Teacher,NULL,832180
7605188,2023-12-14,paid_search,ios,Mexico,33,Retired,NULL,154886
7605949,2024-11-30,organic,web,"United Kingdom",18,Freelancer,NULL,NULL
7606470,2023-11-22,social,ios,"United Kingdom",44,Nurse,NULL,378167
7606963,2024-12-16,referral,ios,India,46,"Small Business Owner","Community Forum",NULL
7606964,2024-09-12,organic,web,"United States",48,"Marketing Manager",NULL,NULL
7607912,2023-09-27,organic,android,"United States",24,"Software Engineer",NULL,NULL
7608687,2023-06-28,organic,ios,India,34,"Software Engineer",NULL,NULL
7609001,2024-02-10,referral,ios,"United States",18,"Software Engineer",Employee,NULL
7609280,2024-01-20,affiliate,android,Brazil,18,Freelancer,NULL,887201
7609876,2024-08-19,organic,web,Nigeria,23,"Software Engineer",NULL,NULL
7610734,2024-04-06,paid_search,web,Australia,33,Teacher,NULL,154886
7611653,2023-11-23,paid_search,ios,"United States",35,Freelancer,NULL,141090
7612208,2024-11-03,social,android,"United States",46,Unemployed,NULL,378167
7612303,2024-01-28,organic,web,Brazil,41,Consultant,NULL,NULL
7615316,2023-12-25,referral,web,"United Kingdom",59,Retired,"Community Forum",NULL
7615379,2024-09-15,paid_search,android,"United States",38,Unemployed,NULL,237337
7615492,2023-03-10,affiliate,android,"United States",21,"Marketing Manager",NULL,291335
7615920,2023-07-06,paid_search,android,"United Kingdom",22,Consultant,NULL,141090
7616659,2024-05-11,organic,web,Brazil,22,"Small Business Owner",NULL,NULL
7617488,2024-07-05,referral,android,"United States",35,"Marketing Manager",Employee,NULL
7619511,2023-06-04,affiliate,android,"United States",32,Teacher,NULL,744167
7620090,2024-02-17,organic,ios,"United States",18,Student,NULL,999159
7620241,2023-11-15,referral,web,Mexico,34,Consultant,"Partner App",NULL
7621778,2023-03-16,social,web,"United States",55,Teacher,NULL,465838
7622575,2024-01-07,organic,android,Canada,29,Nurse,NULL,429365
7622766,2024-10-23,affiliate,ios,Canada,29,Retired,NULL,221958
7623063,2024-04-11,social,web,"United States",29,Nurse,NULL,378167
7625169,2024-05-13,referral,android,Germany,35,"Software Engineer",Employee,NULL
7625655,2024-01-28,paid_search,web,Germany,37,Teacher,NULL,164820
7626379,2024-09-12,social,ios,"United Kingdom",31,Accountant,NULL,465838
7626532,2024-10-29,referral,ios,"United States",41,Student,Employee,NULL
7626924,2024-05-12,social,android,"United States",43,"Small Business Owner",NULL,378167
7630604,2023-11-13,organic,android,"United States",27,Retired,NULL,429365
7630840,2024-08-11,social,ios,Mexico,40,Unemployed,NULL,378167
7632142,2024-10-08,social,web,"United States",51,Student,NULL,465838
7634586,2023-11-24,affiliate,web,Canada,52,Unemployed,NULL,291335
7634699,2024-08-25,social,ios,"United States",40,Unemployed,NULL,378167
7636393,2024-01-31,paid_search,web,"United States",34,"Marketing Manager",NULL,771155
7637034,2024-09-23,organic,android,"United States",38,Accountant,NULL,999159
7637448,2024-04-05,referral,web,India,38,"Sales Rep","Partner App",NULL
7637640,2024-07-27,social,web,"United States",31,"Marketing Manager",NULL,378167
7637935,2024-01-12,affiliate,ios,"United States",28,"Small Business Owner",NULL,231932
7638155,2024-12-29,affiliate,web,"United States",43,Nurse,NULL,832180
7638784,2023-07-19,paid_search,web,"United States",33,Unemployed,NULL,359178
7641620,2024-12-05,social,ios,"United States",27,Accountant,NULL,465838
7642516,2023-10-23,social,web,"United States",42,Consultant,NULL,378167
7643433,2023-10-27,organic,web,"United States",32,"Marketing Manager",NULL,NULL
7646705,2024-12-08,organic,web,"United States",33,Consultant,NULL,NULL
7646854,2024-07-06,referral,android,Canada,19,"Small Business Owner","Partner App",NULL
7647463,2024-04-21,affiliate,ios,Brazil,43,Accountant,NULL,210268
7650723,2024-11-24,affiliate,web,Philippines,42,Retired,NULL,744167
7651143,2024-09-23,affiliate,android,"United States",25,Freelancer,NULL,231932
7651154,2024-10-01,affiliate,ios,"United States",31,Retired,NULL,210268
7652346,2024-05-07,affiliate,web,Philippines,31,Consultant,NULL,221958
7654754,2024-07-16,paid_search,ios,Canada,47,Student,NULL,164820
7655623,2024-11-06,affiliate,web,Philippines,42,Retired,NULL,221958
7659908,2024-12-30,social,android,Canada,42,Teacher,NULL,465838
7662064,2024-09-05,referral,android,Canada,38,Nurse,"Existing Customer",NULL
7662314,2024-12-25,paid_search,web,"United States",29,Nurse,NULL,771155
7663143,2023-06-15,paid_search,ios,"United Kingdom",45,Unemployed,NULL,237337
7664102,2024-08-20,paid_search,web,India,48,Student,NULL,818315
7665088,2024-10-15,social,ios,Brazil,43,Accountant,NULL,465838
7665769,2024-06-24,social,web,Germany,34,"Small Business Owner",NULL,378167
7666199,2024-03-12,affiliate,web,India,49,Retired,NULL,231932
7666455,2024-06-26,affiliate,web,Nigeria,22,Consultant,NULL,887201
7666781,2023-05-16,social,web,Australia,30,Accountant,NULL,465838
7667051,2024-11-24,affiliate,android,Australia,23,Accountant,NULL,744167
7671203,2024-12-27,paid_search,android,"United Kingdom",43,Consultant,NULL,164820
7671318,2023-11-06,affiliate,ios,"United States",26,"Marketing Manager",NULL,275203
7671458,2024-06-05,organic,android,"United States",32,"Sales Rep",NULL,NULL
7671628,2024-10-12,paid_search,ios,India,34,"Small Business Owner",NULL,421879
7672028,2024-12-22,paid_search,web,"United Kingdom",41,Unemployed,NULL,141090
7674106,2023-09-13,paid_search,web,India,39,"Small Business Owner",NULL,141090
7674192,2024-10-12,paid_search,android,India,39,Nurse,NULL,621430
7674851,2023-10-14,paid_search,ios,"United States",35,Consultant,NULL,237337
7679155,2023-11-21,affiliate,android,Nigeria,51,"Marketing Manager",NULL,275203
7681134,2023-09-28,organic,web,Philippines,57,Unemployed,NULL,NULL
7681935,2023-10-12,paid_search,android,India,42,"Sales Rep",NULL,141090
7683635,2023-03-26,organic,web,Mexico,40,Student,NULL,NULL
7684601,2024-12-12,organic,web,India,25,"Software Engineer",NULL,999159
7685941,2024-07-23,paid_search,android,Brazil,26,Accountant,NULL,621430
7686269,2023-11-01,organic,web,"United Kingdom",33,Teacher,NULL,429365
7687666,2024-01-13,referral,android,Philippines,18,Student,"Existing Customer",NULL
7687764,2024-06-09,affiliate,ios,"United Kingdom",35,Retired,NULL,291335
7688304,2024-08-21,affiliate,android,India,50,Student,NULL,221958
7689142,2024-06-06,affiliate,web,"United States",31,Teacher,NULL,291335
7689558,2023-08-23,paid_search,web,"United States",30,"Sales Rep",NULL,818315
7689921,2024-07-19,social,android,Canada,36,Freelancer,NULL,465838
7691409,2023-11-10,referral,web,"United States",38,Nurse,"Community Forum",NULL
7691891,2024-01-07,organic,ios,"United Kingdom",26,"Small Business Owner",NULL,NULL
7695233,2023-04-02,referral,web,"United States",25,"Small Business Owner","Community Forum",NULL
7695306,2024-07-31,affiliate,android,Mexico,34,"Software Engineer",NULL,832180
7696579,2024-09-14,organic,ios,India,25,"Software Engineer",NULL,NULL
7696674,2024-03-19,referral,ios,"United States",39,Unemployed,"Partner App",NULL
7697947,2024-03-11,affiliate,ios,"United States",34,Consultant,NULL,221958
7698541,2024-11-27,paid_search,android,India,46,Consultant,NULL,818315
7699144,2024-11-07,affiliate,web,Canada,18,"Software Engineer",NULL,744167
7699744,2024-10-16,organic,web,"United States",39,Accountant,NULL,NULL
7700379,2024-12-20,affiliate,web,"United States",19,Freelancer,NULL,744167
7701354,2023-09-03,paid_search,android,"United States",53,Retired,NULL,164820
7701810,2023-10-30,organic,ios,"United States",28,"Software Engineer",NULL,NULL
7702692,2024-02-20,paid_search,ios,India,48,Teacher,NULL,154886
7703459,2024-06-28,affiliate,web,"United States",21,"Sales Rep",NULL,231932
7703560,2023-02-14,affiliate,ios,Australia,36,Retired,NULL,210268
7703562,2024-06-16,paid_search,android,Brazil,47,Nurse,NULL,187498
7705836,2024-10-01,organic,web,"United States",34,"Small Business Owner",NULL,NULL
7706024,2024-02-27,paid_search,android,"United States",40,Nurse,NULL,141090
7706971,2024-03-26,social,ios,Nigeria,20,Accountant,NULL,378167
7707432,2024-09-06,referral,ios,Philippines,30,Freelancer,Employee,NULL
7709914,2023-10-22,referral,ios,Australia,31,Retired,Employee,NULL
7710605,2024-06-18,organic,android,Canada,49,Student,NULL,429365
7710660,2023-07-27,referral,android,India,29,Unemployed,Employee,NULL
7713070,2024-12-17,affiliate,ios,"United States",41,Unemployed,NULL,275203
7714301,2024-11-17,affiliate,ios,"United States",18,Teacher,NULL,744167
7714662,2024-03-16,affiliate,android,Australia,36,Student,NULL,221958
7717526,2024-12-23,referral,web,"United States",34,Unemployed,"Existing Customer",NULL
7719142,2024-11-15,organic,ios,"United Kingdom",49,Consultant,NULL,999159
7720841,2024-11-16,organic,ios,Mexico,18,"Software Engineer",NULL,999159
7721308,2024-08-26,organic,web,Australia,18,Student,NULL,NULL
7721635,2024-09-13,affiliate,ios,"United Kingdom",45,"Marketing Manager",NULL,275203
7722055,2024-08-07,affiliate,web,Australia,44,"Small Business Owner",NULL,744167
7722090,2024-09-07,organic,web,"United Kingdom",25,Student,NULL,NULL
7722841,2024-11-17,paid_search,android,Germany,18,Retired,NULL,771155
7723000,2024-06-01,affiliate,ios,"United States",19,"Sales Rep",NULL,275203
7724504,2024-04-22,social,web,Mexico,23,"Sales Rep",NULL,465838
7725275,2024-07-10,referral,web,India,37,Nurse,"Community Forum",NULL
7725630,2024-12-28,affiliate,ios,"United States",37,Consultant,NULL,221958
7726451,2024-12-14,affiliate,android,India,18,Consultant,NULL,210268
7728926,2024-12-06,organic,android,Canada,45,"Sales Rep",NULL,NULL
7729199,2024-08-15,organic,web,"United States",28,Unemployed,NULL,NULL
7730419,2023-12-01,organic,web,"United States",35,Consultant,NULL,NULL
7730713,2024-09-02,organic,android,"United States",32,"Marketing Manager",NULL,999159
7730886,2024-03-24,organic,web,"United States",50,Student,NULL,NULL
7731666,2024-10-25,paid_search,android,"United Kingdom",18,"Software Engineer",NULL,187498
7733214,2023-05-05,affiliate,web,Canada,54,"Marketing Manager",NULL,221958
7733215,2024-09-20,social,android,India,40,"Marketing Manager",NULL,378167
7734714,2024-01-30,referral,android,"United States",40,Nurse,"Existing Customer",NULL
7736549,2024-12-22,paid_search,web,Germany,30,Accountant,NULL,359178
7737320,2023-07-30,paid_search,ios,Canada,34,Nurse,NULL,621430
7739013,2024-06-12,social,ios,Germany,34,Retired,NULL,465838
7739202,2024-06-11,referral,ios,Germany,29,"Software Engineer","Community Forum",NULL
7741286,2024-10-11,organic,ios,"United States",44,"Sales Rep",NULL,NULL
7741499,2024-02-16,organic,ios,Canada,38,Nurse,NULL,429365
7742471,2023-09-19,organic,ios,Canada,27,"Small Business Owner",NULL,NULL
7743571,2024-12-19,paid_search,ios,Canada,31,Retired,NULL,421879
7746037,2023-10-19,paid_search,android,"United States",41,"Software Engineer",NULL,164820
7747741,2024-08-11,paid_search,android,"United States",18,"Marketing Manager",NULL,771155
7749977,2023-12-30,organic,web,"United States",36,Student,NULL,429365
7753008,2024-10-19,organic,ios,Philippines,26,Nurse,NULL,NULL
7754350,2024-09-10,affiliate,ios,Canada,38,Accountant,NULL,221958
7756350,2024-10-07,affiliate,ios,"United Kingdom",33,"Sales Rep",NULL,832180
7757450,2023-08-13,paid_search,web,"United States",22,"Sales Rep",NULL,621430
7758699,2024-07-26,organic,ios,Germany,20,Nurse,NULL,NULL
7759072,2024-10-26,organic,ios,Mexico,56,Consultant,NULL,NULL
7759291,2024-03-05,organic,ios,Germany,51,Consultant,NULL,NULL
7759383,2024-07-22,paid_search,web,Australia,38,"Marketing Manager",NULL,359178
7759991,2023-08-10,paid_search,android,Australia,19,Nurse,NULL,771155
7760403,2023-07-11,organic,web,Australia,28,Accountant,NULL,NULL
7762126,2024-09-27,affiliate,ios,Australia,31,Freelancer,NULL,210268
7766174,2024-06-14,organic,web,"United States",44,Retired,NULL,NULL
7766886,2024-01-16,paid_search,ios,"United States",40,Consultant,NULL,359178
7767315,2024-09-27,organic,android,"United States",39,Retired,NULL,429365
7767528,2024-11-18,organic,web,India,23,Nurse,NULL,NULL
7767567,2024-08-05,social,web,Canada,38,"Software Engineer",NULL,378167
7767835,2024-11-15,organic,ios,India,59,Consultant,NULL,NULL
7768419,2023-10-18,organic,ios,"United States",37,Unemployed,NULL,NULL
7769552,2024-08-09,organic,android,Canada,26,Consultant,NULL,NULL
7770153,2023-10-14,paid_search,ios,"United States",31,"Marketing Manager",NULL,818315
7770161,2024-08-18,organic,ios,Mexico,18,"Marketing Manager",NULL,999159
7771158,2023-07-16,paid_search,android,"United States",34,Freelancer,NULL,154886
7773329,2024-05-28,affiliate,ios,"United States",29,"Sales Rep",NULL,221958
7774870,2023-06-24,affiliate,ios,India,49,"Marketing Manager",NULL,210268
7775602,2024-11-10,affiliate,web,Canada,32,Accountant,NULL,887201
7775996,2024-04-22,affiliate,web,"United Kingdom",28,"Sales Rep",NULL,887201
7776432,2024-10-27,organic,web,Australia,20,"Small Business Owner",NULL,999159
7778519,2024-06-26,organic,web,"United States",56,Consultant,NULL,NULL
7778892,2024-07-03,affiliate,ios,Australia,23,"Marketing Manager",NULL,275203
7779617,2023-10-17,affiliate,android,"United States",28,Consultant,NULL,275203
7779651,2024-12-20,social,ios,India,53,Teacher,NULL,378167
7784672,2023-12-08,organic,ios,"United States",36,Accountant,NULL,NULL
7785932,2024-10-20,organic,ios,Brazil,51,"Small Business Owner",NULL,NULL
7787702,2024-11-19,affiliate,web,"United States",33,Student,NULL,744167
7789329,2024-08-14,affiliate,web,India,30,Consultant,NULL,832180
7789408,2024-10-10,affiliate,ios,Canada,29,"Marketing Manager",NULL,221958
7790593,2024-03-06,organic,web,Germany,30,Teacher,NULL,NULL
7790968,2024-02-20,paid_search,web,"United States",35,"Sales Rep",NULL,359178
7792109,2023-09-18,referral,android,Nigeria,37,"Software Engineer","Community Forum",NULL
7792566,2024-06-04,affiliate,web,Canada,30,Accountant,NULL,221958
7796877,2024-11-20,social,android,"United States",45,Retired,NULL,378167
7800541,2023-12-06,organic,web,Philippines,28,Student,NULL,NULL
7805080,2024-09-26,organic,android,Australia,35,"Marketing Manager",NULL,999159
7805360,2023-09-12,organic,android,"United States",27,"Marketing Manager",NULL,NULL
7805697,2024-07-17,referral,android,"United States",31,"Software Engineer","Partner App",NULL
7807040,2024-07-13,affiliate,ios,"United States",36,Student,NULL,291335
7807087,2023-11-09,paid_search,web,"United States",38,Teacher,NULL,359178
7807643,2024-07-05,paid_search,web,Mexico,47,"Software Engineer",NULL,621430
7810183,2024-05-07,referral,web,Germany,39,"Software Engineer","Existing Customer",NULL
7810805,2024-09-21,referral,android,Germany,25,Freelancer,"Existing Customer",NULL
7814276,2024-06-27,paid_search,ios,Canada,19,"Software Engineer",NULL,621430
7814285,2023-12-16,paid_search,ios,India,46,Retired,NULL,771155
7814612,2024-08-11,affiliate,ios,Australia,18,Retired,NULL,210268
7816080,2024-07-14,organic,ios,Mexico,34,Retired,NULL,NULL
7816525,2024-04-14,organic,web,"United States",50,Teacher,NULL,429365
7817123,2024-07-14,affiliate,ios,India,30,Nurse,NULL,275203
7817281,2024-06-21,social,ios,"United Kingdom",22,Consultant,NULL,378167
7818753,2023-08-07,paid_search,ios,Germany,41,"Small Business Owner",NULL,818315
7818922,2024-09-29,paid_search,web,"United States",44,Nurse,NULL,421879
7820399,2023-02-27,affiliate,ios,Mexico,26,"Marketing Manager",NULL,210268
7822255,2023-11-05,referral,web,"United States",31,Unemployed,"Community Forum",NULL
7822567,2024-02-12,social,web,"United States",34,"Sales Rep",NULL,378167
7822603,2024-03-11,affiliate,android,India,21,Unemployed,NULL,221958
7825687,2023-12-26,affiliate,ios,"United States",29,Nurse,NULL,832180
7825711,2023-03-29,social,ios,"United States",34,"Sales Rep",NULL,465838
7827299,2024-07-17,social,web,"United States",38,Consultant,NULL,465838
7827575,2024-12-01,social,ios,"United Kingdom",35,Consultant,NULL,378167
7829313,2023-09-23,paid_search,android,"United States",26,Student,NULL,359178
7830707,2024-12-12,organic,ios,Australia,26,"Small Business Owner",NULL,NULL
7835032,2023-09-25,social,web,"United States",38,Unemployed,NULL,465838
7835735,2024-09-17,organic,web,Mexico,29,"Sales Rep",NULL,999159
7837388,2024-05-21,affiliate,android,"United Kingdom",22,"Marketing Manager",NULL,832180
7837433,2024-04-12,affiliate,android,Philippines,48,Accountant,NULL,887201
7838163,2023-11-02,paid_search,ios,"United States",23,"Sales Rep",NULL,164820
7839789,2024-02-27,affiliate,web,"United States",18,Retired,NULL,887201
7841023,2023-08-20,referral,web,Nigeria,35,Freelancer,Employee,NULL
7841300,2024-03-11,paid_search,android,"United States",45,Student,NULL,154886
7842385,2024-09-03,social,android,"United States",38,Nurse,NULL,465838
7843308,2024-02-06,affiliate,ios,"United States",18,Consultant,NULL,221958
7843532,2024-10-14,affiliate,android,Germany,22,"Marketing Manager",NULL,210268
7846192,2023-10-07,paid_search,web,"United States",31,"Small Business Owner",NULL,154886
7846539,2024-09-04,paid_search,web,"United States",18,Student,NULL,187498
7847129,2024-07-24,organic,web,"United States",24,"Marketing Manager",NULL,NULL
7847575,2024-09-29,paid_search,web,"United Kingdom",33,"Software Engineer",NULL,771155
7848120,2024-06-26,affiliate,web,Canada,29,Freelancer,NULL,744167
7848829,2024-01-01,organic,android,"United States",44,Consultant,NULL,NULL
7849221,2024-03-03,organic,web,"United States",46,Accountant,NULL,NULL
7849486,2024-06-01,referral,web,Canada,18,Consultant,Employee,NULL
7850322,2023-08-05,affiliate,web,"United States",22,Retired,NULL,231932
7850529,2023-12-09,organic,ios,"United States",27,"Sales Rep",NULL,NULL
7850807,2024-03-07,affiliate,web,"United States",29,Unemployed,NULL,210268
7851803,2024-09-26,organic,web,India,50,Nurse,NULL,NULL
7852902,2024-04-24,social,web,Brazil,30,Consultant,NULL,465838
7853878,2024-01-17,paid_search,web,"United States",31,"Sales Rep",NULL,164820
7854453,2024-07-13,organic,web,Canada,38,Nurse,NULL,NULL
7854500,2023-04-23,social,ios,Germany,37,"Software Engineer",NULL,378167
7856604,2024-09-20,social,ios,"United States",29,Teacher,NULL,465838
7856825,2024-07-13,affiliate,android,"United States",38,Student,NULL,275203
7857658,2024-05-24,referral,android,Canada,18,Unemployed,"Existing Customer",NULL
7859216,2023-10-08,organic,ios,"United Kingdom",28,Consultant,NULL,999159
7859634,2024-11-20,affiliate,web,"United States",25,"Small Business Owner",NULL,210268
7859698,2023-12-12,organic,android,"United States",29,Teacher,NULL,NULL
7859991,2024-04-29,affiliate,web,"United States",24,Teacher,NULL,832180
7860006,2024-04-18,referral,android,India,45,"Small Business Owner",Employee,NULL
7862758,2024-03-03,organic,android,Mexico,45,Teacher,NULL,NULL
7863382,2024-11-28,social,android,"United States",29,"Sales Rep",NULL,378167
7864547,2024-05-30,referral,android,Mexico,38,"Software Engineer",Employee,NULL
7864684,2023-03-27,paid_search,android,Philippines,48,Nurse,NULL,187498
7865999,2024-12-14,social,ios,"United States",43,Retired,NULL,378167
7866684,2024-10-12,organic,web,"United States",36,"Small Business Owner",NULL,NULL
7867100,2024-10-30,organic,web,"United States",30,"Sales Rep",NULL,NULL
7867218,2024-04-05,social,web,Philippines,37,Nurse,NULL,378167
7869989,2024-04-19,referral,ios,Nigeria,35,Nurse,"Partner App",NULL
7870679,2024-09-05,social,android,"United States",24,Student,NULL,465838
7871574,2023-12-11,affiliate,android,"United States",32,"Sales Rep",NULL,832180
7874399,2024-08-21,paid_search,ios,Philippines,22,Student,NULL,154886
7876913,2024-03-08,organic,ios,"United States",40,Unemployed,NULL,NULL
7877037,2024-11-01,affiliate,web,"United States",21,Consultant,NULL,221958
7878974,2024-11-18,paid_search,ios,India,56,Unemployed,NULL,621430
7879771,2024-11-03,organic,android,"United States",39,Consultant,NULL,NULL
7881289,2024-12-07,affiliate,ios,"United States",48,Accountant,NULL,221958
7882727,2023-12-27,social,web,India,32,"Marketing Manager",NULL,465838
7882799,2024-10-15,organic,ios,"United Kingdom",52,"Sales Rep",NULL,NULL
7886608,2024-09-19,organic,web,Mexico,34,"Marketing Manager",NULL,999159
7886940,2024-07-07,social,web,"United States",26,Teacher,NULL,378167
7888260,2024-03-22,organic,android,"United States",55,"Software Engineer",NULL,NULL
7889053,2023-10-31,organic,web,"United Kingdom",36,Accountant,NULL,NULL
7890709,2024-03-21,social,web,Brazil,52,"Sales Rep",NULL,465838
7892180,2024-07-09,affiliate,web,Canada,18,Accountant,NULL,221958
7893728,2024-06-28,social,web,Australia,30,Freelancer,NULL,378167
7897012,2023-06-17,organic,web,India,42,Nurse,NULL,429365
7897673,2024-01-18,social,android,"United States",36,"Marketing Manager",NULL,465838
7898046,2023-12-17,paid_search,ios,"United States",22,Nurse,NULL,237337
7898410,2024-08-06,organic,ios,India,32,"Small Business Owner",NULL,NULL
7900725,2024-01-04,organic,android,Germany,39,Unemployed,NULL,NULL
7901013,2024-01-08,organic,web,Mexico,28,"Software Engineer",NULL,NULL
7902066,2024-02-03,paid_search,web,Australia,54,"Small Business Owner",NULL,421879
7903538,2024-01-16,affiliate,android,Australia,20,"Small Business Owner",NULL,275203
7903836,2024-12-24,organic,web,India,35,"Sales Rep",NULL,NULL
7905043,2023-08-05,paid_search,web,"United States",44,Nurse,NULL,187498
7906117,2024-04-13,social,ios,India,46,Consultant,NULL,378167
7906571,2024-11-05,paid_search,ios,Germany,38,Consultant,NULL,237337
7908008,2023-10-19,paid_search,ios,"United States",37,Consultant,NULL,621430
7908531,2024-08-30,paid_search,android,"United States",34,Accountant,NULL,818315
7911596,2024-12-25,social,web,"United States",59,"Software Engineer",NULL,378167
7911616,2024-10-08,organic,web,"United Kingdom",57,"Marketing Manager",NULL,NULL
7911855,2024-09-28,social,ios,India,29,"Sales Rep",NULL,465838
7911957,2024-05-27,paid_search,web,Canada,22,"Small Business Owner",NULL,141090
7912880,2024-08-22,affiliate,web,Australia,20,"Sales Rep",NULL,275203
7913283,2023-10-10,social,android,Brazil,38,Student,NULL,465838
7913462,2024-06-12,social,ios,Canada,39,"Small Business Owner",NULL,378167
7913744,2023-12-19,paid_search,android,Nigeria,41,Student,NULL,359178
7914152,2024-01-25,organic,android,"United States",32,Student,NULL,NULL
7915096,2024-11-15,social,ios,"United States",34,"Sales Rep",NULL,465838
7917571,2024-06-19,social,ios,"United States",33,"Sales Rep",NULL,465838
7918863,2023-08-23,paid_search,web,"United States",39,Student,NULL,421879
7918889,2024-10-15,paid_search,ios,"United Kingdom",35,Nurse,NULL,154886
7919219,2024-03-10,paid_search,ios,India,35,Student,NULL,771155
7919875,2023-08-07,paid_search,web,"United Kingdom",41,Retired,NULL,818315
7919879,2024-01-23,social,web,Germany,37,"Marketing Manager",NULL,378167
7921154,2023-07-13,organic,android,"United States",30,Student,NULL,NULL
7921983,2024-11-28,referral,android,"United States",49,Student,"Partner App",NULL
7922496,2024-08-07,social,web,Canada,48,Freelancer,NULL,465838
7922795,2024-06-14,paid_search,ios,"United States",18,"Small Business Owner",NULL,187498
7922972,2024-09-27,organic,ios,"United States",28,"Marketing Manager",NULL,NULL
7922981,2024-09-30,social,ios,"United States",45,Unemployed,NULL,378167
7923985,2024-10-13,paid_search,ios,"United States",38,Retired,NULL,187498
7925877,2024-06-20,paid_search,web,"United States",38,"Marketing Manager",NULL,187498
7926767,2023-03-04,referral,web,"United States",20,"Small Business Owner",Employee,NULL
7927416,2023-02-19,paid_search,web,"United States",47,Consultant,NULL,421879
7928040,2024-08-03,organic,android,"United States",35,Freelancer,NULL,NULL
7928655,2024-04-23,organic,android,India,50,"Sales Rep",NULL,429365
7928887,2024-11-02,organic,ios,Germany,48,Accountant,NULL,NULL
7929140,2024-11-15,organic,ios,India,43,Accountant,NULL,NULL
7929909,2024-07-29,affiliate,ios,"United States",22,Student,NULL,231932
7930358,2024-11-05,referral,ios,"United States",53,Retired,"Partner App",NULL
7931344,2024-03-18,paid_search,android,Mexico,43,Retired,NULL,237337
7932667,2024-06-12,referral,web,"United States",42,Student,"Existing Customer",NULL
7932973,2023-09-11,referral,android,"United Kingdom",36,Retired,"Community Forum",NULL
7933705,2024-04-13,organic,android,"United States",40,"Software Engineer",NULL,NULL
7933966,2024-07-21,social,web,Philippines,23,Retired,NULL,378167
7934106,2024-01-11,affiliate,web,Australia,32,Student,NULL,744167
7934198,2023-09-15,organic,android,Germany,53,Teacher,NULL,NULL
7934430,2024-02-06,organic,web,"United States",36,Unemployed,NULL,NULL
7935426,2024-01-05,paid_search,web,"United States",35,Unemployed,NULL,818315
7935774,2024-04-11,affiliate,android,"United States",35,Nurse,NULL,231932
7939705,2024-02-04,paid_search,ios,Mexico,18,"Software Engineer",NULL,187498
7941245,2024-01-22,organic,ios,"United States",38,"Software Engineer",NULL,NULL
7941447,2024-07-07,social,android,"United States",27,Teacher,NULL,378167
7942263,2024-07-27,paid_search,ios,"United States",46,Retired,NULL,164820
7944121,2023-11-25,paid_search,android,"United States",33,"Marketing Manager",NULL,771155
7949666,2024-11-02,organic,ios,"United States",39,"Software Engineer",NULL,NULL
7951740,2024-07-14,paid_search,web,"United Kingdom",38,"Small Business Owner",NULL,154886
7952057,2024-07-11,organic,ios,Canada,26,"Small Business Owner",NULL,NULL
7952314,2023-12-03,referral,ios,Germany,39,Nurse,"Community Forum",NULL
7953757,2024-04-10,paid_search,ios,"United States",36,"Sales Rep",NULL,818315
7955038,2024-09-15,social,ios,Canada,29,Freelancer,NULL,378167
7955653,2024-12-27,paid_search,ios,Australia,32,Accountant,NULL,154886
7959972,2024-05-15,social,android,India,44,Consultant,NULL,465838
7960145,2024-08-12,affiliate,web,"United States",37,"Small Business Owner",NULL,291335
7960534,2024-12-23,paid_search,ios,Philippines,35,"Software Engineer",NULL,237337
7961383,2024-06-11,paid_search,ios,Philippines,30,Accountant,NULL,771155
7961848,2023-12-30,paid_search,web,"United States",42,Retired,NULL,359178
7962365,2023-11-21,organic,web,Brazil,54,Unemployed,NULL,NULL
7962544,2024-04-15,social,web,India,50,Nurse,NULL,465838
7963266,2024-05-02,paid_search,web,"United States",40,Consultant,NULL,237337
7964203,2024-12-17,organic,android,Mexico,18,Freelancer,NULL,NULL
7964705,2024-05-21,affiliate,ios,Brazil,35,"Sales Rep",NULL,231932
7964745,2023-04-29,paid_search,ios,"United States",35,"Small Business Owner",NULL,359178
7969129,2024-06-18,paid_search,ios,Philippines,32,"Software Engineer",NULL,771155
7970199,2023-04-11,referral,web,Australia,36,Accountant,Employee,NULL
7971138,2024-10-30,affiliate,ios,Canada,38,Unemployed,NULL,275203
7971631,2024-02-09,organic,android,India,29,"Software Engineer",NULL,NULL
7976610,2024-11-06,organic,android,"United States",18,"Marketing Manager",NULL,999159
7978140,2024-01-13,affiliate,ios,"United States",40,Teacher,NULL,221958
7978737,2024-12-12,affiliate,web,Australia,27,Teacher,NULL,291335
7979451,2024-02-11,social,web,Canada,31,Accountant,NULL,378167
7979740,2024-05-03,organic,android,"United Kingdom",52,Unemployed,NULL,NULL
7980571,2024-12-16,organic,ios,Philippines,50,"Marketing Manager",NULL,NULL
7981440,2024-08-11,organic,web,"United Kingdom",38,Student,NULL,429365
7982137,2024-04-11,affiliate,android,Philippines,37,Teacher,NULL,887201
7982252,2024-11-05,organic,web,Canada,55,"Sales Rep",NULL,NULL
7983604,2024-10-29,organic,ios,"United States",37,"Marketing Manager",NULL,NULL
7983896,2024-01-09,paid_search,web,"United States",37,Student,NULL,421879
7984297,2023-06-02,organic,android,Germany,44,"Sales Rep",NULL,NULL
7984720,2024-05-04,referral,android,India,37,"Software Engineer",Employee,NULL
7985945,2024-11-16,social,web,India,18,Teacher,NULL,378167
7986595,2024-02-23,paid_search,android,"United States",43,Unemployed,NULL,421879
7989875,2024-01-18,organic,ios,"United States",18,Freelancer,NULL,NULL
7990102,2024-02-16,referral,android,Nigeria,28,Teacher,"Existing Customer",NULL
7990607,2024-12-13,organic,web,Australia,44,Freelancer,NULL,NULL
7993018,2024-07-13,social,web,Canada,31,"Sales Rep",NULL,465838
7994791,2024-11-25,organic,android,"United States",28,Unemployed,NULL,NULL
7995919,2024-06-14,referral,ios,Germany,21,Freelancer,"Community Forum",NULL
7996746,2024-07-03,organic,web,"United States",18,Freelancer,NULL,NULL
7999244,2024-06-11,referral,android,Canada,32,Unemployed,"Existing Customer",NULL
7999366,2024-10-27,social,ios,"United States",20,"Marketing Manager",NULL,465838
8001837,2024-06-20,affiliate,web,India,21,"Software Engineer",NULL,832180
8002587,2024-10-16,organic,web,"United States",54,Freelancer,NULL,999159
8003621,2024-11-14,affiliate,web,"United States",43,"Sales Rep",NULL,210268
8005351,2024-12-22,affiliate,ios,Brazil,37,"Small Business Owner",NULL,291335
8006451,2024-07-29,paid_search,android,"United Kingdom",37,"Software Engineer",NULL,421879
8006454,2024-09-01,affiliate,ios,"United States",45,Teacher,NULL,221958
8008443,2023-11-13,social,web,Philippines,33,Consultant,NULL,378167
8008642,2024-06-23,organic,web,Australia,21,Unemployed,NULL,NULL
8010131,2024-09-16,paid_search,ios,Mexico,18,"Marketing Manager",NULL,154886
8011673,2024-07-10,affiliate,android,Philippines,41,Teacher,NULL,744167
8014511,2023-10-02,organic,android,Philippines,32,"Marketing Manager",NULL,NULL
8015232,2023-12-20,organic,web,Nigeria,53,Teacher,NULL,NULL
8016611,2024-04-17,paid_search,ios,Germany,28,Unemployed,NULL,421879
8016812,2023-10-11,referral,android,"United States",40,Teacher,"Community Forum",NULL
8017403,2024-05-12,organic,ios,Mexico,26,Accountant,NULL,NULL
8017955,2023-07-13,referral,ios,"United States",37,"Small Business Owner",Employee,NULL
8018523,2023-07-01,affiliate,web,"United Kingdom",18,Teacher,NULL,832180
8019431,2024-02-04,organic,web,"United States",26,Unemployed,NULL,NULL
8020480,2024-04-15,paid_search,ios,Canada,37,Accountant,NULL,141090
8020988,2024-08-25,affiliate,ios,"United Kingdom",53,"Software Engineer",NULL,291335
8021855,2023-07-25,referral,web,"United Kingdom",18,Nurse,"Community Forum",NULL
8021862,2023-12-05,affiliate,android,India,18,"Small Business Owner",NULL,744167
8022336,2024-01-23,affiliate,web,"United States",32,Retired,NULL,887201
8026206,2024-01-31,paid_search,ios,India,30,Student,NULL,818315
8026492,2024-10-06,social,ios,Brazil,29,Retired,NULL,465838
8028722,2023-03-29,affiliate,web,"United States",18,"Sales Rep",NULL,291335
8029446,2023-08-11,paid_search,android,Mexico,30,Teacher,NULL,141090
8031401,2024-05-14,paid_search,android,"United Kingdom",47,"Marketing Manager",NULL,818315
8031845,2024-10-09,paid_search,ios,Nigeria,23,Unemployed,NULL,237337
8031883,2024-02-12,affiliate,web,"United States",41,"Sales Rep",NULL,210268
8035655,2024-10-20,organic,ios,India,44,"Marketing Manager",NULL,NULL
8036278,2024-08-07,affiliate,android,Canada,31,Retired,NULL,744167
8037449,2023-07-30,paid_search,ios,"United States",26,"Software Engineer",NULL,771155
8038170,2023-11-20,affiliate,web,Nigeria,52,Consultant,NULL,744167
8039879,2023-08-30,affiliate,web,Brazil,36,Student,NULL,887201
8040906,2024-12-15,organic,ios,"United States",29,Unemployed,NULL,NULL
8042049,2023-04-19,paid_search,web,"United States",25,"Software Engineer",NULL,141090
8045209,2023-12-21,organic,web,India,28,Nurse,NULL,NULL
8045900,2024-08-12,organic,android,"United Kingdom",35,Nurse,NULL,NULL
8045927,2024-05-26,organic,ios,Canada,28,Student,NULL,NULL
8049926,2024-08-21,paid_search,web,"United States",33,Retired,NULL,141090
8049985,2024-03-14,organic,android,India,19,Student,NULL,NULL
8050305,2024-11-07,paid_search,ios,Germany,38,Retired,NULL,359178
8052514,2024-10-13,organic,ios,"United States",19,"Marketing Manager",NULL,NULL
8054378,2024-08-15,paid_search,ios,"United States",18,Nurse,NULL,164820
8054499,2024-02-08,paid_search,android,"United States",24,Freelancer,NULL,359178
8056784,2024-05-05,organic,web,Brazil,32,Student,NULL,NULL
8056993,2023-10-24,affiliate,android,"United States",45,Accountant,NULL,291335
8058021,2024-09-06,organic,android,Mexico,49,"Sales Rep",NULL,NULL
8059903,2024-04-28,organic,android,Philippines,30,Freelancer,NULL,NULL
8059916,2023-10-07,organic,android,Canada,20,Retired,NULL,NULL
8061183,2024-07-04,organic,android,Canada,26,Nurse,NULL,NULL
8061944,2023-04-09,organic,android,"United States",29,Unemployed,NULL,429365
8062215,2024-06-10,organic,android,"United States",37,Unemployed,NULL,NULL
8063410,2024-12-17,organic,ios,"United States",26,Nurse,NULL,NULL
8064400,2024-03-29,affiliate,ios,"United Kingdom",21,Consultant,NULL,221958
8064746,2024-11-12,organic,ios,Australia,47,"Small Business Owner",NULL,NULL
8068121,2024-04-08,affiliate,ios,"United States",34,Retired,NULL,210268
8068132,2024-01-02,paid_search,ios,Canada,21,Unemployed,NULL,154886
8068931,2024-09-06,referral,ios,India,39,Student,"Partner App",NULL
8069222,2023-07-20,referral,ios,Canada,30,"Sales Rep","Community Forum",NULL
8069337,2024-05-13,organic,web,"United States",18,Nurse,NULL,NULL
8071422,2024-06-19,referral,web,"United States",53,"Software Engineer",Employee,NULL
8072695,2023-10-02,social,ios,"United States",32,Consultant,NULL,465838
8073575,2024-04-14,referral,ios,Brazil,32,"Marketing Manager",Employee,NULL
8074533,2024-07-26,affiliate,web,Germany,22,Accountant,NULL,210268
8076042,2024-11-19,paid_search,android,"United Kingdom",36,"Marketing Manager",NULL,164820
8079701,2024-11-27,paid_search,web,"United States",18,Consultant,NULL,187498
8079903,2023-09-28,affiliate,web,Australia,25,Student,NULL,832180
8081530,2023-09-01,social,ios,India,40,Student,NULL,378167
8081905,2024-02-18,organic,ios,Mexico,42,Teacher,NULL,999159
8082122,2023-08-19,affiliate,web,India,26,Consultant,NULL,887201
8082212,2024-12-17,referral,ios,"United States",29,"Software Engineer","Partner App",NULL
8083610,2024-08-04,paid_search,web,"United States",30,Accountant,NULL,237337
8084335,2024-05-06,paid_search,web,"United Kingdom",37,Student,NULL,187498
8084364,2023-10-30,affiliate,ios,Brazil,37,"Marketing Manager",NULL,210268
8084609,2024-10-09,referral,ios,"United Kingdom",29,"Small Business Owner","Community Forum",NULL
8085757,2024-02-12,affiliate,ios,Germany,23,"Sales Rep",NULL,744167
8085904,2024-01-24,paid_search,web,Canada,33,"Sales Rep",NULL,818315
8088166,2024-04-23,organic,ios,"United States",36,"Marketing Manager",NULL,NULL
8088727,2024-11-07,social,web,Philippines,22,Teacher,NULL,378167
8089109,2023-08-15,referral,ios,Germany,36,"Software Engineer",Employee,NULL
8089478,2024-03-27,affiliate,web,"United States",19,Accountant,NULL,887201
8089975,2023-12-08,organic,web,"United Kingdom",18,"Sales Rep",NULL,NULL
8094176,2024-05-09,organic,android,"United States",46,Accountant,NULL,NULL
8097037,2024-04-04,referral,web,Germany,42,"Sales Rep","Existing Customer",NULL
8097065,2024-08-13,affiliate,web,"United States",30,Accountant,NULL,291335
8098917,2023-01-24,paid_search,ios,"United States",18,Nurse,NULL,187498
8100052,2023-07-15,affiliate,web,Brazil,29,Unemployed,NULL,832180
8102173,2024-12-15,affiliate,ios,"United States",19,Unemployed,NULL,832180
8102983,2024-11-29,referral,android,Philippines,32,Consultant,Employee,NULL
8103230,2024-08-20,affiliate,web,"United States",30,Accountant,NULL,744167
8103260,2024-12-18,organic,android,"United Kingdom",62,Freelancer,NULL,NULL
8104527,2024-12-18,affiliate,web,"United States",35,"Small Business Owner",NULL,275203
8104627,2024-07-09,organic,web,Brazil,37,"Small Business Owner",NULL,NULL
8105924,2024-01-27,affiliate,android,Canada,43,"Marketing Manager",NULL,744167
8110928,2023-04-18,paid_search,web,India,40,"Marketing Manager",NULL,164820
8110953,2024-08-07,organic,android,"United States",21,"Software Engineer",NULL,NULL
8112646,2023-05-19,social,android,"United Kingdom",18,Unemployed,NULL,465838
8115972,2024-10-15,organic,web,"United Kingdom",35,Consultant,NULL,NULL
8116355,2024-12-25,organic,web,"United States",44,Accountant,NULL,NULL
8121782,2024-05-23,organic,web,Philippines,29,"Sales Rep",NULL,NULL
8122313,2024-07-04,organic,ios,India,43,Retired,NULL,NULL
8122887,2024-01-14,affiliate,android,Canada,32,Accountant,NULL,231932
8123753,2024-06-29,social,ios,"United Kingdom",25,"Sales Rep",NULL,378167
8128146,2023-09-18,paid_search,android,"United Kingdom",37,Unemployed,NULL,154886
8128822,2023-08-18,organic,web,"United States",42,Freelancer,NULL,NULL
8130030,2024-07-06,paid_search,ios,"United States",30,Teacher,NULL,187498
8131390,2024-07-12,referral,web,"United States",33,Retired,Employee,NULL
8132508,2023-12-20,organic,ios,"United States",23,Teacher,NULL,429365
8133131,2023-06-24,social,android,"United States",32,Retired,NULL,378167
8133456,2024-09-17,referral,android,Brazil,37,Retired,"Partner App",NULL
8134897,2024-02-19,paid_search,web,Mexico,28,Student,NULL,359178
8135580,2024-06-11,affiliate,ios,Canada,37,Retired,NULL,275203
8136029,2024-11-26,paid_search,ios,"United States",48,"Software Engineer",NULL,621430
8136940,2024-05-03,organic,ios,"United States",21,Student,NULL,NULL
8138512,2023-07-17,organic,android,Canada,28,Retired,NULL,NULL
8138780,2024-10-29,social,ios,India,39,Teacher,NULL,378167
8139580,2024-11-26,paid_search,web,"United States",41,Accountant,NULL,771155
8139608,2024-04-17,paid_search,ios,Nigeria,36,Freelancer,NULL,154886
8139845,2023-07-22,affiliate,web,"United Kingdom",21,Teacher,NULL,291335
8140782,2024-05-07,paid_search,android,Brazil,38,Accountant,NULL,237337
8142727,2023-07-12,paid_search,android,"United States",42,Retired,NULL,621430
8144013,2023-07-12,organic,ios,"United States",18,Retired,NULL,999159
8149148,2024-11-20,organic,android,"United Kingdom",31,"Marketing Manager",NULL,NULL
8150265,2024-06-28,referral,web,"United States",26,Nurse,"Community Forum",NULL
8150406,2024-05-28,affiliate,web,Australia,18,Student,NULL,291335
8152604,2024-11-23,affiliate,ios,"United Kingdom",18,"Sales Rep",NULL,887201
8152747,2024-10-15,social,web,India,38,Teacher,NULL,465838
8152765,2024-07-23,social,web,Canada,33,Nurse,NULL,378167
8153314,2024-06-13,referral,ios,"United States",40,Consultant,"Community Forum",NULL
8153768,2023-04-04,affiliate,android,Germany,31,Retired,NULL,744167
8156065,2024-05-07,referral,android,"United Kingdom",29,Nurse,Employee,NULL
8156406,2024-02-01,organic,ios,"United States",30,"Sales Rep",NULL,NULL
8156720,2023-11-17,organic,ios,"United States",35,Accountant,NULL,NULL
8157303,2024-09-06,organic,android,"United States",46,Student,NULL,NULL
8157676,2023-12-11,paid_search,android,Canada,28,Retired,NULL,359178
8162517,2024-05-27,referral,android,"United Kingdom",26,Unemployed,"Existing Customer",NULL
8163357,2024-08-25,social,android,India,40,Student,NULL,465838
8165371,2024-04-14,referral,android,India,30,Unemployed,"Existing Customer",NULL
8166065,2024-09-18,organic,web,"United States",32,Accountant,NULL,NULL
8166276,2024-07-14,social,web,"United States",25,Unemployed,NULL,465838
8168362,2024-04-17,paid_search,ios,India,61,"Software Engineer",NULL,154886
8169158,2024-06-15,organic,web,Canada,34,Nurse,NULL,999159
8170364,2023-01-25,paid_search,android,Philippines,33,Student,NULL,421879
8170837,2024-05-28,affiliate,web,"United States",59,Nurse,NULL,744167
8173877,2023-12-10,paid_search,ios,"United States",47,"Software Engineer",NULL,164820
8177545,2023-07-17,organic,web,"United States",34,"Sales Rep",NULL,999159
8179156,2024-06-12,organic,web,Mexico,37,"Small Business Owner",NULL,NULL
8179391,2024-12-18,social,android,"United States",37,"Software Engineer",NULL,465838
8181479,2024-12-12,organic,ios,India,54,Teacher,NULL,NULL
8184620,2023-03-22,affiliate,web,Germany,34,Nurse,NULL,744167
8184872,2024-05-15,social,android,"United States",24,Consultant,NULL,465838
8185115,2024-09-02,paid_search,ios,India,27,"Sales Rep",NULL,818315
8185197,2024-11-15,organic,ios,"United States",38,"Sales Rep",NULL,NULL
8185300,2024-08-02,affiliate,web,"United Kingdom",21,"Small Business Owner",NULL,275203
8188106,2024-11-19,organic,android,"United States",40,Nurse,NULL,429365
8188238,2024-08-03,paid_search,android,"United States",18,"Software Engineer",NULL,164820
8189204,2023-04-17,organic,android,"United States",35,Freelancer,NULL,NULL
8192767,2023-04-11,social,web,Australia,30,Accountant,NULL,378167
8196042,2024-12-06,social,android,Canada,38,Accountant,NULL,465838
8197177,2024-12-05,organic,web,"United States",30,"Marketing Manager",NULL,429365
8199107,2024-03-16,affiliate,ios,Canada,32,Accountant,NULL,832180
8200262,2024-04-19,organic,android,Germany,46,Student,NULL,NULL
8200987,2023-11-18,organic,web,"United States",46,Freelancer,NULL,429365
8204425,2023-07-03,affiliate,android,"United States",38,"Small Business Owner",NULL,275203
8204776,2024-12-03,social,android,"United States",19,Retired,NULL,378167
8205547,2024-01-20,paid_search,ios,Germany,38,"Marketing Manager",NULL,421879
8208387,2023-08-16,organic,web,Australia,19,Unemployed,NULL,NULL
8210547,2024-07-02,organic,ios,"United States",40,"Software Engineer",NULL,NULL
8211179,2024-04-24,referral,ios,Australia,28,"Sales Rep",Employee,NULL
8214615,2024-10-01,organic,ios,"United States",37,Student,NULL,NULL
8214938,2024-07-22,organic,web,"United Kingdom",20,Nurse,NULL,NULL
8215409,2024-12-12,paid_search,ios,"United States",40,"Marketing Manager",NULL,771155
8217037,2024-07-01,social,ios,"United States",29,Consultant,NULL,465838
8219155,2023-11-15,organic,ios,"United States",29,"Software Engineer",NULL,NULL
8221352,2024-05-16,paid_search,ios,"United States",63,Accountant,NULL,818315
8221626,2024-03-23,affiliate,ios,India,32,Nurse,NULL,221958
8224589,2024-05-23,organic,web,Canada,27,Consultant,NULL,429365
8225593,2024-11-01,paid_search,android,"United States",39,Student,NULL,141090
8226585,2023-01-27,paid_search,ios,"United States",52,"Software Engineer",NULL,359178
8228119,2023-11-06,organic,android,Mexico,25,Retired,NULL,NULL
8228161,2024-06-20,paid_search,ios,"United Kingdom",25,"Marketing Manager",NULL,818315
8228840,2024-01-31,organic,ios,"United States",37,Freelancer,NULL,NULL
8229039,2024-06-11,affiliate,web,"United States",34,Student,NULL,275203
8230057,2024-05-11,social,android,Nigeria,41,"Marketing Manager",NULL,378167
8232024,2024-02-15,organic,web,Brazil,18,Student,NULL,NULL
8232212,2024-08-24,paid_search,android,"United States",23,Consultant,NULL,187498
8235574,2024-06-27,organic,web,Brazil,31,Nurse,NULL,NULL
8236694,2024-07-02,organic,ios,"United States",34,"Small Business Owner",NULL,NULL
8237310,2023-10-27,organic,android,Canada,31,Teacher,NULL,NULL
8238225,2024-08-07,organic,web,Philippines,44,Retired,NULL,NULL
8238987,2023-11-29,social,ios,Philippines,31,Teacher,NULL,378167
8239914,2023-12-21,paid_search,web,Brazil,38,"Software Engineer",NULL,421879
8240947,2024-03-05,social,ios,Australia,31,"Software Engineer",NULL,378167
8242447,2023-11-08,affiliate,android,India,26,"Small Business Owner",NULL,275203
8245136,2024-05-08,referral,android,"United Kingdom",39,Consultant,"Existing Customer",NULL
8246813,2024-03-02,referral,android,India,18,Unemployed,"Community Forum",NULL
8248730,2024-11-30,affiliate,android,Philippines,26,"Small Business Owner",NULL,210268
8249127,2024-07-09,referral,web,Australia,35,Retired,"Community Forum",NULL
8249433,2024-12-06,social,web,"United States",19,Nurse,NULL,465838
8249903,2024-09-23,organic,web,Philippines,47,"Small Business Owner",NULL,NULL
8250569,2024-01-08,organic,ios,Mexico,53,Retired,NULL,NULL
8252270,2024-10-13,affiliate,ios,"United States",34,"Software Engineer",NULL,832180
8253817,2023-11-11,affiliate,web,Philippines,34,Teacher,NULL,221958
8256300,2024-01-02,organic,web,India,23,Nurse,NULL,NULL
8258746,2024-05-06,organic,ios,Philippines,22,"Marketing Manager",NULL,NULL
8260219,2024-11-29,social,ios,Brazil,35,Teacher,NULL,465838
8261511,2024-08-20,organic,ios,"United States",48,Consultant,NULL,NULL
8265406,2024-06-13,organic,web,"United States",31,Accountant,NULL,NULL
8265760,2023-12-21,organic,web,"United States",37,Teacher,NULL,NULL
8265795,2024-05-05,social,ios,Canada,26,Student,NULL,465838
8267807,2024-04-05,social,ios,"United States",25,"Marketing Manager",NULL,378167
8269623,2024-10-22,organic,ios,Brazil,42,"Marketing Manager",NULL,NULL
8270518,2023-12-01,affiliate,android,Brazil,34,"Software Engineer",NULL,291335
8271476,2024-04-05,affiliate,web,"United Kingdom",42,Consultant,NULL,832180
8272003,2024-01-30,paid_search,android,"United States",18,Retired,NULL,421879
8273820,2023-12-25,paid_search,web,Canada,22,Unemployed,NULL,771155
8274324,2024-03-16,organic,android,Mexico,42,"Software Engineer",NULL,NULL
8276281,2024-07-27,organic,web,"United States",31,Unemployed,NULL,429365
8277186,2024-09-14,organic,ios,"United Kingdom",32,"Marketing Manager",NULL,NULL
8279995,2023-08-26,social,ios,India,51,Consultant,NULL,465838
8281505,2023-09-07,organic,web,"United States",35,Unemployed,NULL,NULL
8283377,2024-01-21,paid_search,web,Australia,36,Consultant,NULL,154886
8284268,2024-02-21,affiliate,android,"United States",44,Retired,NULL,832180
8284953,2024-01-15,organic,android,Philippines,38,Teacher,NULL,NULL
8285387,2024-10-25,paid_search,ios,"United States",28,Accountant,NULL,771155
8285880,2023-08-27,affiliate,web,"United States",30,Retired,NULL,210268
8288538,2024-12-19,organic,android,Mexico,34,Teacher,NULL,NULL
8290213,2023-12-15,organic,ios,Philippines,51,Freelancer,NULL,429365
8291916,2024-12-09,affiliate,android,"United States",34,Nurse,NULL,887201
8292306,2023-12-05,paid_search,web,"United States",43,"Marketing Manager",NULL,771155
8292496,2023-11-10,organic,android,Brazil,30,Retired,NULL,NULL
8293708,2024-07-17,paid_search,ios,Australia,32,Student,NULL,154886
8296405,2024-10-11,referral,web,Philippines,56,Teacher,"Existing Customer",NULL
8296991,2024-09-01,social,web,Mexico,23,Freelancer,NULL,378167
8297050,2024-03-06,organic,ios,Philippines,45,"Marketing Manager",NULL,NULL
8297881,2023-09-21,organic,web,India,18,"Small Business Owner",NULL,999159
8299243,2024-03-02,referral,web,India,37,"Small Business Owner","Community Forum",NULL
8299695,2024-09-16,organic,android,"United States",27,Retired,NULL,NULL
8300259,2023-08-18,affiliate,web,Brazil,45,Retired,NULL,832180
8301078,2024-10-20,paid_search,ios,Australia,36,Student,NULL,154886
8303398,2024-02-20,paid_search,android,"United States",56,Accountant,NULL,818315
8303667,2024-08-31,affiliate,android,Germany,42,Nurse,NULL,744167
8303693,2024-05-17,affiliate,android,Canada,36,Student,NULL,832180
8304000,2024-07-03,organic,ios,India,32,Teacher,NULL,NULL
8310108,2024-04-07,paid_search,web,Germany,31,Student,NULL,237337
8311460,2023-10-03,organic,web,"United States",38,Student,NULL,429365
8312203,2023-09-07,affiliate,ios,"United States",36,Nurse,NULL,231932
8313184,2024-07-16,social,android,"United Kingdom",36,"Software Engineer",NULL,378167
8313367,2024-01-11,affiliate,web,"United States",39,Nurse,NULL,887201
8313834,2024-05-09,referral,web,"United States",18,Retired,"Community Forum",NULL
8313861,2024-08-27,organic,web,"United States",32,Nurse,NULL,NULL
8314153,2024-12-27,organic,web,"United States",35,Unemployed,NULL,NULL
8314895,2024-09-06,paid_search,android,"United States",41,"Software Engineer",NULL,421879
8315360,2023-07-16,social,web,Brazil,18,Retired,NULL,465838
8315436,2023-12-03,social,web,"United States",25,"Marketing Manager",NULL,465838
8315664,2024-01-24,paid_search,ios,Canada,35,Student,NULL,164820
8315830,2024-01-07,affiliate,ios,"United Kingdom",18,"Marketing Manager",NULL,221958
8316359,2024-03-19,social,android,"United States",20,Nurse,NULL,465838
8317619,2024-11-12,social,web,"United States",18,Accountant,NULL,378167
8318898,2024-10-24,organic,ios,"United States",26,Freelancer,NULL,NULL
8319764,2024-06-12,social,web,Brazil,50,Consultant,NULL,378167
8320583,2024-02-28,social,android,Germany,26,Nurse,NULL,378167
8321105,2024-08-12,affiliate,android,"United Kingdom",35,"Sales Rep",NULL,832180
8322153,2024-11-20,social,web,Germany,41,"Small Business Owner",NULL,378167
8322933,2024-01-11,referral,android,"United States",18,"Software Engineer",Employee,NULL
8323494,2024-04-27,organic,web,"United States",41,"Marketing Manager",NULL,999159
8323777,2023-05-22,referral,android,Canada,23,Teacher,"Existing Customer",NULL
8323988,2024-09-15,social,ios,"United States",18,Unemployed,NULL,465838
8324222,2024-08-28,organic,android,"United Kingdom",54,Consultant,NULL,NULL
8326434,2024-07-26,affiliate,web,"United States",41,Nurse,NULL,231932
8328141,2024-10-05,organic,android,Nigeria,35,Student,NULL,NULL
8330292,2024-09-21,organic,web,"United States",56,"Sales Rep",NULL,NULL
8330395,2024-11-09,paid_search,ios,Mexico,60,Consultant,NULL,154886
8331006,2024-11-19,affiliate,web,Mexico,35,Freelancer,NULL,231932
8334291,2023-12-24,organic,ios,Mexico,24,Freelancer,NULL,NULL
8334901,2024-08-26,social,web,"United Kingdom",51,"Software Engineer",NULL,465838
8336302,2024-06-17,referral,ios,Brazil,66,Freelancer,"Community Forum",NULL
8337694,2024-03-13,paid_search,ios,Mexico,28,"Sales Rep",NULL,771155
8337895,2024-04-02,organic,android,"United States",31,"Small Business Owner",NULL,NULL
8339838,2024-09-26,affiliate,web,Philippines,24,"Small Business Owner",NULL,231932
8343728,2024-06-03,affiliate,web,Nigeria,49,Retired,NULL,291335
8346562,2024-04-10,organic,web,Australia,46,"Small Business Owner",NULL,NULL
8347000,2023-11-02,organic,android,"United States",32,Nurse,NULL,NULL
8347689,2024-11-08,paid_search,ios,"United States",33,Teacher,NULL,359178
8348340,2024-09-15,organic,android,Canada,31,Student,NULL,NULL
8349369,2024-11-22,paid_search,android,"United States",29,Student,NULL,771155
8349953,2023-05-18,organic,ios,India,31,Retired,NULL,NULL
8351548,2023-06-25,paid_search,web,Mexico,29,Unemployed,NULL,818315
8352132,2023-12-04,social,web,"United States",30,"Sales Rep",NULL,378167
8352207,2023-04-13,social,ios,Mexico,39,"Marketing Manager",NULL,378167
8352245,2024-09-05,organic,web,"United States",36,Freelancer,NULL,NULL
8353172,2023-09-10,paid_search,web,Canada,33,Accountant,NULL,237337
8354292,2024-03-13,organic,ios,"United Kingdom",34,Unemployed,NULL,NULL
8354421,2024-08-26,social,web,Germany,32,Consultant,NULL,378167
8355566,2024-11-19,organic,ios,Canada,38,"Small Business Owner",NULL,NULL
8355740,2024-10-21,organic,android,Germany,48,"Marketing Manager",NULL,NULL
8356061,2024-06-11,social,web,"United States",34,Nurse,NULL,378167
8356943,2024-05-20,organic,web,Brazil,53,Retired,NULL,NULL
8357804,2024-12-30,affiliate,ios,"United States",31,Accountant,NULL,221958
8358862,2024-11-01,affiliate,ios,"United States",18,Unemployed,NULL,210268
8359055,2024-11-20,organic,ios,"United States",48,"Small Business Owner",NULL,NULL
8359201,2024-10-16,affiliate,ios,Philippines,27,Accountant,NULL,744167
8359659,2023-06-23,organic,web,Germany,51,"Marketing Manager",NULL,NULL
8360401,2024-08-11,paid_search,ios,Canada,22,Freelancer,NULL,187498
8363280,2024-11-18,social,ios,"United States",33,Nurse,NULL,465838
8364386,2024-05-14,organic,web,Brazil,25,"Small Business Owner",NULL,NULL
8364534,2024-08-05,organic,ios,Philippines,38,"Sales Rep",NULL,NULL
8364732,2024-10-23,organic,android,Nigeria,53,"Marketing Manager",NULL,NULL
8365624,2024-09-17,organic,web,"United States",39,Nurse,NULL,NULL
8366604,2024-08-28,paid_search,ios,Mexico,26,Unemployed,NULL,141090
8367664,2024-02-18,affiliate,web,"United States",30,Nurse,NULL,275203
8369434,2024-03-09,paid_search,android,Philippines,25,Accountant,NULL,771155
8370131,2024-12-14,paid_search,web,"United Kingdom",43,Student,NULL,621430
8370683,2024-08-26,paid_search,ios,"United States",18,Accountant,NULL,771155
8371858,2024-12-10,referral,ios,India,18,Freelancer,"Partner App",NULL
8372801,2023-06-05,paid_search,android,Mexico,25,"Marketing Manager",NULL,164820
8373356,2024-08-01,organic,ios,"United States",30,Student,NULL,NULL
8373372,2024-05-20,affiliate,ios,Brazil,40,Student,NULL,887201
8374592,2024-01-05,affiliate,web,Germany,41,"Small Business Owner",NULL,210268
8374626,2024-02-11,affiliate,web,"United States",28,Retired,NULL,744167
8376519,2024-09-03,paid_search,ios,India,25,Unemployed,NULL,237337
8377426,2024-06-30,organic,web,Philippines,35,Unemployed,NULL,NULL
8379933,2024-08-18,organic,web,"United States",50,Freelancer,NULL,NULL
8381740,2024-08-05,organic,web,"United States",33,Accountant,NULL,999159
8382003,2024-04-25,affiliate,web,"United States",33,"Software Engineer",NULL,210268
8385034,2024-06-08,paid_search,web,"United Kingdom",42,"Sales Rep",NULL,771155
8386133,2024-09-17,paid_search,ios,Canada,36,Unemployed,NULL,771155
8389434,2024-02-05,social,ios,"United States",27,"Small Business Owner",NULL,465838
8389844,2024-02-22,social,ios,Germany,31,"Small Business Owner",NULL,378167
8392053,2024-01-17,affiliate,ios,Philippines,31,Accountant,NULL,221958
8392367,2024-11-04,organic,ios,Canada,33,Accountant,NULL,NULL
8393979,2024-10-06,affiliate,ios,Mexico,20,Nurse,NULL,275203
8395350,2024-08-19,organic,ios,"United States",26,Nurse,NULL,NULL
8395511,2024-05-27,organic,ios,"United States",41,Consultant,NULL,NULL
8395873,2023-06-07,social,android,"United States",30,Student,NULL,465838
8396665,2024-02-02,paid_search,web,Mexico,56,Freelancer,NULL,818315
8397228,2024-10-10,organic,ios,Philippines,50,Accountant,NULL,NULL
8399839,2024-02-02,organic,ios,"United States",25,"Software Engineer",NULL,999159
8402324,2024-07-30,social,ios,"United States",29,"Marketing Manager",NULL,465838
8402731,2024-03-30,affiliate,web,"United States",38,Freelancer,NULL,231932
8406465,2024-05-30,paid_search,web,Philippines,55,Teacher,NULL,237337
8410825,2023-09-05,paid_search,android,"United States",45,Unemployed,NULL,818315
8411979,2023-08-31,paid_search,web,"United States",31,"Sales Rep",NULL,164820
8412620,2023-12-16,organic,web,"United States",32,Retired,NULL,429365
8413023,2024-02-11,affiliate,web,"United States",43,"Marketing Manager",NULL,291335
8413718,2024-04-03,paid_search,web,"United States",18,Nurse,NULL,359178
8414440,2024-09-04,organic,web,"United States",27,Teacher,NULL,NULL
8415745,2024-02-18,affiliate,android,Canada,39,"Marketing Manager",NULL,887201
8415871,2024-04-24,organic,android,Australia,42,Unemployed,NULL,999159
8416240,2023-11-25,paid_search,ios,Canada,41,"Software Engineer",NULL,359178
8416510,2024-02-29,paid_search,web,"United States",43,Teacher,NULL,237337
8417874,2024-01-13,organic,android,Germany,34,Unemployed,NULL,NULL
8420105,2023-07-23,paid_search,web,"United States",19,Nurse,NULL,154886
8421289,2023-04-07,affiliate,android,Canada,43,Accountant,NULL,744167
8421473,2024-03-22,referral,android,India,35,Consultant,Employee,NULL
8422212,2024-09-12,referral,android,"United States",43,"Marketing Manager",Employee,NULL
8422235,2024-10-19,paid_search,web,Germany,26,Retired,NULL,359178
8422244,2024-12-09,social,ios,Germany,42,Student,NULL,378167
8426187,2024-08-21,organic,web,"United States",58,"Sales Rep",NULL,NULL
8426263,2024-12-02,paid_search,android,Philippines,21,Retired,NULL,421879
8427210,2024-02-12,organic,web,Philippines,18,Student,NULL,NULL
8427297,2023-11-10,organic,web,Philippines,34,Retired,NULL,NULL
8429645,2024-06-10,organic,web,Australia,22,Consultant,NULL,NULL
8430747,2024-01-19,social,ios,"United States",50,Teacher,NULL,465838
8432300,2024-07-22,affiliate,ios,"United Kingdom",26,"Sales Rep",NULL,291335
8433296,2024-01-12,organic,android,"United States",25,Teacher,NULL,999159
8433533,2024-07-10,affiliate,ios,Canada,42,Accountant,NULL,887201
8433976,2024-08-24,paid_search,ios,Canada,32,"Software Engineer",NULL,621430
8433980,2024-02-21,organic,ios,Mexico,21,Student,NULL,NULL
8435697,2023-07-20,referral,ios,Canada,34,"Software Engineer",Employee,NULL
8436754,2024-09-05,social,ios,Mexico,36,"Sales Rep",NULL,465838
8437693,2024-12-21,paid_search,ios,"United Kingdom",34,"Sales Rep",NULL,621430
8438096,2023-02-10,paid_search,web,Nigeria,47,Teacher,NULL,154886
8439103,2024-04-25,organic,ios,Germany,41,Teacher,NULL,NULL
8440449,2024-10-28,paid_search,ios,"United States",30,"Sales Rep",NULL,771155
8441521,2024-11-06,social,android,"United States",50,Unemployed,NULL,465838
8441537,2023-05-04,paid_search,android,Australia,35,Retired,NULL,187498
8442510,2024-09-08,organic,ios,India,40,Consultant,NULL,NULL
8446153,2024-10-11,affiliate,web,"United States",26,Unemployed,NULL,744167
8446633,2024-11-14,affiliate,web,Mexico,39,"Sales Rep",NULL,832180
8449194,2024-01-04,referral,ios,Nigeria,36,"Software Engineer","Community Forum",NULL
8449607,2023-06-10,social,web,India,19,Consultant,NULL,378167
8451062,2024-04-26,organic,ios,India,47,"Software Engineer",NULL,NULL
8451747,2024-09-03,social,ios,"United Kingdom",28,Accountant,NULL,378167
8453659,2023-11-02,organic,ios,Mexico,47,Accountant,NULL,NULL
8456688,2024-08-13,organic,web,Philippines,21,Nurse,NULL,999159
8456985,2023-09-10,affiliate,ios,Brazil,36,Teacher,NULL,231932
8457918,2024-03-30,organic,web,Canada,48,"Software Engineer",NULL,NULL
8458136,2024-01-16,affiliate,web,"United States",40,Retired,NULL,291335
8458403,2024-02-07,social,web,"United States",29,Nurse,NULL,378167
8463131,2023-06-12,paid_search,web,Mexico,35,"Small Business Owner",NULL,359178
8465106,2024-11-12,organic,web,"United States",35,Student,NULL,NULL
8465373,2023-08-28,paid_search,web,Canada,20,"Small Business Owner",NULL,359178
8466027,2023-12-19,affiliate,ios,"United Kingdom",41,Consultant,NULL,291335
8466511,2024-06-07,social,ios,Philippines,28,"Software Engineer",NULL,378167
8466897,2024-12-17,paid_search,web,"United States",21,Freelancer,NULL,164820
8467048,2023-12-02,organic,android,Mexico,39,"Sales Rep",NULL,NULL
8467133,2024-02-16,organic,ios,"United States",28,Freelancer,NULL,NULL
8467866,2024-02-01,organic,android,Brazil,18,Nurse,NULL,NULL
8468810,2024-09-02,organic,android,Germany,32,Retired,NULL,NULL
8470396,2024-10-15,paid_search,web,"United States",26,Student,NULL,154886
8473915,2024-12-19,social,web,India,22,Nurse,NULL,465838
8474447,2024-10-10,organic,ios,Germany,46,Freelancer,NULL,NULL
8479816,2023-06-02,social,web,Mexico,36,"Software Engineer",NULL,465838
8479821,2024-08-30,organic,android,India,18,"Software Engineer",NULL,NULL
8483058,2024-12-24,affiliate,android,India,40,Nurse,NULL,210268
8486327,2024-10-11,referral,web,"United Kingdom",39,"Small Business Owner","Existing Customer",NULL
8487345,2024-11-04,organic,web,"United Kingdom",18,Consultant,NULL,NULL
8490200,2024-09-08,social,android,India,43,Freelancer,NULL,465838
8490291,2024-03-01,organic,ios,"United States",45,"Marketing Manager",NULL,NULL
8493971,2024-08-26,organic,android,"United States",24,"Small Business Owner",NULL,NULL
8495095,2024-09-20,organic,web,"United States",29,Teacher,NULL,NULL
8496110,2024-05-22,organic,android,Canada,35,Unemployed,NULL,NULL
8496121,2024-03-26,organic,ios,"United States",56,Unemployed,NULL,NULL
8496196,2024-08-07,affiliate,web,"United States",24,Accountant,NULL,887201
8496287,2024-12-21,affiliate,web,"United Kingdom",24,"Software Engineer",NULL,291335
8499043,2023-05-22,organic,android,India,44,"Software Engineer",NULL,NULL
8499066,2023-08-10,organic,web,"United States",41,Teacher,NULL,NULL
8499412,2024-11-28,organic,android,"United States",20,"Software Engineer",NULL,NULL
8500960,2024-06-21,social,android,India,19,"Software Engineer",NULL,465838
8503276,2023-05-30,organic,ios,Brazil,28,Student,NULL,NULL
8503416,2024-07-17,paid_search,ios,"United States",28,Nurse,NULL,164820
8503888,2024-01-17,social,android,"United States",38,"Sales Rep",NULL,378167
8504361,2023-10-27,affiliate,web,Canada,41,Nurse,NULL,291335
8505191,2023-10-07,social,android,"United States",23,Freelancer,NULL,465838
8506161,2023-12-01,organic,android,"United Kingdom",24,Consultant,NULL,NULL
8507324,2023-07-08,social,ios,Australia,28,"Sales Rep",NULL,378167
8514782,2024-01-16,paid_search,ios,Germany,31,Freelancer,NULL,141090
8516669,2024-04-21,referral,ios,Australia,48,Teacher,"Existing Customer",NULL
8517201,2024-05-22,organic,web,Mexico,31,Consultant,NULL,NULL
8517475,2024-08-23,referral,android,India,28,Student,"Existing Customer",NULL
8517750,2024-11-30,affiliate,web,India,60,Nurse,NULL,221958
8517836,2024-08-24,paid_search,web,"United States",34,"Software Engineer",NULL,187498
8518162,2024-11-05,organic,web,India,31,"Software Engineer",NULL,NULL
8518933,2024-08-29,affiliate,android,India,20,Retired,NULL,221958
8519817,2024-09-15,organic,android,Philippines,37,Teacher,NULL,NULL
8524132,2024-08-08,organic,web,Canada,33,"Small Business Owner",NULL,999159
8527837,2023-05-12,affiliate,web,Philippines,48,Student,NULL,275203
8527872,2023-09-09,referral,android,"United States",29,"Software Engineer","Existing Customer",NULL
8530577,2024-04-04,paid_search,android,Canada,42,Student,NULL,421879
8531844,2024-06-12,social,web,"United Kingdom",46,"Sales Rep",NULL,465838
8532351,2024-11-14,paid_search,web,Mexico,38,Freelancer,NULL,164820
8534504,2024-04-28,organic,android,"United States",27,"Sales Rep",NULL,NULL
8536324,2024-01-12,paid_search,web,"United States",42,Retired,NULL,359178
8536765,2023-09-25,social,android,Canada,40,"Small Business Owner",NULL,465838
8536968,2024-04-26,referral,ios,"United States",66,Retired,"Partner App",NULL
8537165,2024-09-01,affiliate,ios,India,33,Accountant,NULL,231932
8537330,2024-05-21,organic,web,India,33,"Small Business Owner",NULL,NULL
8537812,2024-11-15,paid_search,web,"United States",40,Freelancer,NULL,154886
8539769,2024-11-28,paid_search,web,"United States",26,Student,NULL,164820
8541586,2024-08-16,affiliate,android,"United Kingdom",27,Consultant,NULL,744167
8541714,2023-09-09,social,web,India,35,"Small Business Owner",NULL,378167
8542242,2024-06-30,affiliate,android,"United States",42,"Small Business Owner",NULL,231932
8542535,2024-04-11,organic,ios,"United States",28,Nurse,NULL,NULL
8543159,2024-08-01,paid_search,android,"United States",40,Retired,NULL,421879
8544022,2023-03-22,social,android,"United Kingdom",49,Unemployed,NULL,465838
8545189,2024-05-20,social,web,"United States",18,Teacher,NULL,465838
8547881,2024-08-25,organic,web,"United Kingdom",49,Accountant,NULL,NULL
8551989,2024-10-13,paid_search,web,Canada,25,"Marketing Manager",NULL,187498
8552975,2024-04-09,paid_search,web,"United States",36,"Sales Rep",NULL,141090
8553925,2024-07-08,paid_search,ios,"United States",19,Student,NULL,771155
8553974,2024-09-01,organic,ios,Germany,43,"Software Engineer",NULL,NULL
8554159,2024-01-30,organic,web,"United Kingdom",41,"Software Engineer",NULL,NULL
8556142,2024-02-11,paid_search,web,Canada,47,Nurse,NULL,187498
8556855,2023-05-11,affiliate,ios,Canada,20,Nurse,NULL,744167
8557065,2023-08-28,organic,web,Brazil,22,Nurse,NULL,NULL
8557260,2024-07-22,affiliate,web,"United States",18,Retired,NULL,231932
8557773,2024-10-29,paid_search,web,"United States",36,"Marketing Manager",NULL,187498
8557845,2024-12-16,organic,ios,"United Kingdom",47,Student,NULL,NULL
8557944,2023-12-13,paid_search,web,"United Kingdom",29,"Small Business Owner",NULL,771155
8559012,2024-09-20,paid_search,web,"United States",23,Accountant,NULL,154886
8561743,2023-04-16,social,android,Brazil,38,"Sales Rep",NULL,378167
8562116,2023-03-21,organic,ios,"United States",52,Accountant,NULL,NULL
8562160,2024-12-10,paid_search,ios,Canada,37,"Sales Rep",NULL,818315
8562635,2024-06-21,organic,web,Mexico,40,Teacher,NULL,NULL
8563493,2023-12-01,social,web,Germany,65,Accountant,NULL,465838
8565991,2024-07-01,paid_search,android,"United States",25,Teacher,NULL,621430
8567476,2023-12-10,organic,web,"United States",50,Student,NULL,NULL
8568370,2024-05-13,social,android,Mexico,26,Teacher,NULL,378167
8568538,2024-03-21,paid_search,ios,Canada,58,"Small Business Owner",NULL,187498
8570095,2024-09-16,organic,web,Mexico,18,"Marketing Manager",NULL,NULL
8574587,2024-12-25,organic,ios,Brazil,36,Student,NULL,NULL
8575327,2024-09-03,paid_search,android,"United States",18,Teacher,NULL,621430
8576126,2024-06-11,affiliate,ios,"United States",48,"Software Engineer",NULL,744167
8576472,2024-08-23,organic,web,"United States",25,"Marketing Manager",NULL,NULL
8578689,2023-09-17,affiliate,android,Philippines,27,Nurse,NULL,275203
8578729,2024-11-14,paid_search,android,"United Kingdom",39,"Marketing Manager",NULL,818315
8579751,2024-05-27,organic,web,"United States",18,Accountant,NULL,NULL
8581002,2024-10-12,paid_search,ios,Canada,45,Freelancer,NULL,164820
8583354,2024-11-14,organic,web,Philippines,48,Nurse,NULL,NULL
8583491,2024-12-02,organic,android,"United Kingdom",25,Unemployed,NULL,NULL
8585153,2023-06-06,affiliate,web,"United States",41,"Marketing Manager",NULL,275203
8585159,2024-09-27,organic,ios,"United States",40,Accountant,NULL,NULL
8586288,2024-04-09,referral,web,Australia,44,"Software Engineer",Employee,NULL
8586544,2023-07-24,organic,web,"United Kingdom",41,"Small Business Owner",NULL,NULL
8586725,2024-12-29,referral,ios,Canada,42,Freelancer,"Community Forum",NULL
8587145,2024-05-23,referral,web,"United States",39,Freelancer,Employee,NULL
8587676,2023-08-29,paid_search,web,India,51,"Small Business Owner",NULL,154886
8587768,2024-12-14,referral,web,"United States",41,Student,Employee,NULL
8587973,2024-04-16,organic,ios,Canada,32,Retired,NULL,NULL
8588173,2023-11-11,organic,web,"United States",40,"Sales Rep",NULL,NULL
8593548,2023-06-27,organic,android,Nigeria,39,"Small Business Owner",NULL,NULL
8594378,2023-12-28,organic,web,Mexico,36,Retired,NULL,NULL
8594825,2024-05-24,organic,ios,"United States",18,Student,NULL,999159
8594902,2024-03-18,referral,android,"United Kingdom",27,"Small Business Owner",Employee,NULL
8595853,2023-11-26,referral,ios,"United States",54,Student,"Partner App",NULL
8595959,2024-07-17,paid_search,ios,"United States",24,"Software Engineer",NULL,421879
8596537,2024-10-27,paid_search,web,"United States",27,Freelancer,NULL,771155
8596585,2024-05-31,social,web,"United States",32,Teacher,NULL,378167
8596713,2023-04-21,social,web,"United States",32,"Sales Rep",NULL,378167
8597626,2024-12-11,organic,ios,Canada,21,Freelancer,NULL,429365
8599600,2024-12-03,paid_search,android,Germany,47,Student,NULL,141090
8601709,2024-11-24,organic,ios,"United States",41,Unemployed,NULL,NULL
8601723,2024-01-03,social,ios,Brazil,28,Nurse,NULL,465838
8601748,2024-10-29,organic,web,Australia,49,Student,NULL,NULL
8602242,2024-11-24,affiliate,ios,"United States",34,"Marketing Manager",NULL,210268
8603876,2024-07-06,organic,android,Germany,51,Retired,NULL,NULL
8604323,2024-09-25,paid_search,ios,"United States",52,"Software Engineer",NULL,141090
8605502,2024-12-12,organic,web,Canada,24,Accountant,NULL,NULL
8605503,2023-11-11,affiliate,web,Mexico,27,Nurse,NULL,275203
8608965,2024-01-27,organic,ios,"United Kingdom",35,Freelancer,NULL,NULL
8609387,2024-12-28,social,android,Nigeria,47,"Marketing Manager",NULL,465838
8609420,2024-07-01,paid_search,ios,Brazil,26,Consultant,NULL,164820
8609964,2023-12-13,paid_search,ios,Canada,39,"Marketing Manager",NULL,771155
8611432,2024-12-21,organic,web,India,34,"Marketing Manager",NULL,NULL
8613269,2024-12-09,paid_search,android,Mexico,20,Nurse,NULL,818315
8613287,2024-10-09,paid_search,web,India,20,"Marketing Manager",NULL,141090
8613312,2024-04-08,affiliate,web,"United States",45,Nurse,NULL,210268
8614896,2024-12-18,paid_search,android,India,34,Student,NULL,421879
8620958,2023-12-24,social,web,"United States",22,"Marketing Manager",NULL,465838
8622520,2024-04-15,affiliate,web,"United Kingdom",42,"Small Business Owner",NULL,275203
8622611,2024-07-31,paid_search,web,India,39,"Sales Rep",NULL,621430
8627339,2024-08-19,organic,web,"United Kingdom",18,Consultant,NULL,NULL
8627742,2024-10-10,organic,web,Canada,28,Nurse,NULL,429365
8630725,2024-06-16,affiliate,ios,"United Kingdom",40,"Software Engineer",NULL,275203
8632285,2024-12-16,paid_search,ios,Philippines,26,Teacher,NULL,141090
8632738,2024-11-08,organic,web,"United States",19,Retired,NULL,NULL
8632749,2024-07-13,organic,ios,"United States",39,"Software Engineer",NULL,NULL
8635836,2024-12-22,social,android,"United States",18,Consultant,NULL,465838
8636805,2024-07-05,organic,ios,Germany,22,"Marketing Manager",NULL,NULL
8637174,2023-09-29,organic,web,Philippines,32,Consultant,NULL,NULL
8637547,2023-06-27,social,ios,"United States",54,Nurse,NULL,378167
8638483,2024-09-15,organic,ios,"United States",41,Retired,NULL,NULL
8639214,2024-02-22,social,ios,"United States",18,"Software Engineer",NULL,465838
8639298,2023-11-04,paid_search,web,"United States",22,Nurse,NULL,359178
8639377,2024-01-29,organic,ios,Australia,41,Consultant,NULL,NULL
8640167,2024-10-13,affiliate,web,Canada,29,"Marketing Manager",NULL,744167
8640888,2023-12-17,paid_search,android,"United Kingdom",41,"Software Engineer",NULL,818315
8642139,2024-10-29,paid_search,android,Philippines,34,Nurse,NULL,818315
8643374,2023-11-30,organic,ios,"United States",45,Consultant,NULL,NULL
8643603,2024-07-28,referral,android,Australia,45,"Small Business Owner","Community Forum",NULL
8645195,2024-06-21,affiliate,web,Philippines,34,Freelancer,NULL,275203
8646638,2024-06-06,affiliate,ios,"United States",30,"Small Business Owner",NULL,221958
8648392,2024-11-29,social,web,Canada,31,Student,NULL,378167
8650961,2024-09-14,organic,android,"United States",34,Unemployed,NULL,NULL
8652126,2024-02-27,social,web,"United Kingdom",48,Teacher,NULL,378167
8654502,2023-10-13,social,ios,India,45,Accountant,NULL,378167
8654909,2023-11-27,organic,ios,India,25,"Marketing Manager",NULL,NULL
8656495,2024-07-09,social,web,"United States",39,"Small Business Owner",NULL,465838
8658206,2024-06-19,organic,ios,Canada,46,Unemployed,NULL,429365
8658426,2023-12-15,organic,ios,India,47,Freelancer,NULL,429365
8659564,2024-11-12,organic,ios,"United States",29,"Marketing Manager",NULL,NULL
8659791,2024-08-15,organic,web,Philippines,30,Consultant,NULL,NULL
8660064,2024-04-01,organic,web,Canada,26,"Software Engineer",NULL,NULL
8660678,2023-08-05,organic,ios,"United States",26,Retired,NULL,429365
8663589,2024-03-28,affiliate,ios,India,37,Consultant,NULL,231932
8663998,2024-06-30,paid_search,web,Brazil,30,Retired,NULL,187498
8667105,2024-11-11,social,ios,"United States",34,Unemployed,NULL,465838
8667857,2024-01-17,paid_search,web,Germany,54,Student,NULL,359178
8668216,2024-02-19,paid_search,android,"United Kingdom",44,Student,NULL,359178
8669510,2024-11-21,social,ios,"United States",19,"Marketing Manager",NULL,465838
8673919,2024-04-05,organic,web,"United Kingdom",33,Consultant,NULL,NULL
8676431,2023-11-20,organic,android,"United States",47,Nurse,NULL,NULL
8678073,2024-08-02,organic,ios,"United States",29,Retired,NULL,999159
8681556,2024-03-20,organic,web,Mexico,26,"Small Business Owner",NULL,NULL
8683647,2023-06-14,organic,ios,Canada,29,Nurse,NULL,NULL
8684365,2023-03-17,affiliate,ios,"United States",41,Nurse,NULL,275203
8685727,2024-06-04,referral,web,Mexico,18,Accountant,"Community Forum",NULL
8685815,2024-02-04,paid_search,web,India,47,Consultant,NULL,621430
8686281,2024-06-09,paid_search,web,Mexico,57,Consultant,NULL,359178
8686841,2024-08-31,affiliate,android,"United States",48,Freelancer,NULL,887201
8687268,2024-05-02,affiliate,web,Canada,46,"Marketing Manager",NULL,832180
8687331,2024-06-05,organic,ios,"United States",18,Nurse,NULL,NULL
8688659,2023-11-03,organic,ios,Philippines,34,"Marketing Manager",NULL,NULL
8689205,2023-07-17,organic,web,"United States",23,"Software Engineer",NULL,NULL
8689262,2024-02-23,paid_search,android,Canada,32,Accountant,NULL,621430
8689684,2024-12-19,organic,android,"United States",53,"Software Engineer",NULL,NULL
8689935,2024-05-26,paid_search,web,"United States",29,Accountant,NULL,621430
8689969,2024-04-19,social,ios,"United States",58,"Software Engineer",NULL,465838
8690115,2023-03-21,social,web,Philippines,35,Consultant,NULL,378167
8690840,2024-09-19,affiliate,web,Brazil,18,Unemployed,NULL,291335
8691332,2024-10-12,referral,android,Brazil,42,"Marketing Manager",Employee,NULL
8694420,2024-01-26,paid_search,web,"United States",50,Consultant,NULL,187498
8694867,2024-06-05,social,android,Philippines,48,Accountant,NULL,465838
8695082,2024-03-10,paid_search,ios,"United States",32,Nurse,NULL,771155
8697808,2023-11-10,organic,ios,"United States",36,Retired,NULL,NULL
8698812,2024-10-22,organic,android,Germany,35,"Sales Rep",NULL,NULL
8701516,2024-03-29,affiliate,android,Australia,47,Accountant,NULL,291335
8703189,2023-08-01,organic,web,"United States",25,Teacher,NULL,NULL
8704694,2024-08-30,organic,web,"United States",32,"Marketing Manager",NULL,NULL
8705092,2024-09-15,organic,android,Nigeria,36,Unemployed,NULL,NULL
8706113,2024-01-28,referral,web,Germany,44,Freelancer,"Existing Customer",NULL
8706358,2024-10-04,referral,android,Nigeria,37,Teacher,Employee,NULL
8707690,2024-06-08,paid_search,ios,Nigeria,18,Teacher,NULL,359178
8709019,2024-06-18,organic,android,"United Kingdom",28,Consultant,NULL,429365
8709824,2024-11-29,organic,web,Australia,21,"Sales Rep",NULL,NULL
8710611,2023-09-21,organic,ios,"United States",44,Nurse,NULL,NULL
8711634,2024-12-24,affiliate,android,"United States",24,"Small Business Owner",NULL,275203
8712079,2024-05-21,affiliate,android,"United Kingdom",45,Unemployed,NULL,832180
8716220,2023-08-17,affiliate,web,"United States",32,"Software Engineer",NULL,210268
8716492,2023-10-16,social,android,Australia,27,"Software Engineer",NULL,378167
8716868,2024-06-06,paid_search,web,"United States",36,Freelancer,NULL,771155
8717753,2024-09-04,organic,ios,"United Kingdom",41,Student,NULL,NULL
8718221,2023-07-04,paid_search,ios,"United States",34,"Sales Rep",NULL,237337
8718454,2023-10-23,social,web,"United Kingdom",44,Consultant,NULL,378167
8719585,2024-05-30,paid_search,web,"United States",33,Consultant,NULL,621430
8723047,2024-03-17,paid_search,web,"United States",43,Student,NULL,154886
8724578,2024-03-24,referral,android,"United States",28,"Software Engineer","Partner App",NULL
8724826,2024-12-14,social,android,"United States",32,Unemployed,NULL,378167
8724922,2024-05-29,organic,web,"United States",31,"Software Engineer",NULL,999159
8725166,2023-08-12,organic,web,Nigeria,35,Consultant,NULL,NULL
8725976,2024-06-15,paid_search,ios,"United States",35,"Small Business Owner",NULL,359178
8726360,2024-05-16,referral,android,"United Kingdom",18,"Marketing Manager","Existing Customer",NULL
8726890,2024-09-14,organic,android,India,54,"Small Business Owner",NULL,999159
8727160,2023-06-17,organic,ios,Canada,37,Consultant,NULL,NULL
8729578,2024-01-16,affiliate,web,"United States",38,Freelancer,NULL,210268
8730302,2023-09-21,social,ios,"United Kingdom",28,"Marketing Manager",NULL,465838
8730484,2024-08-06,paid_search,web,Philippines,25,Freelancer,NULL,771155
8731445,2023-10-23,organic,android,Germany,24,"Software Engineer",NULL,429365
8732605,2023-12-26,referral,ios,"United States",39,"Software Engineer","Existing Customer",NULL
8732752,2024-01-05,organic,android,Canada,29,"Small Business Owner",NULL,NULL
8733308,2023-07-26,affiliate,web,"United Kingdom",37,Consultant,NULL,291335
8734102,2023-06-01,social,web,Brazil,32,Freelancer,NULL,465838
8734125,2024-09-12,paid_search,ios,Brazil,39,Consultant,NULL,164820
8736085,2024-10-15,social,ios,Australia,49,"Marketing Manager",NULL,378167
8736484,2024-10-02,paid_search,android,"United States",39,Nurse,NULL,818315
8737777,2024-05-09,paid_search,android,"United Kingdom",22,"Software Engineer",NULL,421879
8738170,2024-11-17,affiliate,ios,"United States",50,"Small Business Owner",NULL,291335
8738667,2024-07-06,organic,android,"United Kingdom",21,Accountant,NULL,NULL
8738672,2023-08-31,social,web,Canada,27,"Small Business Owner",NULL,465838
8738866,2023-04-02,paid_search,android,"United Kingdom",32,Nurse,NULL,421879
8740141,2024-05-18,referral,android,"United States",48,Student,"Partner App",NULL
8740616,2023-01-23,organic,web,"United States",33,Consultant,NULL,NULL
8741986,2024-10-18,paid_search,web,Australia,36,Nurse,NULL,421879
8742237,2024-06-07,social,ios,Mexico,34,Nurse,NULL,378167
8743343,2023-06-05,paid_search,web,Germany,45,"Sales Rep",NULL,771155
8744064,2024-11-18,referral,web,"United Kingdom",42,"Marketing Manager","Existing Customer",NULL
8745269,2024-05-09,affiliate,ios,"United States",37,Retired,NULL,744167
8745863,2023-12-29,organic,web,Australia,25,Accountant,NULL,429365
8747156,2023-10-06,paid_search,web,Philippines,38,"Marketing Manager",NULL,621430
8748408,2024-12-19,organic,web,"United States",22,Consultant,NULL,NULL
8748670,2024-04-10,organic,web,Brazil,27,"Software Engineer",NULL,NULL
8749972,2024-06-16,organic,ios,"United States",47,Retired,NULL,NULL
8750575,2024-03-24,paid_search,web,Germany,58,Freelancer,NULL,818315
8750981,2024-05-20,organic,web,"United States",31,Freelancer,NULL,NULL
8751938,2024-04-07,paid_search,web,"United States",56,Consultant,NULL,237337
8752342,2024-11-16,organic,ios,"United States",18,Unemployed,NULL,NULL
8752950,2024-08-10,affiliate,web,"United States",21,Student,NULL,210268
8753472,2024-04-23,social,android,"United States",35,Student,NULL,378167
8753638,2024-03-02,organic,web,Canada,55,"Sales Rep",NULL,NULL
8757202,2024-07-01,paid_search,ios,"United Kingdom",36,Teacher,NULL,187498
8759080,2023-10-29,affiliate,web,"United States",30,"Sales Rep",NULL,231932
8760004,2023-10-02,social,web,Canada,30,"Software Engineer",NULL,465838
8761850,2024-05-29,referral,android,"United States",41,"Small Business Owner","Partner App",NULL
8764461,2023-10-19,affiliate,android,India,19,Unemployed,NULL,210268
8766074,2024-11-14,organic,web,India,18,"Software Engineer",NULL,NULL
8766824,2024-09-10,paid_search,ios,Brazil,21,"Sales Rep",NULL,818315
8770032,2024-06-25,affiliate,ios,Philippines,51,"Small Business Owner",NULL,887201
8772580,2024-07-22,paid_search,web,"United States",54,Accountant,NULL,164820
8775679,2024-07-09,paid_search,ios,"United Kingdom",34,Retired,NULL,237337
8775872,2024-04-27,affiliate,ios,India,18,Nurse,NULL,221958
8776604,2024-06-08,organic,android,Philippines,44,"Sales Rep",NULL,NULL
8778484,2024-09-10,social,web,Brazil,45,Retired,NULL,465838
8778512,2023-07-11,organic,android,"United States",22,"Marketing Manager",NULL,NULL
8778748,2024-10-27,organic,ios,"United States",42,Retired,NULL,NULL
8779008,2024-11-13,social,web,Canada,29,Consultant,NULL,378167
8780047,2024-10-31,organic,android,"United States",33,"Marketing Manager",NULL,NULL
8782937,2023-04-12,organic,web,Germany,32,Accountant,NULL,NULL
8783874,2024-05-21,social,android,India,22,Unemployed,NULL,378167
8785446,2023-12-08,social,web,India,27,"Sales Rep",NULL,378167
8789573,2023-12-26,organic,web,Mexico,36,"Software Engineer",NULL,NULL
8790574,2023-11-14,organic,ios,Australia,44,Student,NULL,NULL
8792590,2024-12-10,organic,ios,Australia,55,Nurse,NULL,NULL
8793404,2024-07-08,organic,ios,Canada,23,Teacher,NULL,NULL
8793604,2023-12-30,affiliate,android,"United States",35,"Sales Rep",NULL,221958
8795134,2024-11-24,social,ios,Nigeria,46,Unemployed,NULL,378167
8795807,2024-08-12,organic,ios,Mexico,30,"Small Business Owner",NULL,NULL
8796324,2024-11-09,paid_search,ios,"United States",23,Accountant,NULL,818315
8797698,2024-11-09,affiliate,ios,"United States",39,"Sales Rep",NULL,231932
8801402,2024-05-17,organic,android,India,38,Nurse,NULL,NULL
8806421,2024-11-26,organic,web,Canada,41,"Marketing Manager",NULL,NULL
8809006,2024-04-16,paid_search,ios,"United States",36,Teacher,NULL,154886
8814889,2024-10-13,organic,ios,Canada,40,"Marketing Manager",NULL,NULL
8816184,2024-05-26,organic,web,"United States",22,Consultant,NULL,NULL
8817209,2024-08-28,paid_search,web,"United States",18,"Software Engineer",NULL,818315
8817304,2024-10-12,organic,web,"United States",21,Accountant,NULL,NULL
8818114,2024-01-23,paid_search,ios,"United States",28,Nurse,NULL,237337
8818441,2024-01-05,paid_search,web,"United Kingdom",37,Student,NULL,421879
8820707,2024-12-04,organic,ios,"United States",30,Nurse,NULL,NULL
8820783,2024-12-24,organic,ios,"United States",31,Accountant,NULL,NULL
8822636,2024-01-10,organic,android,Australia,30,Unemployed,NULL,NULL
8827494,2024-10-21,organic,android,"United States",39,Retired,NULL,NULL
8827881,2024-12-02,paid_search,ios,"United Kingdom",28,Freelancer,NULL,421879
8831038,2024-07-09,organic,android,"United States",24,Teacher,NULL,NULL
8833276,2023-10-19,paid_search,ios,Brazil,18,"Small Business Owner",NULL,421879
8834112,2024-10-19,social,web,Canada,40,Teacher,NULL,465838
8838941,2024-11-17,paid_search,android,India,38,Student,NULL,771155
8840130,2024-07-19,affiliate,android,Brazil,30,"Software Engineer",NULL,832180
8841640,2023-10-09,social,web,Germany,22,"Software Engineer",NULL,465838
8842680,2024-10-14,affiliate,ios,"United States",57,Teacher,NULL,744167
8843227,2023-11-26,paid_search,android,Germany,38,Freelancer,NULL,187498
8845219,2023-12-01,social,android,"United States",39,Student,NULL,378167
8845772,2023-07-25,referral,web,Canada,38,Retired,Employee,NULL
8845870,2024-04-28,paid_search,android,Canada,26,Retired,NULL,187498
8846613,2023-11-14,social,ios,Germany,18,Retired,NULL,465838
8849453,2023-11-20,affiliate,android,India,40,"Software Engineer",NULL,221958
8851746,2024-11-29,organic,ios,India,40,Consultant,NULL,NULL
8857997,2023-11-25,organic,ios,"United States",18,"Sales Rep",NULL,NULL
8860791,2024-05-02,organic,web,"United Kingdom",33,Accountant,NULL,NULL
8862148,2024-08-03,affiliate,ios,"United States",31,Freelancer,NULL,221958
8863020,2024-02-26,organic,web,Mexico,38,"Software Engineer",NULL,NULL
8863353,2023-05-14,organic,web,"United States",48,"Small Business Owner",NULL,NULL
8863426,2024-12-18,social,web,Philippines,39,Teacher,NULL,465838
8863438,2024-11-11,paid_search,android,"United Kingdom",22,"Marketing Manager",NULL,421879
8864394,2024-07-29,referral,web,"United States",36,Teacher,"Partner App",NULL
8867791,2023-03-11,social,ios,"United States",21,"Marketing Manager",NULL,378167
8867863,2024-07-19,social,web,"United States",18,Unemployed,NULL,378167
8869815,2023-06-07,organic,android,India,38,Unemployed,NULL,NULL
8870907,2023-11-17,organic,web,Australia,32,"Software Engineer",NULL,NULL
8871490,2024-05-12,affiliate,web,Germany,22,Freelancer,NULL,231932
8871917,2024-07-13,organic,web,Canada,18,Unemployed,NULL,NULL
8872277,2024-07-11,paid_search,ios,"United States",33,Nurse,NULL,421879
8873491,2024-12-11,affiliate,android,India,36,Unemployed,NULL,887201
8873692,2024-12-10,organic,android,"United Kingdom",30,Accountant,NULL,NULL
8875639,2024-02-20,organic,ios,"United States",47,Retired,NULL,NULL
8875889,2024-08-17,organic,ios,Germany,40,Teacher,NULL,NULL
8876146,2024-03-28,organic,android,Brazil,25,Consultant,NULL,NULL
8876375,2023-10-08,social,ios,Germany,22,"Software Engineer",NULL,465838
8880055,2024-08-17,paid_search,web,"United States",38,Nurse,NULL,818315
8880317,2024-10-06,organic,ios,"United Kingdom",48,Teacher,NULL,429365
8884479,2024-04-28,social,ios,Canada,43,"Sales Rep",NULL,465838
8891784,2024-08-21,social,web,"United States",24,"Small Business Owner",NULL,378167
8892861,2024-03-09,referral,web,"United States",22,"Software Engineer","Existing Customer",NULL
8895945,2024-11-02,affiliate,ios,"United Kingdom",34,Consultant,NULL,221958
8896403,2024-05-09,affiliate,web,"United States",18,"Marketing Manager",NULL,887201
8899284,2024-06-07,organic,web,"United States",36,"Small Business Owner",NULL,NULL
8899963,2024-11-01,organic,android,Canada,23,Teacher,NULL,NULL
8900171,2024-09-23,organic,android,"United States",24,Student,NULL,NULL
8902634,2024-06-05,paid_search,web,Canada,21,"Sales Rep",NULL,771155
8903402,2024-11-09,paid_search,web,"United States",32,"Small Business Owner",NULL,237337
8903498,2024-03-26,paid_search,web,Australia,30,Accountant,NULL,421879
8903797,2024-09-30,social,ios,Brazil,24,Retired,NULL,465838
8904069,2023-09-26,organic,ios,"United States",43,"Marketing Manager",NULL,NULL
8904294,2024-06-09,organic,android,"United States",49,Student,NULL,NULL
8904428,2023-06-13,affiliate,ios,Philippines,45,"Small Business Owner",NULL,275203
8904617,2024-02-25,paid_search,android,"United States",29,Student,NULL,359178
8905435,2023-08-12,organic,web,Canada,46,"Sales Rep",NULL,NULL
8905477,2024-07-26,affiliate,web,Canada,28,"Marketing Manager",NULL,887201
8906166,2023-12-14,affiliate,web,India,40,Teacher,NULL,744167
8907288,2023-08-23,social,android,Mexico,56,Unemployed,NULL,378167
8907386,2023-11-08,social,ios,Philippines,50,Accountant,NULL,465838
8909699,2024-06-11,organic,android,"United Kingdom",28,Freelancer,NULL,999159
8910091,2024-09-10,organic,ios,"United States",18,Teacher,NULL,NULL
8911057,2024-12-15,paid_search,ios,"United States",35,Student,NULL,164820
8913490,2024-04-11,referral,ios,"United States",45,Consultant,"Partner App",NULL
8913697,2024-08-15,referral,android,"United States",43,Student,"Existing Customer",NULL
8914520,2024-12-03,social,ios,Canada,45,"Small Business Owner",NULL,378167
8916323,2024-03-23,affiliate,ios,India,19,Freelancer,NULL,832180
8917596,2024-06-09,organic,ios,India,34,Freelancer,NULL,429365
8918348,2024-09-07,affiliate,ios,"United States",26,Accountant,NULL,887201
8919710,2024-07-25,organic,ios,Mexico,35,Nurse,NULL,NULL
8920337,2024-06-13,affiliate,android,"United States",30,Student,NULL,887201
8923641,2024-03-05,organic,ios,"United Kingdom",46,Nurse,NULL,NULL
8927532,2024-06-20,referral,ios,"United Kingdom",45,Freelancer,"Partner App",NULL
8928248,2024-10-06,paid_search,web,India,44,Freelancer,NULL,818315
8930221,2024-04-27,affiliate,web,India,49,"Marketing Manager",NULL,275203
8932310,2024-03-03,organic,ios,Canada,35,Teacher,NULL,NULL
8936627,2024-07-17,affiliate,ios,Brazil,21,"Sales Rep",NULL,231932
8939174,2024-04-14,organic,android,Philippines,35,Unemployed,NULL,NULL
8940879,2024-06-02,organic,android,Germany,54,Retired,NULL,NULL
8941238,2024-08-19,paid_search,web,Germany,33,Nurse,NULL,154886
8942992,2023-07-16,organic,web,"United States",46,Freelancer,NULL,NULL
8946155,2024-08-13,paid_search,ios,"United States",36,Retired,NULL,421879
8946232,2023-11-09,social,android,Brazil,37,Retired,NULL,465838
8946258,2024-04-15,paid_search,ios,"United States",36,Teacher,NULL,421879
8948140,2024-08-27,affiliate,android,Australia,48,Freelancer,NULL,210268
8948745,2024-08-03,paid_search,web,"United States",18,Retired,NULL,771155
8948838,2024-12-27,paid_search,web,"United States",24,Nurse,NULL,818315
8950630,2024-03-18,paid_search,android,"United States",43,"Sales Rep",NULL,359178
8950806,2024-11-09,affiliate,ios,"United Kingdom",40,"Marketing Manager",NULL,221958
8951036,2024-06-29,social,ios,Nigeria,21,Student,NULL,378167
8951632,2024-12-23,paid_search,android,Canada,47,Student,NULL,154886
8952017,2024-11-20,affiliate,android,India,35,Nurse,NULL,887201
8954647,2024-04-04,social,android,"United Kingdom",48,Student,NULL,378167
8955229,2024-07-30,organic,android,"United Kingdom",22,Student,NULL,NULL
8956056,2024-04-27,social,android,Brazil,43,Accountant,NULL,465838
8960339,2023-06-09,organic,android,India,39,Accountant,NULL,NULL
8961813,2024-05-07,social,ios,"United Kingdom",39,"Marketing Manager",NULL,465838
8962366,2024-12-29,organic,android,Australia,49,Consultant,NULL,NULL
8963845,2024-07-17,organic,web,Germany,46,Student,NULL,NULL
8964443,2023-05-18,organic,android,"United States",44,"Small Business Owner",NULL,NULL
8966473,2023-05-07,social,web,"United States",34,Consultant,NULL,465838
8967801,2023-05-07,paid_search,android,Nigeria,47,Accountant,NULL,237337
8969693,2023-09-16,organic,ios,Nigeria,36,Freelancer,NULL,999159
8970043,2024-06-05,affiliate,ios,"United States",50,Unemployed,NULL,291335
8970564,2024-10-13,paid_search,web,"United States",26,Unemployed,NULL,141090
8971153,2024-09-06,paid_search,android,Mexico,47,Consultant,NULL,359178
8971379,2024-01-02,affiliate,android,"United States",23,Student,NULL,887201
8972368,2024-12-29,paid_search,web,Brazil,18,"Marketing Manager",NULL,771155
8973155,2024-07-09,affiliate,android,"United States",51,"Small Business Owner",NULL,832180
8974411,2024-02-22,referral,android,"United States",45,"Marketing Manager","Community Forum",NULL
8975343,2023-12-24,affiliate,web,Germany,32,"Small Business Owner",NULL,887201
8978450,2024-05-31,paid_search,ios,Philippines,35,Freelancer,NULL,771155
8981512,2024-05-05,social,ios,Canada,43,Unemployed,NULL,378167
8983372,2024-08-14,affiliate,ios,"United Kingdom",35,"Marketing Manager",NULL,832180
8983439,2024-12-19,affiliate,android,"United States",47,"Marketing Manager",NULL,221958
8983441,2024-11-13,organic,ios,"United States",69,"Marketing Manager",NULL,NULL
8983823,2024-02-06,organic,android,"United States",27,"Sales Rep",NULL,NULL
8983939,2024-11-06,referral,web,"United States",24,"Sales Rep","Partner App",NULL
8984638,2023-11-12,paid_search,web,"United States",18,Teacher,NULL,154886
8985620,2024-07-29,affiliate,web,Philippines,20,"Software Engineer",NULL,744167
8986322,2024-04-15,organic,web,"United States",38,Accountant,NULL,NULL
8988597,2024-03-17,paid_search,ios,"United States",47,Freelancer,NULL,818315
8989900,2024-09-17,organic,ios,"United States",33,Consultant,NULL,NULL
8990001,2024-11-27,referral,web,"United States",18,Teacher,Employee,NULL
8990340,2023-12-19,organic,ios,"United States",18,Unemployed,NULL,NULL
8991208,2024-04-24,organic,ios,Brazil,47,"Software Engineer",NULL,NULL
8992726,2023-07-16,social,ios,"United Kingdom",43,"Marketing Manager",NULL,465838
8995018,2024-08-13,social,android,Brazil,22,Consultant,NULL,465838
8996198,2024-03-09,social,ios,"United States",56,Freelancer,NULL,465838
8997043,2023-05-03,paid_search,ios,Mexico,56,Accountant,NULL,771155
8997488,2023-11-19,social,ios,Mexico,18,Student,NULL,465838
8998799,2024-01-06,affiliate,ios,"United Kingdom",34,"Software Engineer",NULL,887201
8998883,2024-01-16,social,ios,"United States",43,"Sales Rep",NULL,465838
9001482,2023-11-27,referral,web,Philippines,38,Nurse,Employee,NULL
9002619,2023-08-22,social,android,"United States",22,"Sales Rep",NULL,465838
9006546,2023-10-17,organic,ios,Canada,30,Freelancer,NULL,999159
9007407,2024-07-10,paid_search,ios,Brazil,32,Unemployed,NULL,421879
9009292,2023-05-19,affiliate,ios,Canada,18,"Sales Rep",NULL,210268
9009806,2024-11-18,affiliate,ios,Germany,29,"Small Business Owner",NULL,221958
9010643,2024-08-08,paid_search,ios,Brazil,24,Nurse,NULL,421879
9012369,2024-10-19,paid_search,ios,Australia,37,"Small Business Owner",NULL,141090
9016792,2024-02-07,organic,ios,"United Kingdom",52,Freelancer,NULL,999159
9016906,2024-11-02,affiliate,web,Germany,41,Unemployed,NULL,221958
9018006,2023-12-28,affiliate,android,"United Kingdom",31,Nurse,NULL,221958
9018205,2024-01-14,social,web,Germany,45,"Small Business Owner",NULL,378167
9019213,2023-07-14,organic,ios,"United States",37,Unemployed,NULL,NULL
9020364,2023-07-12,organic,ios,Philippines,46,"Marketing Manager",NULL,NULL
9020497,2023-09-11,paid_search,web,"United Kingdom",34,"Small Business Owner",NULL,359178
9022417,2024-03-31,organic,android,Canada,44,"Software Engineer",NULL,NULL
9025407,2024-01-28,social,ios,"United States",55,"Small Business Owner",NULL,378167
9026261,2024-03-30,affiliate,android,"United States",32,"Sales Rep",NULL,832180
9027522,2024-11-03,organic,web,"United States",18,Student,NULL,NULL
9029598,2024-07-11,social,android,Germany,29,"Small Business Owner",NULL,465838
9032304,2024-05-04,organic,web,"United Kingdom",26,Consultant,NULL,NULL
9033076,2023-05-26,paid_search,web,"United States",25,Retired,NULL,164820
9033651,2024-08-26,paid_search,ios,Philippines,28,"Small Business Owner",NULL,187498
9033951,2024-10-25,affiliate,web,"United States",35,Nurse,NULL,744167
9036837,2024-07-05,referral,android,"United States",23,"Software Engineer",Employee,NULL
9037821,2024-12-30,paid_search,android,"United States",25,Unemployed,NULL,154886
9038508,2024-10-01,paid_search,ios,"United States",41,"Small Business Owner",NULL,771155
9038762,2024-05-11,affiliate,android,"United Kingdom",35,Student,NULL,887201
9040979,2024-06-26,social,android,"United States",18,"Software Engineer",NULL,465838
9042153,2024-12-14,affiliate,ios,"United States",40,Freelancer,NULL,832180
9043732,2024-05-01,paid_search,android,India,22,Unemployed,NULL,818315
9043756,2024-02-20,referral,web,Australia,25,"Software Engineer","Partner App",NULL
9043846,2024-03-10,social,ios,"United States",18,Freelancer,NULL,378167
9045391,2024-12-30,paid_search,web,"United States",29,Teacher,NULL,164820
9045409,2024-11-09,organic,ios,"United States",26,Consultant,NULL,429365
9047252,2023-07-04,affiliate,web,Canada,40,Teacher,NULL,291335
9048056,2024-12-23,affiliate,ios,"United States",33,Retired,NULL,832180
9050418,2024-01-02,organic,ios,"United States",24,Student,NULL,NULL
9050763,2024-11-16,organic,web,"United States",18,Unemployed,NULL,NULL
9051090,2024-01-21,referral,web,Philippines,36,"Sales Rep",Employee,NULL
9051964,2024-04-23,affiliate,ios,"United States",49,Freelancer,NULL,210268
9052377,2024-11-04,paid_search,android,India,31,Freelancer,NULL,237337
9053024,2024-08-26,organic,web,Brazil,27,Nurse,NULL,NULL
9053048,2024-01-18,organic,android,"United States",50,"Small Business Owner",NULL,NULL
9054515,2024-03-17,paid_search,web,Philippines,43,"Sales Rep",NULL,771155
9057907,2024-08-08,social,android,Brazil,28,Consultant,NULL,378167
9060426,2024-10-06,social,web,"United States",43,Retired,NULL,378167
9060833,2024-08-10,paid_search,web,"United States",51,Consultant,NULL,818315
9061792,2023-08-09,organic,web,"United States",24,Consultant,NULL,NULL
9061896,2024-04-16,affiliate,android,"United States",31,Student,NULL,832180
9063001,2023-05-10,social,ios,"United States",49,Accountant,NULL,378167
9064220,2024-12-03,affiliate,web,"United States",24,Freelancer,NULL,210268
9065819,2024-11-23,affiliate,web,Canada,48,Accountant,NULL,221958
9066513,2024-10-16,affiliate,ios,"United States",42,"Software Engineer",NULL,291335
9067987,2023-08-23,social,ios,Mexico,46,Unemployed,NULL,378167
9069552,2024-11-16,referral,ios,Philippines,40,Consultant,"Community Forum",NULL
9070024,2024-12-02,social,ios,"United States",23,"Sales Rep",NULL,378167
9070297,2023-11-12,affiliate,ios,"United Kingdom",36,"Marketing Manager",NULL,231932
9070924,2024-04-23,organic,ios,Brazil,34,"Software Engineer",NULL,429365
9072590,2024-08-11,organic,ios,Australia,42,Freelancer,NULL,NULL
9072879,2024-06-13,affiliate,android,"United States",18,Consultant,NULL,231932
9073461,2024-07-30,organic,web,Mexico,62,Nurse,NULL,NULL
9074037,2023-12-07,organic,ios,"United Kingdom",30,Consultant,NULL,NULL
9074308,2023-06-08,paid_search,ios,Germany,25,Consultant,NULL,237337
9074444,2023-05-02,paid_search,web,Australia,30,"Sales Rep",NULL,359178
9075042,2024-11-11,affiliate,web,"United States",27,"Sales Rep",NULL,231932
9076818,2024-10-24,organic,android,Brazil,22,Teacher,NULL,NULL
9077813,2024-06-25,organic,ios,"United States",26,"Small Business Owner",NULL,999159
9078886,2024-09-04,organic,ios,Australia,28,Freelancer,NULL,NULL
9079823,2024-05-05,organic,ios,India,27,Teacher,NULL,NULL
9080552,2024-03-22,paid_search,ios,"United States",32,Unemployed,NULL,154886
9082655,2024-03-03,affiliate,ios,Mexico,57,Freelancer,NULL,210268
9083123,2024-12-19,organic,web,"United States",30,Unemployed,NULL,999159
9090433,2024-10-30,paid_search,web,"United States",33,Consultant,NULL,359178
9090736,2023-06-13,paid_search,ios,Mexico,29,Consultant,NULL,141090
9091363,2024-07-05,referral,ios,India,32,Retired,Employee,NULL
9093068,2024-06-14,paid_search,ios,Mexico,37,Accountant,NULL,771155
9093212,2024-05-04,paid_search,android,"United States",26,"Sales Rep",NULL,237337
9094566,2024-09-27,organic,android,Germany,37,Student,NULL,NULL
9095213,2024-06-04,organic,web,"United Kingdom",40,"Small Business Owner",NULL,999159
9096297,2023-10-14,referral,web,"United States",44,Unemployed,"Existing Customer",NULL
9099932,2024-08-14,social,ios,Germany,47,Unemployed,NULL,465838
9100706,2024-03-02,paid_search,android,"United States",29,Consultant,NULL,187498
9101294,2023-12-06,paid_search,web,India,48,Student,NULL,187498
9102873,2024-04-28,affiliate,ios,"United States",18,Unemployed,NULL,887201
9103670,2024-10-28,organic,ios,"United Kingdom",27,"Small Business Owner",NULL,NULL
9104010,2024-05-10,social,web,Canada,26,Retired,NULL,378167
9104789,2024-12-30,social,web,Mexico,41,Retired,NULL,465838
9105925,2024-10-14,organic,web,Brazil,40,Accountant,NULL,NULL
9106584,2024-11-26,organic,ios,"United States",38,Student,NULL,NULL
9106609,2023-08-07,organic,ios,"United States",26,Student,NULL,NULL
9107317,2024-10-12,paid_search,ios,Canada,25,"Software Engineer",NULL,421879
9108196,2024-01-07,organic,android,India,63,"Small Business Owner",NULL,NULL
9109074,2023-10-20,referral,android,Philippines,18,Retired,"Partner App",NULL
9109334,2024-11-17,affiliate,ios,"United States",26,"Sales Rep",NULL,275203
9109698,2023-11-15,paid_search,web,Philippines,37,Consultant,NULL,141090
9109916,2023-12-16,organic,ios,"United States",31,Student,NULL,NULL
9110129,2024-10-19,referral,ios,Philippines,47,Nurse,"Partner App",NULL
9111184,2024-10-21,paid_search,android,"United States",47,Freelancer,NULL,187498
9112074,2024-07-23,organic,web,"United States",18,Consultant,NULL,NULL
9113649,2024-12-23,organic,web,Canada,43,Consultant,NULL,NULL
9117654,2024-12-01,organic,ios,"United States",18,Nurse,NULL,NULL
9118612,2024-12-07,organic,ios,Mexico,28,"Marketing Manager",NULL,429365
9119550,2024-01-10,affiliate,ios,"United States",44,Student,NULL,275203
9120459,2024-08-22,referral,ios,Mexico,28,Teacher,"Partner App",NULL
9120766,2024-04-20,paid_search,web,India,43,Unemployed,NULL,164820
9121485,2023-12-13,organic,ios,Brazil,37,Unemployed,NULL,999159
9121757,2024-09-14,social,web,Philippines,52,"Small Business Owner",NULL,465838
9121849,2024-11-04,social,web,"United Kingdom",32,"Software Engineer",NULL,465838
9123155,2024-09-08,organic,ios,Mexico,26,Student,NULL,NULL
9123236,2024-04-07,organic,android,"United States",29,Student,NULL,999159
9125248,2024-07-03,organic,android,Nigeria,32,Unemployed,NULL,NULL
9126198,2024-10-05,affiliate,web,"United States",27,"Sales Rep",NULL,832180
9126492,2024-07-30,organic,android,"United States",38,Freelancer,NULL,NULL
9127125,2024-06-28,affiliate,ios,"United States",27,"Marketing Manager",NULL,275203
9127333,2023-06-17,organic,web,Canada,22,Teacher,NULL,NULL
9127678,2024-12-05,social,ios,"United States",40,Nurse,NULL,465838
9127747,2023-11-23,organic,android,India,43,Student,NULL,NULL
9131526,2024-07-07,referral,web,"United States",26,"Sales Rep",Employee,NULL
9131631,2024-06-28,paid_search,web,Canada,34,Retired,NULL,187498
9132162,2024-12-22,social,ios,"United States",44,Nurse,NULL,465838
9135340,2024-10-11,affiliate,ios,"United Kingdom",30,"Sales Rep",NULL,291335
9135800,2023-10-14,paid_search,ios,Brazil,43,Unemployed,NULL,621430
9136537,2024-11-08,affiliate,android,Australia,31,Nurse,NULL,832180
9139480,2024-08-09,organic,android,"United States",35,Accountant,NULL,NULL
9140210,2024-03-27,affiliate,ios,Australia,44,Unemployed,NULL,231932
9140594,2024-06-17,paid_search,ios,"United States",47,Consultant,NULL,154886
9143179,2024-02-25,organic,android,Brazil,38,"Small Business Owner",NULL,429365
9143478,2024-09-15,paid_search,android,"United States",20,Teacher,NULL,164820
9146836,2024-05-24,affiliate,web,Brazil,19,Retired,NULL,744167
9147047,2024-06-10,organic,android,Australia,27,Freelancer,NULL,999159
9151168,2023-12-13,affiliate,web,"United States",18,Nurse,NULL,231932
9151382,2024-12-26,organic,web,India,45,"Software Engineer",NULL,429365
9151496,2024-04-29,organic,web,Nigeria,30,Nurse,NULL,NULL
9151656,2024-03-03,organic,ios,"United States",28,"Sales Rep",NULL,NULL
9152513,2024-04-25,affiliate,web,"United States",41,"Software Engineer",NULL,231932
9152885,2024-02-12,social,web,"United States",44,Teacher,NULL,378167
9153113,2024-04-01,social,web,"United States",31,"Marketing Manager",NULL,378167
9158470,2024-10-21,organic,web,"United Kingdom",62,Teacher,NULL,NULL
9158781,2024-05-31,paid_search,android,"United States",41,"Small Business Owner",NULL,154886
9161562,2024-10-05,paid_search,android,"United States",31,"Small Business Owner",NULL,164820
9161665,2023-06-24,paid_search,ios,"United Kingdom",21,"Sales Rep",NULL,818315
9163365,2024-09-24,organic,web,India,18,"Marketing Manager",NULL,NULL
9164962,2024-08-06,organic,android,Australia,27,"Software Engineer",NULL,NULL
9167197,2023-12-30,paid_search,web,Mexico,39,"Small Business Owner",NULL,621430
9167575,2023-11-05,paid_search,web,"United States",21,Retired,NULL,359178
9167707,2023-10-19,referral,web,Germany,36,Retired,"Existing Customer",NULL
9168326,2023-12-07,paid_search,android,Germany,44,Consultant,NULL,359178
9168984,2024-10-16,social,ios,Brazil,30,"Marketing Manager",NULL,378167
9169183,2023-12-12,paid_search,ios,"United States",43,Consultant,NULL,771155
9170528,2024-12-07,paid_search,ios,"United States",45,Teacher,NULL,237337
9171548,2024-07-27,organic,web,"United States",32,Nurse,NULL,NULL
9173192,2024-12-17,paid_search,android,Nigeria,47,"Marketing Manager",NULL,141090
9173321,2024-09-02,organic,ios,Australia,47,Freelancer,NULL,NULL
9173542,2024-03-10,social,android,"United States",29,"Small Business Owner",NULL,465838
9174244,2024-08-19,affiliate,android,"United Kingdom",18,Retired,NULL,210268
9175576,2024-11-25,organic,web,"United States",40,Retired,NULL,NULL
9175602,2024-08-16,paid_search,web,"United States",31,Nurse,NULL,421879
9176958,2024-10-01,organic,android,"United States",22,Nurse,NULL,NULL
9177039,2024-11-25,paid_search,web,Canada,38,Consultant,NULL,421879
9181311,2023-09-21,affiliate,android,Australia,37,Consultant,NULL,231932
9181883,2024-08-17,organic,ios,"United States",42,Freelancer,NULL,NULL
9181932,2024-03-01,paid_search,ios,"United States",18,Freelancer,NULL,421879
9182320,2024-07-16,paid_search,android,Brazil,25,"Marketing Manager",NULL,187498
9182535,2023-11-22,organic,ios,"United States",24,"Marketing Manager",NULL,NULL
9186565,2024-08-13,paid_search,web,"United States",30,Unemployed,NULL,154886
9190219,2023-05-08,organic,ios,Australia,36,Freelancer,NULL,NULL
9191922,2024-08-27,organic,ios,"United Kingdom",31,"Software Engineer",NULL,999159
9194253,2024-06-10,social,android,Canada,27,Consultant,NULL,465838
9195810,2024-09-23,referral,android,"United States",41,Freelancer,"Existing Customer",NULL
9196906,2024-07-25,paid_search,android,Canada,19,Nurse,NULL,164820
9197295,2024-09-08,affiliate,ios,Mexico,42,Accountant,NULL,744167
9197590,2024-12-21,organic,ios,India,26,Nurse,NULL,NULL
9200252,2024-03-18,affiliate,web,"United States",29,Accountant,NULL,221958
9201428,2023-09-17,social,android,"United States",52,Nurse,NULL,378167
9202637,2024-02-13,social,android,"United States",38,Freelancer,NULL,378167
9202787,2024-08-04,affiliate,android,Nigeria,45,"Marketing Manager",NULL,210268
9203492,2024-12-16,organic,android,India,36,Retired,NULL,NULL
9204298,2024-09-07,paid_search,ios,Brazil,36,Nurse,NULL,818315
9206336,2023-11-21,referral,ios,"United States",18,Freelancer,"Partner App",NULL
9207623,2023-10-01,organic,ios,India,35,Unemployed,NULL,NULL
9208149,2024-05-11,organic,android,"United States",26,Nurse,NULL,NULL
9209061,2023-09-24,paid_search,web,Germany,48,"Small Business Owner",NULL,771155
9209517,2024-12-18,referral,web,Germany,45,Teacher,"Existing Customer",NULL
9210710,2024-07-12,paid_search,android,"United States",40,"Sales Rep",NULL,818315
9210880,2023-10-21,paid_search,android,Canada,38,Teacher,NULL,421879
9212411,2024-09-22,social,web,Canada,20,Teacher,NULL,378167
9212420,2023-11-24,organic,android,"United States",55,"Software Engineer",NULL,NULL
9212803,2024-10-09,paid_search,web,"United States",27,Consultant,NULL,154886
9213062,2024-05-10,organic,ios,Germany,20,Student,NULL,NULL
9214372,2024-11-10,organic,ios,"United Kingdom",36,Retired,NULL,NULL
9214491,2024-05-27,paid_search,ios,Germany,32,Teacher,NULL,164820
9215984,2023-11-24,organic,web,India,32,Consultant,NULL,NULL
9217316,2024-06-11,paid_search,web,"United Kingdom",38,Student,NULL,359178
9218723,2024-12-29,paid_search,web,"United States",52,Retired,NULL,359178
9220038,2024-10-18,organic,web,Australia,42,Accountant,NULL,NULL
9221252,2024-04-11,organic,android,"United States",28,Teacher,NULL,NULL
9222462,2024-08-31,organic,web,Brazil,42,Teacher,NULL,NULL
9222502,2024-10-10,social,android,Germany,47,Teacher,NULL,465838
9226036,2024-10-27,organic,android,"United Kingdom",25,Freelancer,NULL,999159
9227323,2024-09-03,organic,web,"United States",28,Teacher,NULL,NULL
9227489,2024-02-20,paid_search,ios,India,36,Unemployed,NULL,141090
9228736,2024-10-25,organic,android,Philippines,50,"Marketing Manager",NULL,NULL
9229840,2024-07-16,referral,web,"United States",26,"Software Engineer","Partner App",NULL
9231691,2023-03-09,affiliate,web,"United States",19,Unemployed,NULL,887201
9234025,2024-03-19,organic,web,Brazil,40,Nurse,NULL,NULL
9234679,2024-05-22,affiliate,web,"United States",38,"Marketing Manager",NULL,231932
9234955,2024-07-13,affiliate,web,India,42,Accountant,NULL,221958
9236781,2024-02-16,affiliate,ios,Philippines,18,Nurse,NULL,210268
9237881,2024-01-10,referral,web,India,25,Consultant,"Existing Customer",NULL
9239115,2024-11-14,paid_search,ios,Nigeria,50,Retired,NULL,359178
9241353,2024-04-12,affiliate,ios,"United States",41,Retired,NULL,275203
9242184,2023-09-27,organic,android,"United States",34,"Sales Rep",NULL,NULL
9242580,2024-08-05,paid_search,android,India,54,Retired,NULL,187498
9245044,2024-10-23,paid_search,ios,Canada,34,Consultant,NULL,771155
9246673,2024-10-15,paid_search,web,"United States",39,"Marketing Manager",NULL,771155
9247752,2024-12-18,affiliate,android,Germany,22,Teacher,NULL,231932
9249953,2024-10-24,organic,ios,Brazil,53,"Sales Rep",NULL,NULL
9256327,2023-07-29,organic,android,"United States",45,Unemployed,NULL,NULL
9257668,2024-10-23,paid_search,web,Brazil,48,"Small Business Owner",NULL,421879
9260768,2024-02-28,affiliate,ios,"United States",46,"Marketing Manager",NULL,210268
9261195,2024-04-26,affiliate,web,Australia,31,"Software Engineer",NULL,231932
9262236,2024-07-01,affiliate,ios,Mexico,28,Teacher,NULL,275203
9264605,2024-03-17,organic,android,"United Kingdom",38,"Software Engineer",NULL,NULL
9268541,2024-03-04,organic,web,"United States",41,Nurse,NULL,NULL
9269841,2024-04-30,organic,android,Canada,34,Unemployed,NULL,NULL
9270562,2024-12-25,affiliate,android,Canada,36,"Sales Rep",NULL,291335
9271330,2024-10-11,organic,android,"United States",18,Retired,NULL,NULL
9272686,2024-01-26,organic,android,"United States",39,Retired,NULL,NULL
9272841,2024-02-05,social,web,"United States",26,"Sales Rep",NULL,378167
9272874,2024-06-12,affiliate,web,"United States",29,"Marketing Manager",NULL,221958
9274125,2023-04-09,social,android,"United States",43,Nurse,NULL,378167
9274437,2024-08-21,social,ios,"United States",26,Consultant,NULL,465838
9277304,2024-10-01,affiliate,android,"United States",19,Student,NULL,744167
9277983,2024-02-09,organic,ios,"United States",39,Retired,NULL,999159
9278499,2023-10-17,affiliate,web,"United States",39,Consultant,NULL,291335
9279143,2024-01-25,paid_search,ios,Australia,33,Consultant,NULL,621430
9280083,2024-03-03,organic,web,"United States",34,Nurse,NULL,999159
9281447,2024-08-08,organic,web,Germany,27,Unemployed,NULL,NULL
9282356,2024-07-10,paid_search,ios,"United States",18,Freelancer,NULL,141090
9283032,2024-11-24,social,ios,Australia,44,Unemployed,NULL,378167
9283161,2024-01-19,affiliate,ios,"United States",38,"Software Engineer",NULL,832180
9284578,2024-10-08,paid_search,ios,Australia,30,Student,NULL,818315
9284960,2024-05-25,paid_search,android,Canada,24,Student,NULL,818315
9286151,2024-06-19,paid_search,web,Australia,33,Accountant,NULL,359178
9288515,2024-02-11,affiliate,ios,Canada,37,Nurse,NULL,231932
9289985,2024-08-10,organic,web,Mexico,41,Nurse,NULL,NULL
9291860,2023-08-22,organic,android,"United States",37,Consultant,NULL,999159
9291923,2024-11-30,social,ios,"United States",37,Teacher,NULL,465838
9294919,2024-07-14,organic,android,"United States",29,Student,NULL,NULL
9295445,2024-07-17,paid_search,web,"United States",48,Retired,NULL,141090
9295953,2024-05-28,affiliate,web,Canada,47,Unemployed,NULL,231932
9296335,2024-09-01,paid_search,ios,"United Kingdom",18,Retired,NULL,621430
9296877,2024-12-23,affiliate,android,"United States",38,"Small Business Owner",NULL,221958
9298852,2024-10-28,organic,ios,Canada,42,Teacher,NULL,999159
9299141,2024-02-11,paid_search,web,"United States",18,Consultant,NULL,818315
9299350,2024-12-14,organic,android,"United States",35,Nurse,NULL,NULL
9302089,2024-09-19,organic,web,"United States",31,Consultant,NULL,NULL
9302258,2024-04-27,affiliate,ios,"United States",32,Freelancer,NULL,832180
9302975,2024-06-28,organic,web,"United States",53,Unemployed,NULL,NULL
9303143,2023-09-25,social,ios,"United States",44,"Small Business Owner",NULL,465838
9304831,2023-11-07,organic,android,"United Kingdom",38,Unemployed,NULL,NULL
9305827,2024-07-23,organic,ios,Germany,40,"Marketing Manager",NULL,NULL
9306042,2023-04-16,social,android,"United States",37,Nurse,NULL,465838
9306461,2024-07-02,social,ios,"United States",53,Freelancer,NULL,465838
9306681,2024-02-03,paid_search,web,"United States",33,Nurse,NULL,187498
9306931,2024-10-23,affiliate,ios,Philippines,32,Accountant,NULL,744167
9309411,2023-07-19,organic,android,"United States",37,Teacher,NULL,NULL
9309740,2023-12-26,affiliate,web,"United States",19,Nurse,NULL,887201
9312048,2023-06-02,organic,web,"United States",18,Consultant,NULL,NULL
9312934,2024-10-28,organic,web,Australia,22,"Software Engineer",NULL,NULL
9313157,2024-08-31,referral,ios,Mexico,35,Teacher,"Community Forum",NULL
9313264,2024-01-10,affiliate,web,Australia,34,"Small Business Owner",NULL,221958
9315390,2023-11-25,social,web,Canada,41,"Software Engineer",NULL,378167
9318849,2024-01-04,referral,android,Australia,51,"Marketing Manager","Community Forum",NULL
9323735,2024-06-13,paid_search,android,"United States",26,Student,NULL,771155
9323880,2023-12-07,social,android,Canada,43,Teacher,NULL,378167
9324436,2024-06-21,paid_search,android,"United States",46,Unemployed,NULL,771155
9324454,2024-05-23,organic,android,"United States",38,Nurse,NULL,429365
9324458,2024-03-08,organic,ios,"United States",32,Retired,NULL,NULL
9325032,2023-12-30,social,android,Canada,39,Retired,NULL,378167
9325344,2024-07-09,social,ios,Mexico,29,Consultant,NULL,378167
9325648,2024-08-09,paid_search,ios,Australia,31,"Sales Rep",NULL,141090
9325857,2024-05-14,organic,ios,Mexico,46,Freelancer,NULL,NULL
9326435,2023-09-14,affiliate,android,India,48,Student,NULL,887201
9329442,2024-07-21,referral,ios,"United States",40,Nurse,"Community Forum",NULL
9333100,2024-07-13,organic,ios,Australia,52,"Small Business Owner",NULL,NULL
9333648,2023-05-25,organic,android,Mexico,18,Teacher,NULL,NULL
9333920,2024-08-20,organic,web,"United States",26,Student,NULL,NULL
9334750,2024-06-29,social,web,Canada,23,Unemployed,NULL,378167
9336562,2024-12-01,referral,web,Canada,26,"Small Business Owner","Existing Customer",NULL
9336900,2023-07-03,social,android,Philippines,18,"Marketing Manager",NULL,465838
9337735,2023-03-20,paid_search,web,"United Kingdom",18,"Marketing Manager",NULL,359178
9340791,2024-03-12,organic,ios,"United Kingdom",20,Unemployed,NULL,NULL
9340960,2024-09-28,affiliate,ios,Germany,30,"Small Business Owner",NULL,221958
9341219,2024-09-12,organic,android,Brazil,39,Student,NULL,NULL
9343199,2024-11-06,organic,android,Australia,41,"Sales Rep",NULL,NULL
9343528,2024-03-20,organic,web,"United States",33,"Software Engineer",NULL,NULL
9344854,2024-05-04,affiliate,web,"United States",27,"Marketing Manager",NULL,291335
9346988,2024-05-09,affiliate,ios,Canada,50,Student,NULL,887201
9348022,2024-01-25,paid_search,web,"United States",39,Retired,NULL,164820
9349065,2023-08-19,organic,web,"United States",34,Retired,NULL,429365
9349092,2023-07-24,paid_search,android,Germany,18,Teacher,NULL,421879
9351184,2024-04-01,organic,web,Brazil,24,Accountant,NULL,999159
9351245,2024-06-22,social,web,"United States",35,Teacher,NULL,465838
9352110,2024-05-07,organic,android,India,24,Retired,NULL,NULL
9353135,2024-05-15,organic,android,Philippines,45,"Small Business Owner",NULL,NULL
9354207,2023-10-27,social,android,Canada,25,Unemployed,NULL,378167
9355425,2024-07-28,social,ios,"United Kingdom",48,"Small Business Owner",NULL,378167
9356164,2024-12-05,affiliate,ios,Philippines,28,"Small Business Owner",NULL,210268
9357956,2024-05-29,paid_search,ios,India,42,Retired,NULL,237337
9357998,2024-08-07,organic,android,Brazil,31,Unemployed,NULL,NULL
9358827,2024-02-01,social,web,"United Kingdom",28,Teacher,NULL,465838
9359922,2024-09-15,organic,web,"United States",30,Freelancer,NULL,NULL
9360777,2024-01-29,affiliate,ios,Australia,32,Student,NULL,291335
9360927,2024-08-22,social,web,"United States",23,Consultant,NULL,465838
9361735,2024-06-15,affiliate,android,Mexico,25,Student,NULL,832180
9362101,2023-11-17,referral,web,"United States",33,"Sales Rep","Community Forum",NULL
9368352,2023-11-10,organic,android,"United States",30,Consultant,NULL,NULL
9369066,2024-12-16,paid_search,web,"United States",25,Nurse,NULL,164820
9369597,2024-09-14,paid_search,ios,"United States",49,Freelancer,NULL,187498
9369689,2023-10-17,paid_search,web,Australia,33,Freelancer,NULL,141090
9370043,2024-05-24,organic,ios,"United Kingdom",51,Retired,NULL,NULL
9370262,2024-08-25,organic,web,India,50,Retired,NULL,NULL
9371223,2024-03-11,paid_search,ios,Germany,18,"Sales Rep",NULL,818315
9372602,2024-03-21,social,ios,Germany,25,"Software Engineer",NULL,465838
9373296,2024-11-06,referral,ios,"United States",45,"Sales Rep","Partner App",NULL
9375741,2024-03-16,social,web,"United Kingdom",49,"Sales Rep",NULL,465838
9376430,2024-09-21,affiliate,ios,India,43,Retired,NULL,291335
9377114,2023-11-15,organic,web,"United States",34,Nurse,NULL,NULL
9377900,2023-08-11,paid_search,web,"United States",26,Student,NULL,187498
9379341,2024-08-21,paid_search,android,Philippines,22,"Sales Rep",NULL,359178
9379482,2024-01-18,organic,web,India,22,Nurse,NULL,NULL
9379966,2024-07-21,organic,ios,India,47,"Software Engineer",NULL,999159
9381660,2024-08-13,affiliate,android,"United Kingdom",39,Accountant,NULL,887201
9383190,2023-08-23,affiliate,web,"United States",36,"Small Business Owner",NULL,231932
9386180,2024-01-14,social,ios,"United States",19,Freelancer,NULL,378167
9386369,2024-08-11,paid_search,android,Mexico,46,Unemployed,NULL,621430
9388512,2024-10-27,organic,ios,"United States",35,Student,NULL,NULL
9388823,2024-06-19,paid_search,ios,"United States",18,Freelancer,NULL,818315
9389012,2024-05-31,organic,android,Mexico,23,"Small Business Owner",NULL,NULL
9391893,2024-08-07,referral,web,Canada,32,Nurse,"Community Forum",NULL
9392939,2024-12-22,paid_search,web,Nigeria,29,Freelancer,NULL,818315
9394043,2023-09-26,paid_search,ios,Germany,28,Retired,NULL,141090
9398043,2023-07-24,social,ios,Canada,41,Teacher,NULL,378167
9399122,2024-04-12,affiliate,web,"United States",23,"Small Business Owner",NULL,744167
9399625,2023-09-03,social,ios,Germany,36,Accountant,NULL,378167
9399911,2024-05-20,paid_search,ios,"United Kingdom",35,Accountant,NULL,421879
9400728,2024-11-20,paid_search,ios,"United States",26,"Sales Rep",NULL,771155
9400944,2023-11-20,organic,web,Canada,36,Unemployed,NULL,NULL
9403037,2024-12-04,organic,android,Germany,39,Retired,NULL,429365
9405547,2024-12-27,affiliate,ios,"United States",21,"Marketing Manager",NULL,221958
9408424,2024-11-25,affiliate,android,"United States",31,Consultant,NULL,221958
9410184,2024-07-21,referral,ios,"United States",37,"Sales Rep","Community Forum",NULL
9411039,2024-06-18,affiliate,ios,"United States",25,Student,NULL,887201
9411603,2024-06-01,organic,web,"United States",41,Consultant,NULL,NULL
9411883,2024-08-31,affiliate,web,"United States",32,Unemployed,NULL,210268
9415224,2023-11-22,referral,ios,Canada,30,Freelancer,"Existing Customer",NULL
9415398,2024-01-11,referral,android,"United States",41,"Small Business Owner",Employee,NULL
9415414,2023-08-24,organic,web,"United States",21,Retired,NULL,NULL
9416320,2024-07-27,referral,android,Brazil,26,Nurse,"Partner App",NULL
9417233,2024-12-22,paid_search,android,"United Kingdom",24,Teacher,NULL,141090
9417944,2024-12-30,organic,android,Mexico,20,Accountant,NULL,NULL
9418385,2023-12-19,social,ios,Australia,48,Teacher,NULL,465838
9418865,2024-07-20,paid_search,web,Canada,47,Student,NULL,154886
9421374,2024-09-10,affiliate,android,Mexico,45,Nurse,NULL,231932
9421928,2024-12-18,paid_search,web,Canada,33,Freelancer,NULL,164820
9423309,2023-09-30,affiliate,android,Philippines,32,"Software Engineer",NULL,221958
9424990,2023-08-20,organic,android,"United States",27,"Small Business Owner",NULL,999159
9425021,2024-09-18,organic,ios,"United States",38,Nurse,NULL,NULL
9429241,2023-03-24,referral,web,"United States",30,Accountant,Employee,NULL
9429747,2024-12-09,organic,web,India,19,Accountant,NULL,NULL
9430664,2024-07-09,social,android,Canada,35,Teacher,NULL,378167
9430899,2024-09-29,organic,web,Philippines,32,Nurse,NULL,NULL
9432372,2024-12-14,organic,web,Germany,23,"Software Engineer",NULL,NULL
9433840,2024-11-02,social,ios,India,39,Student,NULL,378167
9433864,2024-10-18,organic,android,"United States",30,"Sales Rep",NULL,NULL
9434320,2024-04-04,organic,android,"United States",22,Accountant,NULL,NULL
9434610,2023-07-23,affiliate,android,Mexico,39,"Sales Rep",NULL,887201
9434858,2024-06-27,paid_search,android,"United States",39,"Sales Rep",NULL,164820
9437247,2023-12-12,social,ios,"United States",33,Unemployed,NULL,378167
9437392,2024-02-15,social,web,Australia,33,Nurse,NULL,378167
9437482,2024-03-01,referral,android,"United States",33,Student,"Existing Customer",NULL
9437534,2024-07-09,affiliate,android,Mexico,35,Student,NULL,887201
9437712,2023-05-19,organic,web,"United States",31,"Marketing Manager",NULL,429365
9438856,2024-12-19,affiliate,android,"United States",31,"Sales Rep",NULL,210268
9439469,2023-07-01,organic,android,"United States",46,Teacher,NULL,NULL
9439834,2024-09-28,paid_search,android,Canada,33,"Software Engineer",NULL,621430
9441136,2024-04-22,social,web,"United States",28,"Small Business Owner",NULL,378167
9441243,2024-12-20,organic,ios,"United States",18,Nurse,NULL,NULL
9441557,2023-10-08,social,web,"United States",28,Freelancer,NULL,378167
9443353,2024-05-21,affiliate,ios,"United States",36,"Software Engineer",NULL,231932
9445180,2024-12-19,affiliate,ios,India,27,"Small Business Owner",NULL,210268
9445243,2024-03-24,organic,android,Nigeria,22,Retired,NULL,NULL
9446731,2024-08-13,social,android,Canada,30,"Small Business Owner",NULL,378167
9447680,2024-10-09,paid_search,ios,"United States",46,Retired,NULL,237337
9449975,2023-10-01,organic,ios,"United States",39,Consultant,NULL,NULL
9450361,2024-10-19,paid_search,web,Nigeria,21,"Software Engineer",NULL,187498
9451115,2024-10-11,affiliate,ios,Australia,42,Freelancer,NULL,832180
9451392,2024-10-20,paid_search,android,Brazil,40,"Software Engineer",NULL,154886
9454364,2024-07-15,organic,android,Philippines,34,Nurse,NULL,999159
9454561,2023-09-28,affiliate,android,Philippines,23,Student,NULL,221958
9457123,2024-07-13,paid_search,android,Australia,18,"Marketing Manager",NULL,154886
9457411,2024-09-13,referral,web,India,37,"Sales Rep","Community Forum",NULL
9462176,2024-07-10,paid_search,web,"United States",30,Retired,NULL,237337
9462605,2023-11-13,social,ios,India,21,Retired,NULL,465838
9463331,2024-12-09,paid_search,ios,"United States",39,Student,NULL,818315
9464685,2024-06-01,organic,web,"United Kingdom",27,"Software Engineer",NULL,429365
9464848,2024-05-01,referral,ios,"United States",29,"Marketing Manager",Employee,NULL
9465506,2024-09-07,affiliate,android,Germany,42,Unemployed,NULL,744167
9466602,2024-09-29,organic,web,"United Kingdom",45,"Marketing Manager",NULL,NULL
9466685,2023-09-28,affiliate,ios,India,22,Unemployed,NULL,210268
9466721,2023-12-22,organic,ios,Mexico,40,"Marketing Manager",NULL,NULL
9466724,2024-01-11,organic,ios,India,41,Nurse,NULL,NULL
9467691,2024-10-02,social,ios,"United Kingdom",36,"Software Engineer",NULL,465838
9468579,2024-07-11,social,web,"United Kingdom",33,"Marketing Manager",NULL,378167
9468865,2024-08-27,social,web,Nigeria,39,Unemployed,NULL,378167
9469872,2023-11-09,referral,android,"United States",18,Freelancer,"Community Forum",NULL
9471414,2024-10-26,social,ios,Canada,54,"Marketing Manager",NULL,378167
9472761,2024-08-16,social,ios,India,39,Unemployed,NULL,378167
9476201,2024-12-03,organic,ios,India,21,Nurse,NULL,NULL
9476563,2024-03-21,paid_search,ios,"United States",23,Consultant,NULL,154886
9477276,2024-12-16,social,ios,India,57,"Sales Rep",NULL,465838
9478748,2024-10-11,organic,web,"United States",18,Unemployed,NULL,NULL
9479025,2024-04-01,affiliate,ios,India,36,Retired,NULL,744167
9480171,2024-12-09,paid_search,android,"United States",42,Unemployed,NULL,359178
9480287,2023-11-01,affiliate,android,India,20,"Sales Rep",NULL,744167
9480473,2023-12-19,affiliate,android,"United States",35,"Sales Rep",NULL,231932
9480932,2024-11-24,referral,ios,Australia,59,Accountant,"Community Forum",NULL
9481209,2024-01-17,paid_search,web,India,33,Freelancer,NULL,818315
9482084,2024-12-24,organic,web,"United Kingdom",40,Teacher,NULL,NULL
9482626,2023-11-30,affiliate,ios,"United States",26,"Marketing Manager",NULL,291335
9483063,2024-01-01,social,ios,India,34,"Software Engineer",NULL,465838
9485356,2023-11-29,organic,android,"United States",37,Unemployed,NULL,NULL
9486014,2024-07-14,paid_search,web,"United States",20,Teacher,NULL,237337
9491485,2024-08-25,organic,android,"United Kingdom",34,Nurse,NULL,NULL
9493535,2024-02-18,affiliate,ios,"United States",18,"Marketing Manager",NULL,887201
9493836,2023-09-13,affiliate,web,"United States",18,Teacher,NULL,744167
9494630,2024-05-06,referral,android,Mexico,18,Student,"Community Forum",NULL
9497552,2024-05-09,affiliate,android,"United States",36,"Marketing Manager",NULL,744167
9499970,2023-09-20,social,web,Canada,41,"Sales Rep",NULL,378167
9501424,2024-10-20,social,web,"United States",34,Consultant,NULL,378167
9501598,2023-11-12,social,android,Brazil,27,Unemployed,NULL,378167
9503197,2024-05-21,paid_search,web,Philippines,19,Freelancer,NULL,421879
9503902,2023-10-27,social,android,"United States",20,"Sales Rep",NULL,465838
9503967,2024-07-21,social,web,Australia,18,Consultant,NULL,378167
9504589,2024-03-05,social,ios,Brazil,39,Retired,NULL,465838
9506377,2023-10-16,paid_search,web,Canada,26,"Small Business Owner",NULL,154886
9506404,2023-07-12,paid_search,android,"United States",26,Student,NULL,141090
9507150,2023-05-16,organic,ios,Nigeria,34,Teacher,NULL,NULL
9507528,2024-11-13,paid_search,web,Mexico,25,Consultant,NULL,421879
9508851,2024-06-18,affiliate,ios,Canada,28,Retired,NULL,231932
9511010,2024-07-25,referral,ios,Canada,27,"Software Engineer",Employee,NULL
9511383,2024-11-11,organic,ios,"United States",38,"Small Business Owner",NULL,NULL
9511807,2024-03-28,paid_search,web,Mexico,22,"Marketing Manager",NULL,237337
9512270,2024-11-04,social,android,Nigeria,28,Teacher,NULL,465838
9512558,2023-09-02,organic,android,"United States",30,Nurse,NULL,NULL
9513199,2024-12-06,affiliate,ios,"United States",38,Retired,NULL,210268
9514493,2023-09-24,affiliate,android,"United States",18,Nurse,NULL,210268
9514668,2024-08-28,organic,android,"United States",22,Student,NULL,NULL
9514716,2024-10-23,paid_search,android,"United States",27,Accountant,NULL,818315
9516999,2023-11-12,social,ios,Australia,18,Retired,NULL,465838
9519792,2024-07-30,social,web,"United States",19,"Sales Rep",NULL,378167
9519981,2024-09-28,affiliate,ios,"United States",29,Teacher,NULL,231932
9521267,2024-12-28,paid_search,web,Brazil,48,"Software Engineer",NULL,164820
9521722,2024-05-30,organic,ios,Canada,43,"Marketing Manager",NULL,NULL
9523838,2023-05-26,social,ios,Germany,21,Teacher,NULL,378167
9524405,2024-07-26,social,web,Mexico,39,Nurse,NULL,378167
9525631,2023-10-25,organic,ios,Brazil,46,Freelancer,NULL,429365
9526086,2023-09-07,organic,web,"United States",49,"Marketing Manager",NULL,NULL
9526508,2024-02-11,social,android,Mexico,59,Retired,NULL,378167
9527171,2024-05-20,affiliate,web,Germany,20,"Small Business Owner",NULL,210268
9527835,2023-12-09,organic,ios,Germany,49,"Marketing Manager",NULL,NULL
9530057,2023-08-12,organic,web,"United States",33,Unemployed,NULL,NULL
9530508,2024-07-15,organic,web,"United States",18,"Sales Rep",NULL,NULL
9531225,2024-02-02,organic,ios,Germany,51,Accountant,NULL,NULL
9531336,2024-04-29,social,web,Canada,18,"Marketing Manager",NULL,465838
9533879,2023-08-14,affiliate,web,"United States",38,Accountant,NULL,210268
9535078,2024-03-02,organic,web,"United States",35,Freelancer,NULL,NULL
9535640,2024-04-10,referral,android,"United States",36,Consultant,"Community Forum",NULL
9536239,2024-01-09,referral,web,Nigeria,43,Unemployed,"Community Forum",NULL
9536326,2024-07-14,organic,android,Nigeria,20,"Marketing Manager",NULL,NULL
9537333,2024-04-20,organic,ios,"United Kingdom",43,"Sales Rep",NULL,NULL
9539202,2023-03-17,paid_search,web,Australia,47,Freelancer,NULL,818315
9542314,2023-09-07,affiliate,web,"United States",22,"Marketing Manager",NULL,275203
9543144,2024-12-14,paid_search,android,"United States",37,Nurse,NULL,771155
9544291,2024-05-14,organic,web,Brazil,49,Nurse,NULL,NULL
9545106,2024-11-08,organic,ios,"United States",39,"Marketing Manager",NULL,NULL
9546310,2024-12-08,paid_search,web,"United Kingdom",34,"Software Engineer",NULL,187498
9547085,2023-11-03,paid_search,android,"United Kingdom",45,"Sales Rep",NULL,164820
9547900,2024-02-24,organic,ios,"United Kingdom",43,Consultant,NULL,999159
9548080,2024-05-23,affiliate,ios,"United States",28,Nurse,NULL,832180
9551646,2024-12-03,affiliate,ios,"United States",26,"Small Business Owner",NULL,887201
9551795,2024-11-17,affiliate,web,"United Kingdom",36,Nurse,NULL,832180
9551881,2024-07-31,paid_search,ios,"United States",31,Accountant,NULL,237337
9552442,2024-12-23,organic,android,"United Kingdom",30,Teacher,NULL,NULL
9555080,2024-06-08,affiliate,android,"United Kingdom",34,"Small Business Owner",NULL,887201
9556135,2024-11-02,paid_search,android,Germany,32,Student,NULL,164820
9556255,2023-11-18,paid_search,ios,"United Kingdom",69,Freelancer,NULL,164820
9557286,2024-05-08,affiliate,android,Mexico,28,"Software Engineer",NULL,887201
9558542,2024-07-18,paid_search,web,"United States",30,"Marketing Manager",NULL,237337
9559531,2023-03-30,affiliate,ios,"United States",32,Student,NULL,744167
9559556,2024-08-30,social,web,Germany,32,Nurse,NULL,378167
9563645,2024-05-30,affiliate,android,"United States",22,Accountant,NULL,832180
9565873,2024-07-05,paid_search,android,Nigeria,24,Freelancer,NULL,771155
9566554,2024-12-18,organic,web,"United States",32,"Software Engineer",NULL,NULL
9566765,2024-10-23,affiliate,ios,Philippines,39,"Small Business Owner",NULL,832180
9568438,2024-08-07,referral,web,Germany,33,"Sales Rep","Partner App",NULL
9570397,2024-01-08,referral,ios,"United States",43,Teacher,Employee,NULL
9570556,2024-12-28,organic,web,Philippines,28,"Software Engineer",NULL,NULL
9571632,2023-06-08,organic,web,"United States",50,Unemployed,NULL,NULL
9577064,2024-06-30,paid_search,android,Canada,37,Nurse,NULL,141090
9578845,2024-08-05,affiliate,android,"United States",32,"Small Business Owner",NULL,221958
9580504,2023-09-13,affiliate,ios,"United Kingdom",18,Teacher,NULL,291335
9582299,2024-11-15,social,ios,Mexico,18,"Small Business Owner",NULL,378167
9582447,2024-11-10,social,ios,Mexico,30,"Marketing Manager",NULL,465838
9582851,2024-06-19,referral,web,"United States",29,"Marketing Manager","Existing Customer",NULL
9586625,2024-07-04,social,ios,"United States",36,Retired,NULL,465838
9589747,2024-03-16,social,ios,Germany,33,"Small Business Owner",NULL,378167
9592974,2023-06-27,paid_search,web,"United States",38,Accountant,NULL,154886
9593059,2024-06-24,referral,ios,"United Kingdom",31,Nurse,"Community Forum",NULL
9593188,2024-02-25,paid_search,web,Brazil,27,Accountant,NULL,141090
9593223,2023-10-27,paid_search,ios,"United States",27,"Sales Rep",NULL,141090
9594859,2024-07-26,organic,android,India,31,Nurse,NULL,NULL
9594992,2024-12-19,organic,web,Canada,19,Freelancer,NULL,NULL
9595960,2023-08-16,organic,ios,"United States",33,Unemployed,NULL,NULL
9596108,2024-06-28,paid_search,ios,"United States",21,Consultant,NULL,771155
9597467,2024-07-06,paid_search,web,"United States",47,"Small Business Owner",NULL,421879
9597494,2024-06-30,organic,android,"United Kingdom",23,Freelancer,NULL,NULL
9601462,2024-01-10,referral,ios,Mexico,51,Student,"Community Forum",NULL
9601594,2024-02-23,social,web,"United States",42,Unemployed,NULL,465838
9602541,2024-09-22,affiliate,web,Philippines,28,Student,NULL,744167
9602831,2024-04-08,paid_search,web,"United States",27,Freelancer,NULL,164820
9604008,2024-05-29,referral,web,Canada,26,Teacher,Employee,NULL
9605094,2024-01-07,paid_search,ios,Mexico,31,Unemployed,NULL,237337
9606776,2023-08-13,paid_search,android,Philippines,31,Accountant,NULL,818315
9607009,2023-09-06,paid_search,ios,"United States",26,"Marketing Manager",NULL,187498
9611474,2023-05-24,affiliate,web,Nigeria,48,"Sales Rep",NULL,832180
9612670,2024-06-26,paid_search,web,Canada,38,"Small Business Owner",NULL,187498
9614295,2024-10-02,paid_search,android,"United Kingdom",32,"Sales Rep",NULL,164820
9614787,2024-03-06,affiliate,ios,Canada,20,"Sales Rep",NULL,221958
9615797,2024-05-30,social,ios,Mexico,42,Unemployed,NULL,465838
9622587,2024-05-02,organic,web,"United States",49,Nurse,NULL,NULL
9622693,2023-12-18,organic,ios,Philippines,52,Student,NULL,NULL
9623041,2023-12-22,organic,ios,"United States",40,"Sales Rep",NULL,NULL
9625044,2024-05-17,organic,web,India,30,"Small Business Owner",NULL,NULL
9625146,2024-04-27,referral,android,Germany,32,Accountant,"Partner App",NULL
9626510,2024-01-22,paid_search,web,"United States",35,"Software Engineer",NULL,359178
9634012,2024-02-19,referral,ios,"United States",42,"Software Engineer","Partner App",NULL
9634939,2023-12-17,affiliate,web,"United States",47,Retired,NULL,291335
9637872,2024-06-01,paid_search,android,India,43,Unemployed,NULL,621430
9637873,2024-09-12,affiliate,web,"United Kingdom",19,Consultant,NULL,221958
9639483,2024-09-05,referral,ios,Canada,51,Teacher,Employee,NULL
9640059,2024-09-04,social,android,"United States",41,"Small Business Owner",NULL,465838
9640145,2023-11-18,organic,web,"United States",46,Nurse,NULL,NULL
9641123,2024-02-18,social,android,Germany,49,"Marketing Manager",NULL,465838
9642873,2024-08-11,paid_search,web,Australia,61,"Software Engineer",NULL,141090
9642979,2024-09-10,paid_search,web,Australia,18,"Small Business Owner",NULL,421879
9644147,2024-07-05,affiliate,web,"United States",48,Consultant,NULL,210268
9647088,2024-04-10,referral,android,"United Kingdom",32,Student,"Community Forum",NULL
9648035,2024-09-25,affiliate,web,Germany,26,"Marketing Manager",NULL,291335
9649318,2024-05-11,paid_search,web,"United States",27,Student,NULL,141090
9650699,2023-08-12,referral,android,India,19,Teacher,"Community Forum",NULL
9651347,2023-06-17,paid_search,android,Canada,22,"Small Business Owner",NULL,771155
9652111,2024-11-08,paid_search,ios,"United States",37,Accountant,NULL,187498
9652233,2023-09-23,organic,web,"United Kingdom",36,"Software Engineer",NULL,NULL
9652831,2024-11-07,social,web,"United States",54,"Marketing Manager",NULL,465838
9654406,2023-08-26,social,android,"United States",50,Teacher,NULL,465838
9654584,2024-12-23,paid_search,web,"United States",34,Freelancer,NULL,621430
9654758,2023-03-16,paid_search,android,"United States",33,Retired,NULL,621430
9656691,2024-11-15,organic,web,"United States",41,Freelancer,NULL,NULL
9657116,2024-11-24,organic,ios,Philippines,47,"Small Business Owner",NULL,NULL
9657768,2024-02-19,affiliate,web,"United States",38,"Marketing Manager",NULL,832180
9658123,2023-10-06,social,web,Brazil,50,"Sales Rep",NULL,378167
9658144,2024-10-04,organic,android,"United States",24,Freelancer,NULL,NULL
9658754,2024-06-09,organic,web,Canada,32,Student,NULL,NULL
9659522,2024-11-27,organic,ios,"United States",45,Nurse,NULL,999159
9661957,2024-10-30,social,web,"United States",28,"Marketing Manager",NULL,465838
9662149,2023-06-17,paid_search,web,"United States",28,Nurse,NULL,818315
9666712,2023-10-06,affiliate,web,"United States",50,Student,NULL,832180
9667126,2024-03-22,affiliate,android,"United States",49,Freelancer,NULL,832180
9669441,2023-05-30,organic,web,"United States",45,"Small Business Owner",NULL,NULL
9670178,2023-10-03,organic,android,Canada,43,"Small Business Owner",NULL,NULL
9670304,2023-10-13,organic,ios,India,26,Teacher,NULL,429365
9671370,2024-11-11,social,web,"United States",28,Unemployed,NULL,378167
9671734,2024-04-25,paid_search,web,Philippines,36,"Software Engineer",NULL,187498
9672424,2024-08-21,paid_search,ios,Canada,40,Accountant,NULL,771155
9673899,2024-01-12,paid_search,web,"United States",39,Teacher,NULL,771155
9674163,2024-04-23,affiliate,web,India,39,"Marketing Manager",NULL,210268
9674708,2023-07-10,organic,ios,Mexico,34,Unemployed,NULL,999159
9675237,2024-11-15,paid_search,android,"United States",38,Teacher,NULL,621430
9676514,2024-02-02,social,web,Brazil,28,Retired,NULL,378167
9676924,2024-11-16,organic,android,Canada,46,Consultant,NULL,NULL
9677177,2024-01-20,paid_search,ios,Mexico,23,Retired,NULL,359178
9677571,2023-11-11,organic,ios,"United States",32,Accountant,NULL,429365
9677828,2023-09-13,paid_search,web,"United States",27,"Software Engineer",NULL,237337
9677980,2024-09-28,social,web,"United Kingdom",37,Freelancer,NULL,378167
9678376,2024-12-21,affiliate,web,Germany,42,Teacher,NULL,221958
9681921,2024-03-25,social,ios,Germany,33,Freelancer,NULL,465838
9683376,2024-07-19,paid_search,ios,Germany,32,Teacher,NULL,621430
9683565,2024-07-28,organic,web,Canada,30,"Sales Rep",NULL,NULL
9684509,2024-06-11,organic,web,Canada,30,Retired,NULL,NULL
9686283,2024-01-25,affiliate,android,"United States",38,"Sales Rep",NULL,221958
9686594,2023-06-04,organic,ios,"United States",18,Student,NULL,NULL
9687479,2024-04-21,paid_search,android,"United Kingdom",33,"Sales Rep",NULL,771155
9688458,2024-08-26,organic,android,"United States",30,Accountant,NULL,NULL
9689972,2024-11-15,paid_search,web,"United States",18,Retired,NULL,818315
9692832,2024-05-17,affiliate,android,"United States",38,Consultant,NULL,221958
9693670,2024-09-02,organic,web,"United Kingdom",30,"Small Business Owner",NULL,NULL
9694353,2024-09-13,organic,ios,Germany,60,Freelancer,NULL,429365
9697057,2024-05-29,paid_search,web,India,22,"Marketing Manager",NULL,237337
9699043,2024-05-12,paid_search,ios,"United States",24,Student,NULL,237337
9700349,2024-02-13,organic,web,"United States",24,Accountant,NULL,NULL
9701524,2024-12-17,organic,ios,"United States",25,"Software Engineer",NULL,NULL
9704225,2024-12-14,paid_search,ios,"United Kingdom",46,Nurse,NULL,164820
9704434,2024-07-04,paid_search,ios,Canada,25,Nurse,NULL,421879
9704813,2024-02-11,affiliate,ios,"United States",43,Unemployed,NULL,221958
9705070,2024-12-12,organic,android,India,20,Nurse,NULL,NULL
9705398,2024-02-06,affiliate,web,"United States",21,Consultant,NULL,231932
9705956,2023-11-14,organic,web,Mexico,27,Student,NULL,NULL
9706406,2024-12-16,social,android,Brazil,26,Student,NULL,465838
9706483,2024-11-19,social,android,"United States",25,Student,NULL,465838
9709188,2024-03-17,social,android,Canada,24,Nurse,NULL,465838
9710506,2024-10-08,paid_search,web,"United States",23,"Sales Rep",NULL,771155
9710745,2024-08-26,organic,web,Philippines,39,"Marketing Manager",NULL,NULL
9711998,2023-10-29,organic,android,"United States",30,"Small Business Owner",NULL,NULL
9713542,2024-01-14,organic,ios,India,18,Consultant,NULL,NULL
9713937,2024-07-07,organic,web,"United Kingdom",32,Accountant,NULL,NULL
9714892,2024-11-12,referral,ios,Australia,18,Retired,"Community Forum",NULL
9715633,2024-12-01,organic,ios,"United States",34,Nurse,NULL,NULL
9715912,2024-06-09,social,ios,Nigeria,39,"Marketing Manager",NULL,465838
9715978,2024-04-11,organic,web,India,43,Student,NULL,NULL
9717429,2023-07-13,paid_search,web,"United States",31,Unemployed,NULL,187498
9718936,2024-05-30,affiliate,ios,"United States",43,Nurse,NULL,887201
9722856,2023-06-03,organic,web,"United States",18,Freelancer,NULL,NULL
9724118,2024-08-07,affiliate,ios,Mexico,21,Retired,NULL,221958
9725977,2024-12-24,social,ios,"United States",34,Nurse,NULL,378167
9727148,2024-01-22,social,android,"United States",22,"Sales Rep",NULL,378167
9730829,2024-08-22,organic,web,Philippines,22,Teacher,NULL,NULL
9731032,2024-05-26,referral,android,"United States",33,"Marketing Manager","Community Forum",NULL
9734352,2024-02-01,organic,web,India,29,Nurse,NULL,NULL
9734837,2023-04-18,organic,ios,"United States",18,"Marketing Manager",NULL,NULL
9736347,2024-11-26,organic,web,India,39,"Sales Rep",NULL,429365
9737452,2024-10-10,paid_search,android,Australia,26,"Small Business Owner",NULL,141090
9737456,2024-09-11,affiliate,web,Mexico,37,"Small Business Owner",NULL,744167
9737723,2024-05-23,referral,web,Germany,36,Student,Employee,NULL
9737925,2024-11-19,organic,ios,Canada,43,"Software Engineer",NULL,429365
9738676,2023-10-19,paid_search,ios,India,37,"Small Business Owner",NULL,141090
9739287,2024-03-24,paid_search,ios,Germany,40,Unemployed,NULL,359178
9740245,2024-04-16,social,ios,Philippines,32,"Sales Rep",NULL,465838
9740973,2024-02-20,affiliate,web,"United States",54,"Sales Rep",NULL,210268
9741022,2024-02-02,affiliate,web,"United States",25,"Marketing Manager",NULL,887201
9741647,2024-11-05,referral,ios,"United States",38,Unemployed,"Existing Customer",NULL
9743662,2023-05-01,paid_search,ios,"United States",18,Freelancer,NULL,359178
9744220,2024-04-29,organic,ios,Philippines,43,"Marketing Manager",NULL,NULL
9745386,2023-08-23,organic,web,"United States",18,"Marketing Manager",NULL,NULL
9749917,2024-10-24,organic,android,"United States",18,"Software Engineer",NULL,NULL
9750364,2023-10-09,affiliate,android,"United Kingdom",25,"Sales Rep",NULL,832180
9751063,2024-12-28,paid_search,ios,Mexico,38,Retired,NULL,237337
9752084,2024-03-30,paid_search,web,"United States",18,"Sales Rep",NULL,164820
9752967,2024-01-26,affiliate,android,"United States",23,Unemployed,NULL,210268
9753373,2024-08-30,organic,ios,India,18,Teacher,NULL,NULL
9756262,2024-10-02,social,web,India,34,Accountant,NULL,465838
9761753,2023-02-12,social,ios,"United States",18,Consultant,NULL,465838
9763313,2024-06-02,organic,web,"United States",19,"Marketing Manager",NULL,NULL
9765940,2023-05-19,paid_search,android,"United States",18,"Small Business Owner",NULL,621430
9767088,2024-06-26,organic,web,"United Kingdom",24,Unemployed,NULL,NULL
9767500,2023-06-08,organic,android,Canada,43,Freelancer,NULL,NULL
9768201,2024-07-21,organic,web,"United States",30,Consultant,NULL,NULL
9771419,2024-08-08,affiliate,android,Australia,42,Freelancer,NULL,744167
9772978,2024-08-24,paid_search,ios,India,29,Nurse,NULL,818315
9773713,2024-08-23,paid_search,android,Australia,18,Freelancer,NULL,771155
9774533,2023-09-16,social,ios,"United States",41,"Software Engineer",NULL,378167
9774821,2024-09-27,paid_search,web,India,18,Consultant,NULL,771155
9776381,2024-06-03,organic,web,"United States",47,Consultant,NULL,NULL
9776510,2023-08-19,paid_search,ios,"United States",39,Nurse,NULL,141090
9776957,2023-04-13,paid_search,web,"United States",36,Nurse,NULL,164820
9777198,2024-08-06,affiliate,ios,"United States",36,Student,NULL,275203
9778570,2024-09-19,organic,android,Philippines,29,Nurse,NULL,NULL
9779116,2024-10-01,organic,android,Mexico,32,Unemployed,NULL,NULL
9779340,2024-06-08,organic,ios,"United Kingdom",37,Freelancer,NULL,NULL
9779788,2023-06-22,paid_search,android,"United States",19,Teacher,NULL,237337
9781664,2024-08-26,social,ios,"United States",46,Retired,NULL,465838
9782882,2024-11-03,affiliate,android,"United States",28,Freelancer,NULL,275203
9783148,2023-12-22,organic,web,Australia,36,Consultant,NULL,NULL
9783376,2023-11-15,affiliate,ios,Germany,31,Freelancer,NULL,887201
9783406,2024-06-15,organic,web,Philippines,20,Retired,NULL,999159
9785064,2023-07-15,social,web,"United States",30,Consultant,NULL,465838
9785780,2024-06-01,paid_search,android,"United States",35,Consultant,NULL,141090
9786301,2023-10-11,affiliate,android,India,25,Teacher,NULL,744167
9790529,2023-11-22,affiliate,ios,Canada,33,Student,NULL,231932
9791249,2024-09-12,organic,ios,"United States",27,Nurse,NULL,NULL
9791689,2024-08-09,paid_search,ios,Germany,28,Accountant,NULL,771155
9791690,2024-01-24,organic,web,Canada,18,Accountant,NULL,NULL
9791765,2023-11-18,organic,android,Canada,33,Consultant,NULL,NULL
9793380,2024-12-14,paid_search,android,"United States",43,"Sales Rep",NULL,421879
9795492,2024-05-02,affiliate,web,Germany,18,"Small Business Owner",NULL,744167
9796015,2024-01-17,organic,android,"United Kingdom",18,"Sales Rep",NULL,NULL
9798834,2023-08-21,referral,web,"United States",47,Consultant,"Community Forum",NULL
9802907,2024-12-09,organic,ios,Nigeria,33,Teacher,NULL,NULL
9803208,2024-04-05,social,web,"United States",33,Freelancer,NULL,465838
9803235,2024-12-05,affiliate,ios,Germany,43,Teacher,NULL,887201
9805348,2024-04-25,affiliate,web,"United States",25,Consultant,NULL,291335
9805586,2024-02-22,paid_search,android,Nigeria,29,Accountant,NULL,154886
9807673,2023-05-01,paid_search,android,India,18,"Marketing Manager",NULL,154886
9809147,2024-03-15,referral,web,Brazil,47,Teacher,"Community Forum",NULL
9809210,2024-02-28,affiliate,web,"United States",35,Retired,NULL,887201
9809609,2024-06-17,organic,ios,India,44,Nurse,NULL,429365
9810351,2024-10-17,paid_search,web,"United States",18,Teacher,NULL,359178
9810381,2024-12-24,organic,web,Nigeria,48,Teacher,NULL,NULL
9811249,2023-12-01,organic,web,Brazil,24,Consultant,NULL,NULL
9811785,2024-09-24,organic,web,Germany,49,Teacher,NULL,999159
9811940,2024-01-02,social,web,"United States",31,"Sales Rep",NULL,465838
9813240,2024-07-07,organic,ios,"United States",31,Student,NULL,NULL
9814131,2023-10-26,organic,web,Philippines,59,"Marketing Manager",NULL,429365
9815282,2023-11-21,paid_search,web,Canada,40,Accountant,NULL,621430
9815496,2024-03-25,affiliate,web,"United States",45,Nurse,NULL,291335
9815995,2024-11-17,organic,web,Canada,35,"Small Business Owner",NULL,999159
9816087,2024-11-04,organic,android,Germany,18,Freelancer,NULL,NULL
9817164,2024-08-28,organic,android,Brazil,18,"Sales Rep",NULL,NULL
9817353,2024-12-19,paid_search,android,"United States",31,"Marketing Manager",NULL,141090
9817518,2024-03-08,organic,web,India,35,Nurse,NULL,NULL
9821437,2024-06-11,social,ios,"United States",49,Retired,NULL,465838
9821549,2023-08-23,affiliate,ios,"United States",34,Retired,NULL,221958
9822405,2024-06-07,social,ios,Germany,39,"Marketing Manager",NULL,465838
9824031,2024-06-28,organic,android,Mexico,42,Accountant,NULL,NULL
9825150,2024-12-23,organic,web,India,29,Consultant,NULL,NULL
9826233,2023-09-19,organic,web,"United Kingdom",31,"Small Business Owner",NULL,NULL
9828325,2024-08-01,affiliate,android,Mexico,26,Nurse,NULL,275203
9830852,2023-11-12,social,web,Australia,43,"Software Engineer",NULL,378167
9831924,2024-04-17,paid_search,web,"United States",26,Accountant,NULL,621430
9836621,2023-05-12,organic,android,"United Kingdom",30,Retired,NULL,NULL
9837590,2023-11-01,paid_search,ios,Philippines,18,Retired,NULL,359178
9839008,2023-02-24,paid_search,web,"United States",32,Teacher,NULL,818315
9839765,2024-02-03,social,web,Canada,18,Consultant,NULL,465838
9840597,2024-11-25,organic,android,Canada,20,Student,NULL,NULL
9841830,2023-10-20,social,ios,Brazil,34,Teacher,NULL,378167
9843026,2024-08-19,paid_search,android,"United States",18,"Software Engineer",NULL,771155
9844712,2024-11-08,organic,web,Australia,34,"Marketing Manager",NULL,NULL
9847905,2024-09-09,referral,android,Canada,20,Consultant,"Existing Customer",NULL
9849851,2023-08-30,affiliate,ios,"United States",27,Consultant,NULL,221958
9852545,2023-12-31,affiliate,android,"United Kingdom",25,"Software Engineer",NULL,832180
9853143,2024-11-07,referral,ios,Germany,43,Accountant,"Community Forum",NULL
9854198,2024-06-22,organic,ios,Philippines,39,"Marketing Manager",NULL,NULL
9855197,2024-09-03,organic,web,"United States",26,"Sales Rep",NULL,NULL
9855603,2024-10-30,referral,web,"United States",26,Nurse,"Existing Customer",NULL
9856832,2024-05-14,paid_search,android,"United States",23,Freelancer,NULL,421879
9856884,2024-05-05,referral,web,Brazil,26,Unemployed,"Partner App",NULL
9859060,2024-11-18,organic,web,"United States",47,Retired,NULL,NULL
9859690,2024-04-22,organic,web,India,30,Consultant,NULL,429365
9860286,2024-02-19,organic,ios,"United States",44,Nurse,NULL,NULL
9860369,2024-08-11,affiliate,web,"United States",43,Accountant,NULL,275203
9860935,2024-05-07,affiliate,web,"United Kingdom",28,Student,NULL,210268
9862264,2024-07-07,paid_search,ios,"United Kingdom",32,Freelancer,NULL,164820
9863886,2023-10-06,organic,android,Australia,20,"Sales Rep",NULL,NULL
9865465,2024-06-30,organic,web,Nigeria,31,"Sales Rep",NULL,NULL
9868577,2023-07-08,social,web,"United States",28,Nurse,NULL,378167
9868958,2023-07-25,paid_search,ios,Australia,29,Nurse,NULL,771155
9870046,2024-09-30,organic,android,"United States",43,"Marketing Manager",NULL,NULL
9871058,2024-11-17,social,ios,"United States",41,"Software Engineer",NULL,465838
9873895,2024-01-03,paid_search,web,Mexico,60,Retired,NULL,621430
9874365,2024-12-07,organic,android,Canada,30,Freelancer,NULL,NULL
9874883,2023-10-07,organic,web,"United Kingdom",43,Nurse,NULL,NULL
9875206,2024-06-19,social,android,"United States",34,Freelancer,NULL,378167
9875234,2023-06-01,organic,ios,"United States",22,"Sales Rep",NULL,NULL
9875943,2023-08-23,paid_search,web,Brazil,35,Consultant,NULL,141090
9876659,2024-10-10,affiliate,android,"United States",22,"Small Business Owner",NULL,744167
9877580,2024-01-03,paid_search,web,"United Kingdom",22,Student,NULL,187498
9878023,2024-03-07,paid_search,web,Brazil,23,"Marketing Manager",NULL,621430
9878234,2024-01-31,organic,web,"United States",28,"Sales Rep",NULL,NULL
9879391,2023-01-25,affiliate,web,"United States",49,Freelancer,NULL,231932
9879823,2024-03-11,organic,web,Australia,39,Consultant,NULL,999159
9881111,2024-03-13,social,web,India,24,Nurse,NULL,378167
9882600,2023-08-02,organic,web,India,26,Retired,NULL,NULL
9884527,2023-10-22,paid_search,android,"United States",18,Teacher,NULL,359178
9885048,2024-03-16,social,web,Canada,29,Accountant,NULL,378167
9885366,2024-12-12,affiliate,web,"United States",47,"Sales Rep",NULL,210268
9887120,2024-09-22,organic,ios,"United States",36,Consultant,NULL,429365
9887324,2024-10-26,organic,android,"United States",35,Consultant,NULL,NULL
9888079,2024-12-16,affiliate,ios,India,35,Retired,NULL,221958
9888923,2024-11-19,paid_search,ios,Brazil,38,Freelancer,NULL,771155
9889782,2024-03-12,social,web,Philippines,18,Unemployed,NULL,465838
9890401,2024-03-22,paid_search,ios,"United Kingdom",43,Retired,NULL,141090
9890872,2024-05-16,affiliate,web,"United States",35,Retired,NULL,231932
9893518,2024-08-04,organic,web,Philippines,42,Unemployed,NULL,NULL
9896161,2023-10-31,social,ios,"United States",32,"Marketing Manager",NULL,378167
9896761,2024-08-21,paid_search,web,"United States",35,Unemployed,NULL,771155
9898978,2023-10-13,affiliate,ios,"United States",18,Freelancer,NULL,231932
9899217,2023-04-29,organic,ios,"United States",26,"Marketing Manager",NULL,NULL
9899691,2024-05-26,organic,web,"United States",45,Freelancer,NULL,NULL
9899770,2024-08-11,organic,web,"United States",35,Nurse,NULL,NULL
9900019,2024-11-09,organic,android,"United States",36,"Software Engineer",NULL,NULL
9901674,2024-11-22,organic,android,"United States",26,Unemployed,NULL,NULL
9905184,2024-09-09,paid_search,android,Brazil,53,"Marketing Manager",NULL,187498
9905808,2024-11-28,organic,android,India,27,Teacher,NULL,NULL
9905865,2024-11-16,paid_search,ios,Philippines,44,"Sales Rep",NULL,359178
9905921,2024-07-02,organic,ios,Brazil,48,Accountant,NULL,NULL
9908385,2024-07-11,paid_search,ios,Germany,18,Teacher,NULL,621430
9908720,2023-12-30,paid_search,android,India,37,"Marketing Manager",NULL,359178
9910005,2024-02-21,organic,web,"United States",33,Consultant,NULL,NULL
9910335,2024-03-18,referral,ios,India,18,Retired,"Existing Customer",NULL
9910606,2024-08-14,organic,ios,"United States",44,"Software Engineer",NULL,NULL
9910762,2023-06-08,referral,web,India,34,Consultant,Employee,NULL
9910852,2024-12-24,social,ios,India,30,Consultant,NULL,465838
9913613,2024-03-21,organic,web,"United States",31,"Small Business Owner",NULL,429365
9913742,2024-05-15,affiliate,web,"United States",18,Freelancer,NULL,210268
9914438,2024-04-09,paid_search,web,"United Kingdom",49,"Marketing Manager",NULL,771155
9914501,2024-11-04,social,ios,Nigeria,18,"Software Engineer",NULL,465838
9915948,2024-08-20,organic,web,India,23,Retired,NULL,NULL
9916776,2024-04-28,social,web,Nigeria,43,Freelancer,NULL,465838
9918562,2023-07-02,organic,android,"United States",23,Nurse,NULL,NULL
9919757,2023-05-30,organic,web,"United States",23,"Software Engineer",NULL,NULL
9920206,2024-09-07,paid_search,web,Canada,25,"Sales Rep",NULL,421879
9920857,2023-05-13,affiliate,ios,Canada,21,"Software Engineer",NULL,744167
9921334,2024-09-27,paid_search,android,Brazil,20,"Sales Rep",NULL,421879
9924435,2023-09-24,referral,android,"United States",18,"Sales Rep","Partner App",NULL
9926299,2024-11-11,social,web,"United States",18,Freelancer,NULL,378167
9927811,2024-02-09,organic,android,Brazil,47,Retired,NULL,NULL
9929285,2024-07-02,paid_search,ios,Germany,53,Student,NULL,187498
9929860,2024-12-05,organic,ios,Australia,31,Teacher,NULL,999159
9930264,2024-09-19,affiliate,ios,"United States",38,"Software Engineer",NULL,887201
9934845,2023-08-27,affiliate,ios,"United Kingdom",25,Consultant,NULL,832180
9935827,2024-01-09,social,web,Mexico,39,Freelancer,NULL,378167
9937492,2024-01-11,affiliate,web,Germany,34,Nurse,NULL,221958
9937999,2023-05-10,paid_search,android,Nigeria,53,"Sales Rep",NULL,421879
9940203,2024-11-04,organic,ios,"United States",28,"Small Business Owner",NULL,NULL
9941047,2024-04-12,paid_search,web,Canada,52,Accountant,NULL,164820
9944718,2024-03-24,organic,ios,Canada,30,Accountant,NULL,NULL
9945309,2024-11-13,affiliate,ios,"United States",22,Consultant,NULL,231932
9945326,2024-05-18,organic,ios,India,18,Teacher,NULL,429365
9945850,2023-05-26,paid_search,android,"United States",42,Teacher,NULL,771155
9946694,2023-08-06,referral,web,Philippines,30,Unemployed,"Partner App",NULL
9947727,2024-10-19,social,ios,"United States",34,"Marketing Manager",NULL,378167
9948331,2023-07-03,organic,android,Canada,39,"Sales Rep",NULL,NULL
9949454,2024-01-23,paid_search,ios,Mexico,28,Unemployed,NULL,187498
9950668,2024-05-08,social,ios,India,36,"Marketing Manager",NULL,378167
9951442,2023-05-20,referral,web,India,53,Unemployed,"Partner App",NULL
9953038,2023-12-16,paid_search,ios,Nigeria,33,Freelancer,NULL,154886
9955118,2024-08-10,organic,ios,Australia,18,"Software Engineer",NULL,429365
9955427,2024-05-24,organic,ios,"United States",37,"Sales Rep",NULL,NULL
9957541,2024-03-27,paid_search,web,"United States",35,Retired,NULL,359178
9958825,2024-09-13,affiliate,android,Philippines,45,Retired,NULL,291335
9959601,2024-08-11,affiliate,ios,"United States",55,"Sales Rep",NULL,744167
9960820,2023-12-12,paid_search,android,Brazil,29,"Small Business Owner",NULL,141090
9961343,2024-01-19,organic,ios,Nigeria,44,"Small Business Owner",NULL,NULL
9962049,2024-03-31,paid_search,ios,Mexico,30,Freelancer,NULL,621430
9966309,2024-12-19,referral,web,"United States",56,Consultant,"Existing Customer",NULL
9970512,2024-02-12,organic,ios,"United States",67,"Marketing Manager",NULL,NULL
9970922,2024-09-30,paid_search,web,India,37,Accountant,NULL,771155
9971541,2024-10-18,organic,web,"United States",31,Teacher,NULL,NULL
9972618,2024-11-23,affiliate,ios,"United States",32,Accountant,NULL,291335
9973326,2024-06-10,affiliate,ios,"United States",29,"Marketing Manager",NULL,231932
9973541,2024-04-24,affiliate,ios,"United States",31,Retired,NULL,291335
9975681,2023-06-30,social,ios,"United States",43,"Small Business Owner",NULL,378167
9975708,2024-08-18,affiliate,web,India,39,"Sales Rep",NULL,275203
9976766,2024-11-11,organic,web,Canada,18,"Marketing Manager",NULL,NULL
9976973,2023-03-25,affiliate,web,India,39,Freelancer,NULL,291335
9977182,2024-02-16,organic,android,"United States",31,Retired,NULL,NULL
9978989,2024-07-05,paid_search,web,Canada,30,"Marketing Manager",NULL,187498
9979219,2023-10-07,social,web,"United Kingdom",25,Teacher,NULL,378167
9979250,2023-12-04,affiliate,ios,Philippines,44,"Marketing Manager",NULL,291335
9982339,2023-12-21,paid_search,ios,India,39,Unemployed,NULL,141090
9982913,2024-10-14,social,ios,"United States",47,"Marketing Manager",NULL,465838
9983212,2024-09-19,paid_search,web,Brazil,38,Accountant,NULL,237337
9985290,2024-06-21,organic,web,"United Kingdom",19,"Sales Rep",NULL,NULL
9985826,2024-08-02,organic,android,Australia,41,Unemployed,NULL,NULL
9987114,2024-04-29,social,android,"United States",30,Consultant,NULL,378167
9988400,2024-11-24,referral,android,"United States",52,"Sales Rep","Partner App",NULL
9989138,2024-11-20,organic,android,Australia,41,Accountant,NULL,NULL
9990499,2024-06-23,social,web,India,32,Teacher,NULL,378167
9990884,2024-04-16,affiliate,ios,"United Kingdom",51,Freelancer,NULL,210268
9991899,2024-07-14,paid_search,android,Brazil,21,Unemployed,NULL,359178
9992719,2024-10-22,affiliate,web,"United Kingdom",29,"Small Business Owner",NULL,744167
9994006,2024-08-03,organic,web,"United States",24,Teacher,NULL,999159
9994359,2024-10-17,social,ios,India,37,Student,NULL,465838
9997354,2024-01-05,affiliate,ios,"United States",46,Student,NULL,275203
9998331,2024-11-16,organic,web,"United States",18,"Software Engineer",NULL,NULL
9998604,2024-07-11,affiliate,web,"United States",31,Accountant,NULL,291335
9998934,2024-05-07,social,web,"United States",39,Student,NULL,465838
