user_id,signup_date,acquisition_channel,device_type,country,age,occupation,referral_source,marketing_campaign_id
6914063,2024-07-06,social,android,Nigeria,33,Sales Rep,,465838.0
8978450,2024-05-31,paid_search,ios,Philippines,35,Freelancer,,771155.0
4030486,2024-01-04,paid_search,ios,Germany,46,Unemployed,,359178.0
6717467,2024-08-23,social,web,India,18,Freelancer,,378167.0
4751387,2024-07-06,paid_search,android,Australia,36,Marketing Manager,,237337.0
5701669,2024-10-23,social,android,India,34,Sales Rep,,465838.0
6651944,2024-03-07,affiliate,ios,United States,30,Accountant,,210268.0
6422569,2024-01-30,organic,ios,Mexico,18,Unemployed,,
3768362,2024-10-27,organic,web,United Kingdom,21,Nurse,,
3932208,2024-01-18,paid_search,ios,United States,29,Freelancer,,187498.0
1998899,2024-12-13,paid_search,android,Mexico,36,Freelancer,,818315.0
7929909,2024-07-29,affiliate,ios,United States,22,Student,,231932.0
1867838,2024-04-13,paid_search,android,Mexico,45,Software Engineer,,359178.0
9437247,2023-12-12,social,ios,United States,33,Unemployed,,378167.0
6881344,2024-08-02,organic,ios,Canada,42,Consultant,,
4423754,2024-09-17,organic,ios,United States,49,Teacher,,
6750283,2024-08-23,organic,ios,United Kingdom,24,Freelancer,,
5013582,2024-09-05,organic,android,Brazil,18,Software Engineer,,
5537871,2023-12-11,paid_search,web,United States,31,Nurse,,237337.0
9076818,2024-10-24,organic,android,Brazil,22,Teacher,,
1671253,2024-12-10,affiliate,android,United Kingdom,57,Freelancer,,291335.0
3113048,2023-06-09,social,android,United States,35,Marketing Manager,,378167.0
8421473,2024-03-22,referral,android,India,35,Consultant,Employee,
6619236,2023-12-18,social,ios,Germany,24,Small Business Owner,,378167.0
1441904,2023-11-03,affiliate,ios,United States,45,Teacher,,210268.0
2424945,2024-10-09,organic,ios,United Kingdom,40,Software Engineer,,429365.0
2228337,2024-10-31,organic,android,Philippines,31,Teacher,,
1245300,2024-11-03,organic,ios,United Kingdom,38,Consultant,,
9994359,2024-10-17,social,ios,India,37,Student,,465838.0
6127736,2024-07-20,organic,ios,United States,41,Student,,
1769598,2024-10-31,affiliate,ios,Nigeria,30,Teacher,,275203.0
6193278,2024-05-16,paid_search,web,Mexico,35,Sales Rep,,237337.0
8683647,2023-06-14,organic,ios,Canada,29,Nurse,,
3866757,2024-12-03,affiliate,web,India,27,Marketing Manager,,221958.0
8519817,2024-09-15,organic,android,Philippines,37,Teacher,,
4817042,2024-03-06,affiliate,web,Canada,22,Sales Rep,,744167.0
9666712,2023-10-06,affiliate,web,United States,50,Student,,832180.0
9535640,2024-04-10,referral,android,United States,36,Consultant,Community Forum,
1835165,2023-05-28,organic,web,Brazil,23,Accountant,,
7766174,2024-06-14,organic,web,United States,44,Retired,,
2752683,2024-12-21,affiliate,web,Brazil,35,Teacher,,291335.0
4751531,2023-06-07,organic,web,Mexico,20,Student,,429365.0
5767348,2024-09-26,social,web,United States,27,Unemployed,,378167.0
9568438,2024-08-07,referral,web,Germany,33,Sales Rep,Partner App,
6455483,2024-08-27,paid_search,ios,United States,22,Small Business Owner,,359178.0
8880317,2024-10-06,organic,ios,United Kingdom,48,Teacher,,429365.0
7110845,2024-10-18,paid_search,web,United States,37,Teacher,,237337.0
9109698,2023-11-15,paid_search,web,Philippines,37,Consultant,,141090.0
8716492,2023-10-16,social,android,Australia,27,Software Engineer,,378167.0
4456653,2024-11-04,referral,web,Mexico,42,Nurse,Existing Customer,
6783182,2024-02-04,affiliate,android,United States,39,Nurse,,887201.0
9437392,2024-02-15,social,web,Australia,33,Nurse,,378167.0
8650961,2024-09-14,organic,android,United States,34,Unemployed,,
3702994,2024-10-29,organic,web,India,50,Unemployed,,
4489429,2023-11-02,organic,ios,Germany,28,Marketing Manager,,429365.0
9634012,2024-02-19,referral,ios,United States,42,Software Engineer,Partner App,
8356061,2024-06-11,social,web,United States,34,Nurse,,378167.0
7569632,2024-01-30,affiliate,android,Mexico,36,Small Business Owner,,887201.0
9896161,2023-10-31,social,ios,United States,32,Marketing Manager,,378167.0
6193378,2024-07-09,referral,android,Brazil,52,Sales Rep,Employee,
7864547,2024-05-30,referral,android,Mexico,38,Software Engineer,Employee,
3145977,2024-01-16,affiliate,web,Brazil,38,Unemployed,,887201.0
7307517,2024-09-10,organic,android,United States,21,Software Engineer,,
8061183,2024-07-04,organic,android,Canada,26,Nurse,,
1442061,2024-11-16,affiliate,web,Germany,38,Student,,210268.0
7012621,2024-07-11,organic,web,India,32,Small Business Owner,,
7078159,2024-11-01,paid_search,android,United Kingdom,22,Software Engineer,,359178.0
4948242,2024-11-22,affiliate,web,United Kingdom,43,Nurse,,275203.0
2785559,2023-08-19,organic,ios,India,22,Small Business Owner,,
5603623,2023-05-14,referral,web,Mexico,53,Sales Rep,Partner App,
8814889,2024-10-13,organic,ios,Canada,40,Marketing Manager,,
9437482,2024-03-01,referral,android,United States,33,Student,Existing Customer,
6947117,2023-04-02,referral,android,Australia,31,Unemployed,Existing Customer,
2818352,2023-08-10,social,web,United States,26,Student,,378167.0
4620597,2024-01-21,paid_search,web,United States,18,Student,,164820.0
2490687,2024-07-10,social,android,Australia,25,Nurse,,378167.0
6259018,2024-08-06,paid_search,web,United States,38,Student,,621430.0
6947148,2023-06-20,social,web,Canada,20,Unemployed,,465838.0
3768654,2023-08-30,paid_search,android,Brazil,30,Consultant,,818315.0
4489550,2024-07-03,social,web,Germany,52,Accountant,,378167.0
9208149,2024-05-11,organic,android,United States,26,Nurse,,
5636440,2024-10-17,organic,web,United States,18,Retired,,
4817242,2024-11-13,affiliate,ios,Mexico,21,Accountant,,887201.0
9306461,2024-07-02,social,ios,United States,53,Freelancer,,465838.0
9437534,2024-07-09,affiliate,android,Mexico,35,Student,,887201.0
4456800,2023-10-22,organic,android,Canada,24,Software Engineer,,
2982243,2024-10-17,affiliate,web,United States,38,Retired,,210268.0
3801445,2024-12-27,referral,android,Australia,23,Consultant,Community Forum,
5439850,2023-06-07,affiliate,ios,Mexico,18,Consultant,,231932.0
7864684,2023-03-27,paid_search,android,Philippines,48,Nurse,,187498.0
4358509,2024-11-19,paid_search,web,Canada,31,Consultant,,141090.0
3080563,2024-06-10,organic,web,Mexico,54,Teacher,,429365.0
1737090,2024-12-16,paid_search,web,United States,41,Student,,164820.0
1212803,2024-07-20,organic,ios,United States,30,Student,,
6193542,2023-07-27,affiliate,android,United States,34,Accountant,,744167.0
5079430,2024-07-08,paid_search,android,United States,34,Student,,164820.0
7111053,2024-10-09,paid_search,android,India,38,Sales Rep,,421879.0
5079441,2024-10-31,organic,ios,United States,19,Small Business Owner,,
3604884,2024-05-15,affiliate,ios,Philippines,47,Freelancer,,275203.0
2261402,2024-11-07,affiliate,ios,Germany,39,Teacher,,744167.0
9109916,2023-12-16,organic,ios,United States,31,Student,,
3015074,2024-09-23,paid_search,web,Mexico,48,Nurse,,164820.0
8323494,2024-04-27,organic,web,United States,41,Marketing Manager,,999159.0
3604902,2024-12-05,organic,web,Brazil,18,Software Engineer,,
7471530,2024-08-06,referral,web,United States,43,Freelancer,Employee,
2195885,2024-01-26,organic,ios,United Kingdom,25,Sales Rep,,
8487345,2024-11-04,organic,web,United Kingdom,18,Consultant,,
4948401,2024-05-31,affiliate,web,United States,23,Accountant,,275203.0
9601462,2024-01-10,referral,ios,Mexico,51,Student,Community Forum,
6193595,2024-12-14,referral,web,United Kingdom,41,Unemployed,Employee,
2916796,2023-11-26,organic,android,Philippines,35,Accountant,,
1114560,2023-10-07,affiliate,ios,United States,38,Marketing Manager,,744167.0
9830852,2023-11-12,social,web,Australia,43,Software Engineer,,378167.0
5210583,2024-01-14,affiliate,web,Brazil,31,Unemployed,,231932.0
5833177,2024-08-20,social,ios,India,49,Unemployed,,378167.0
6455770,2024-02-16,social,android,India,34,Retired,,378167.0
3211738,2024-11-01,affiliate,ios,United States,18,Sales Rep,,221958.0
3670492,2023-12-24,organic,ios,India,53,Accountant,,
9503197,2024-05-21,paid_search,web,Philippines,19,Freelancer,,421879.0
8094176,2024-05-09,organic,android,United States,46,Accountant,,
6029792,2024-07-30,organic,web,Brazil,18,Teacher,,
8946155,2024-08-13,paid_search,ios,United States,36,Retired,,421879.0
2851317,2024-12-13,paid_search,web,United States,27,Student,,237337.0
6062581,2024-06-20,organic,ios,Canada,39,Marketing Manager,,
7930358,2024-11-05,referral,ios,United States,53,Retired,Partner App,
3539448,2024-12-04,organic,web,India,31,Small Business Owner,,429365.0
1638922,2024-04-02,organic,android,United States,19,Accountant,,
8552975,2024-04-09,paid_search,web,United States,36,Sales Rep,,141090.0
9437712,2023-05-19,organic,web,United States,31,Marketing Manager,,429365.0
7995919,2024-06-14,referral,ios,Germany,21,Freelancer,Community Forum,
9175576,2024-11-25,organic,web,United States,40,Retired,,
1376794,2024-10-30,organic,web,Brazil,18,Retired,,429365.0
1049115,2023-12-22,paid_search,web,Australia,25,Software Engineer,,818315.0
2785818,2024-09-15,organic,ios,United States,38,Sales Rep,,999159.0
1278495,2024-11-01,social,android,United States,25,Marketing Manager,,378167.0
2654753,2023-12-15,paid_search,ios,Mexico,19,Student,,141090.0
2294315,2024-10-29,social,web,Brazil,42,Teacher,,465838.0
2589228,2024-06-06,social,web,United States,36,Sales Rep,,465838.0
6259245,2024-04-11,paid_search,web,United States,22,Consultant,,621430.0
9175602,2024-08-16,paid_search,web,United States,31,Nurse,,421879.0
5341747,2024-01-29,organic,web,United States,44,Unemployed,,
8028722,2023-03-29,affiliate,web,United States,18,Sales Rep,,291335.0
9667126,2024-03-22,affiliate,android,United States,49,Freelancer,,832180.0
8946232,2023-11-09,social,android,Brazil,37,Retired,,465838.0
9306681,2024-02-03,paid_search,web,United States,33,Nurse,,187498.0
1966649,2024-07-19,paid_search,ios,United Kingdom,42,Student,,771155.0
9601594,2024-02-23,social,web,United States,42,Unemployed,,465838.0
1770044,2024-07-24,referral,ios,United States,18,Software Engineer,Employee,
9962049,2024-03-31,paid_search,ios,Mexico,30,Freelancer,,621430.0
4850241,2024-04-15,paid_search,android,Brazil,29,Retired,,771155.0
8716868,2024-06-06,paid_search,web,United States,36,Freelancer,,771155.0
9929285,2024-07-02,paid_search,ios,Germany,53,Student,,187498.0
6193734,2024-03-28,organic,web,United States,33,Teacher,,
2228807,2024-12-10,paid_search,ios,Nigeria,63,Unemployed,,187498.0
5243460,2024-10-25,paid_search,web,Canada,26,Accountant,,421879.0
7897673,2024-01-18,social,android,United States,36,Marketing Manager,,465838.0
1475147,2024-05-22,referral,ios,Germany,29,Teacher,Existing Customer,
6586956,2024-11-22,referral,ios,United States,33,Freelancer,Partner App,
8946258,2024-04-15,paid_search,ios,United States,36,Teacher,,421879.0
8913490,2024-04-11,referral,ios,United States,45,Consultant,Partner App,
4719194,2024-09-27,paid_search,web,Philippines,26,Retired,,237337.0
2556518,2024-05-20,paid_search,web,United States,33,Accountant,,187498.0
6521452,2024-01-30,affiliate,web,United States,31,Student,,210268.0
9110129,2024-10-19,referral,ios,Philippines,47,Nurse,Partner App,
6324852,2024-04-24,affiliate,ios,Australia,43,Freelancer,,231932.0
1344126,2024-08-24,paid_search,web,United Kingdom,49,Marketing Manager,,164820.0
7963266,2024-05-02,paid_search,web,United States,40,Consultant,,237337.0
6652555,2024-05-16,social,web,India,25,Software Engineer,,378167.0
3801742,2024-04-27,affiliate,ios,Philippines,37,Student,,291335.0
2294416,2024-12-20,paid_search,web,Canada,33,Accountant,,771155.0
1311385,2024-02-14,affiliate,android,Canada,32,Marketing Manager,,231932.0
3834523,2024-08-04,organic,web,Mexico,36,Freelancer,,999159.0
3244702,2023-08-14,organic,ios,Australia,24,Small Business Owner,,
2720444,2023-08-13,affiliate,ios,United States,24,Consultant,,231932.0
1770173,2024-12-22,affiliate,web,United States,46,Unemployed,,832180.0
8323777,2023-05-22,referral,android,Canada,23,Teacher,Existing Customer,
7144138,2024-03-08,paid_search,ios,Mexico,32,Software Engineer,,771155.0
7439051,2024-12-30,affiliate,web,United States,55,Freelancer,,887201.0
2458316,2023-12-01,paid_search,ios,India,43,Freelancer,,818315.0
9863886,2023-10-06,organic,android,Australia,20,Sales Rep,,
3932878,2023-10-30,social,web,Australia,48,Retired,,378167.0
4293331,2023-07-25,social,android,Canada,45,Nurse,,465838.0
3113687,2024-10-25,organic,android,Nigeria,41,Nurse,,
3605214,2024-11-28,paid_search,web,Philippines,42,Sales Rep,,164820.0
4850404,2024-07-13,affiliate,web,United States,25,Small Business Owner,,832180.0
9536239,2024-01-09,referral,web,Nigeria,43,Unemployed,Community Forum,
3408630,2024-12-07,organic,ios,Germany,51,Consultant,,
5473014,2023-12-20,affiliate,android,Philippines,31,Nurse,,887201.0
8192767,2023-04-11,social,web,Australia,30,Accountant,,378167.0
6882049,2023-05-19,social,ios,Australia,31,Freelancer,,465838.0
9241353,2024-04-12,affiliate,ios,United States,41,Retired,,275203.0
9274125,2023-04-09,social,android,United States,43,Nurse,,378167.0
2949902,2024-07-26,affiliate,web,United States,27,Marketing Manager,,210268.0
6357777,2024-09-25,paid_search,android,Philippines,18,Nurse,,421879.0
6193951,2024-05-22,referral,web,Mexico,28,Teacher,Community Forum,
3343136,2024-02-19,referral,web,Brazil,28,Unemployed,Community Forum,
8913697,2024-08-15,referral,android,United States,43,Student,Existing Customer,
2753313,2023-09-28,organic,web,United States,40,Consultant,,
2655016,2024-07-23,social,android,Brazil,36,Teacher,,465838.0
3343145,2024-06-30,paid_search,ios,Brazil,35,Small Business Owner,,621430.0
3900203,2024-01-07,organic,web,Philippines,38,Consultant,,
7209774,2024-01-30,paid_search,web,Brazil,45,Nurse,,421879.0
3932977,2024-02-07,organic,web,United Kingdom,43,Student,,
1671986,2024-03-04,social,android,Brazil,26,Student,,465838.0
9306931,2024-10-23,affiliate,ios,Philippines,32,Accountant,,744167.0
6095670,2023-08-10,referral,web,Germany,29,Sales Rep,Community Forum,
9896761,2024-08-21,paid_search,web,United States,35,Unemployed,,771155.0
8225593,2024-11-01,paid_search,android,United States,39,Student,,141090.0
4522810,2024-04-07,organic,web,Philippines,18,Retired,,429365.0
8389434,2024-02-05,social,ios,United States,27,Small Business Owner,,465838.0
8422212,2024-09-12,referral,android,United States,43,Marketing Manager,Employee,
4031301,2023-11-28,social,android,United States,25,Freelancer,,465838.0
9536326,2024-07-14,organic,android,Nigeria,20,Marketing Manager,,
2097996,2024-05-07,organic,ios,United States,25,Software Engineer,,
8684365,2023-03-17,affiliate,ios,United States,41,Nurse,,275203.0
1737550,2024-10-05,organic,ios,United States,18,Teacher,,
3605327,2024-10-12,affiliate,ios,United States,49,Marketing Manager,,887201.0
2196311,2024-11-13,referral,web,India,38,Unemployed,Partner App,
5768026,2024-01-14,paid_search,android,United States,39,Retired,,164820.0
8422235,2024-10-19,paid_search,web,Germany,26,Retired,,359178.0
1147745,2024-05-08,affiliate,web,United States,34,Freelancer,,832180.0
8422244,2024-12-09,social,ios,Germany,42,Student,,378167.0
7766886,2024-01-16,paid_search,ios,United States,40,Consultant,,359178.0
6587239,2024-05-16,affiliate,ios,India,28,Consultant,,887201.0
7701354,2023-09-03,paid_search,android,United States,53,Retired,,164820.0
2032499,2024-09-05,paid_search,web,Canada,36,Unemployed,,141090.0
4817780,2024-10-04,paid_search,web,Brazil,41,Teacher,,359178.0
1213299,2024-03-13,affiliate,web,United States,39,Consultant,,210268.0
5145466,2024-02-22,affiliate,ios,United Kingdom,21,Marketing Manager,,210268.0
2950013,2024-11-08,social,ios,Mexico,32,Student,,465838.0
6390656,2024-04-04,referral,ios,United States,22,Accountant,Employee,
5243780,2024-12-08,organic,ios,Philippines,41,Small Business Owner,,
6783877,2023-11-30,paid_search,android,United Kingdom,27,Student,,187498.0
5374857,2023-12-25,referral,android,Australia,38,Unemployed,Existing Customer,
4883337,2023-07-11,social,ios,Germany,26,Software Engineer,,465838.0
9143179,2024-02-25,organic,android,Brazil,38,Small Business Owner,,429365.0
8323988,2024-09-15,social,ios,United States,18,Unemployed,,465838.0
8749972,2024-06-16,organic,ios,United States,47,Retired,,
6718365,2024-09-19,paid_search,ios,India,27,Accountant,,621430.0
7472036,2024-11-20,organic,web,United States,50,Accountant,,429365.0
6914988,2024-04-15,organic,ios,Canada,18,Retired,,
3179441,2024-11-04,organic,ios,United States,25,Teacher,,
9372602,2024-03-21,social,ios,Germany,25,Software Engineer,,465838.0
7898046,2023-12-17,paid_search,ios,United States,22,Nurse,,237337.0
5473214,2024-02-18,affiliate,android,United States,35,Teacher,,275203.0
3474370,2024-11-28,paid_search,ios,United States,50,Marketing Manager,,237337.0
4260802,2023-09-03,paid_search,android,India,27,Teacher,,164820.0
2524102,2023-12-30,affiliate,web,United States,40,Teacher,,210268.0
1377224,2024-03-29,social,ios,Germany,41,Student,,378167.0
6685645,2024-12-14,organic,web,United States,19,Accountant,,
1835988,2024-07-31,social,web,Canada,30,Teacher,,465838.0
3572703,2024-08-27,paid_search,ios,United States,37,Nurse,,771155.0
8061944,2023-04-09,organic,android,United States,29,Unemployed,,429365.0
1573881,2024-05-22,affiliate,web,India,47,Unemployed,,291335.0
9700349,2024-02-13,organic,web,United States,24,Accountant,,
6128643,2024-10-25,affiliate,web,Brazil,48,Unemployed,,231932.0
3212292,2024-12-27,paid_search,ios,United Kingdom,38,Unemployed,,621430.0
3736582,2024-08-24,social,android,United States,25,Unemployed,,378167.0
1475595,2024-01-09,organic,web,Canada,30,Nurse,,
5932048,2024-10-30,social,web,United States,34,Retired,,378167.0
1672225,2024-07-03,organic,web,United States,28,Unemployed,,
1082409,2024-06-30,affiliate,ios,Canada,50,Retired,,275203.0
7504938,2023-09-24,paid_search,android,Australia,32,Small Business Owner,,621430.0
3867695,2024-02-11,paid_search,web,United States,50,Teacher,,771155.0
8586288,2024-04-09,referral,web,Australia,44,Software Engineer,Employee,
4457521,2024-11-13,social,android,United Kingdom,18,Accountant,,465838.0
9765940,2023-05-19,paid_search,android,United States,18,Small Business Owner,,621430.0
9077813,2024-06-25,organic,ios,United States,26,Small Business Owner,,999159.0
3998778,2024-02-08,organic,ios,Australia,37,Accountant,,
1803328,2024-10-07,organic,ios,United States,19,Small Business Owner,,
9274437,2024-08-21,social,ios,United States,26,Consultant,,465838.0
4293705,2023-11-20,organic,web,India,33,Freelancer,,
3245131,2024-11-11,affiliate,android,Germany,54,Marketing Manager,,221958.0
4457550,2023-09-17,social,ios,United States,42,Small Business Owner,,378167.0
8356943,2024-05-20,organic,web,Brazil,53,Retired,,
2557009,2024-05-26,referral,web,United States,36,Teacher,Existing Customer,
5637203,2023-08-09,social,android,Australia,35,Accountant,,378167.0
8782937,2023-04-12,organic,web,Germany,32,Accountant,,
5112924,2024-12-26,organic,ios,United States,35,Unemployed,,
1606752,2024-07-28,referral,ios,India,21,Retired,Employee,
5178465,2023-12-24,paid_search,web,India,40,Retired,,237337.0
2622563,2024-08-15,paid_search,android,Nigeria,30,Retired,,141090.0
5735524,2023-06-23,affiliate,ios,United States,30,Freelancer,,887201.0
2327654,2024-11-11,affiliate,web,United States,26,Unemployed,,231932.0
9405547,2024-12-27,affiliate,ios,United States,21,Marketing Manager,,221958.0
2622572,2024-06-12,organic,android,United States,27,Marketing Manager,,999159.0
4621420,2024-02-24,organic,android,Philippines,22,Small Business Owner,,
2393196,2023-04-13,paid_search,ios,United States,38,Student,,359178.0
1442939,2023-09-11,paid_search,web,Brazil,25,Consultant,,771155.0
9634939,2023-12-17,affiliate,web,United States,47,Retired,,291335.0
6521980,2024-07-11,affiliate,ios,Australia,26,Teacher,,275203.0
8324222,2024-08-28,organic,android,United Kingdom,54,Consultant,,
3998851,2023-02-08,paid_search,android,United States,41,Teacher,,154886.0
9929860,2024-12-05,organic,ios,Australia,31,Teacher,,999159.0
4555912,2024-10-03,social,web,Canada,23,Sales Rep,,465838.0
6161545,2024-04-26,organic,web,United States,33,Accountant,,
2294929,2024-11-13,social,web,Nigeria,41,Teacher,,465838.0
9012369,2024-10-19,paid_search,ios,Australia,37,Small Business Owner,,141090.0
5964948,2024-03-18,affiliate,web,United States,39,Sales Rep,,221958.0
2065560,2023-08-26,affiliate,android,United States,37,Software Engineer,,210268.0
7603352,2024-10-16,paid_search,android,United States,35,Unemployed,,421879.0
5407900,2023-10-22,referral,ios,United States,25,Freelancer,Existing Customer,
9503902,2023-10-27,social,android,United States,20,Sales Rep,,465838.0
7439522,2024-07-10,affiliate,android,United States,37,Nurse,,744167.0
5473447,2024-02-20,referral,ios,United States,18,Unemployed,Employee,
1049768,2023-09-01,organic,android,United States,18,Unemployed,,
3933361,2024-11-27,organic,web,Mexico,29,Consultant,,
9798834,2023-08-21,referral,web,United States,47,Consultant,Community Forum,
9143478,2024-09-15,paid_search,android,United States,20,Teacher,,164820.0
8258746,2024-05-06,organic,ios,Philippines,22,Marketing Manager,,
3900603,2024-08-19,organic,web,United States,49,Retired,,
4129985,2023-05-28,paid_search,ios,United States,48,Software Engineer,,771155.0
1770692,2024-10-16,social,ios,Australia,28,Software Engineer,,465838.0
2229458,2024-09-09,social,ios,Canada,26,Consultant,,465838.0
5506259,2024-12-29,referral,web,United Kingdom,25,Retired,Existing Customer,
1311955,2023-08-23,organic,web,Australia,31,Small Business Owner,,
8389844,2024-02-22,social,ios,Germany,31,Small Business Owner,,378167.0
1443031,2023-12-01,paid_search,web,United States,18,Small Business Owner,,164820.0
1443035,2024-11-24,organic,web,Brazil,30,Software Engineer,,
2950367,2023-05-17,paid_search,ios,United Kingdom,43,Nurse,,141090.0
9503967,2024-07-21,social,web,Australia,18,Consultant,,378167.0
1737954,2024-05-20,organic,web,United States,33,Freelancer,,
9209061,2023-09-24,paid_search,web,Germany,48,Small Business Owner,,771155.0
5768424,2024-11-18,social,ios,United States,22,Nurse,,465838.0
2655464,2023-05-14,social,android,Australia,38,Small Business Owner,,465838.0
2163950,2023-10-02,organic,web,United States,20,Retired,,999159.0
1279215,2023-12-13,paid_search,android,United States,38,Teacher,,359178.0
1967344,2023-04-26,organic,android,Germany,43,Marketing Manager,,
2491633,2024-10-13,paid_search,ios,United States,40,Small Business Owner,,359178.0
7505134,2023-09-18,paid_search,ios,United States,37,Marketing Manager,,621430.0
5965050,2024-11-22,organic,android,Canada,41,Software Engineer,,
5637370,2024-05-03,paid_search,web,United States,49,Consultant,,237337.0
8029446,2023-08-11,paid_search,android,Mexico,30,Teacher,,141090.0
8062215,2024-06-10,organic,android,United States,37,Unemployed,,
2950408,2024-12-14,paid_search,ios,United States,37,Accountant,,818315.0
4031756,2024-09-02,organic,ios,Mexico,55,Small Business Owner,,
4621581,2023-12-24,social,android,United States,18,Software Engineer,,378167.0
7537932,2023-09-15,social,android,United States,50,Unemployed,,465838.0
1148178,2024-12-28,paid_search,ios,United States,39,Nurse,,421879.0
7767315,2024-09-27,organic,android,United States,39,Retired,,429365.0
1312023,2024-12-25,organic,ios,Canada,47,Small Business Owner,,
7898410,2024-08-06,organic,ios,India,32,Small Business Owner,,
8586544,2023-07-24,organic,web,United Kingdom,41,Small Business Owner,,
7701810,2023-10-30,organic,ios,United States,28,Software Engineer,,
4916533,2024-06-22,paid_search,ios,United States,22,Freelancer,,771155.0
3605822,2024-09-07,referral,ios,United States,41,Freelancer,Community Forum,
3900737,2024-09-04,referral,ios,Mexico,22,Retired,Existing Customer,
2327877,2024-06-29,organic,ios,Canada,30,Sales Rep,,
7013704,2023-09-17,paid_search,web,Canada,20,Unemployed,,421879.0
7996746,2024-07-03,organic,web,United States,18,Freelancer,,
1344855,2023-10-28,affiliate,android,United States,25,Student,,275203.0
8652126,2024-02-27,social,web,United Kingdom,48,Teacher,,378167.0
5539170,2023-10-23,paid_search,android,United States,54,Accountant,,621430.0
6587757,2023-09-16,organic,android,United States,40,Small Business Owner,,
4031863,2023-08-17,paid_search,web,United Kingdom,38,Student,,187498.0
6489464,2024-04-27,organic,web,Germany,51,Retired,,
7374201,2024-10-28,organic,android,United States,33,Accountant,,
1049976,2024-03-06,paid_search,ios,Philippines,33,Accountant,,771155.0
6587774,2024-06-14,paid_search,ios,Canada,44,Accountant,,141090.0
9045391,2024-12-30,paid_search,web,United States,29,Teacher,,164820.0
1541529,2023-03-16,social,android,India,45,Consultant,,465838.0
4195741,2024-07-31,social,web,Australia,44,Accountant,,465838.0
6292895,2024-12-19,affiliate,ios,United States,48,Unemployed,,744167.0
9045409,2024-11-09,organic,ios,United States,26,Consultant,,429365.0
4916643,2024-05-18,paid_search,ios,United States,33,Sales Rep,,164820.0
6227365,2024-08-29,paid_search,ios,Canada,42,Consultant,,154886.0
2000294,2024-05-14,social,ios,United Kingdom,59,Unemployed,,378167.0
7636393,2024-01-31,paid_search,web,United States,34,Marketing Manager,,771155.0
3835309,2023-10-20,paid_search,ios,Mexico,18,Unemployed,,141090.0
3048880,2024-03-02,social,web,United States,43,Marketing Manager,,378167.0
4556210,2023-07-08,organic,android,United States,18,Nurse,,
9471414,2024-10-26,social,ios,Canada,54,Marketing Manager,,378167.0
8717753,2024-09-04,organic,ios,United Kingdom,41,Student,,
7734714,2024-01-30,referral,android,United States,40,Nurse,Existing Customer,
5866940,2024-10-01,paid_search,ios,United States,33,Retired,,237337.0
2360764,2024-12-19,organic,ios,Brazil,26,Consultant,,
1639872,2023-07-05,organic,android,United States,40,Software Engineer,,
8553925,2024-07-08,paid_search,ios,United States,19,Student,,771155.0
7407054,2024-10-17,social,web,India,24,Software Engineer,,465838.0
7931344,2024-03-18,paid_search,android,Mexico,43,Retired,,237337.0
1017297,2024-11-02,affiliate,web,United States,29,Software Engineer,,221958.0
3966422,2024-03-11,social,web,India,36,Software Engineer,,465838.0
2524631,2024-04-20,paid_search,android,Brazil,36,Software Engineer,,164820.0
5801436,2023-07-08,affiliate,web,India,34,Nurse,,275203.0
5408224,2024-03-04,organic,ios,United States,32,Small Business Owner,,
8586725,2024-12-29,referral,ios,Canada,42,Freelancer,Community Forum,
3409381,2024-12-14,organic,android,United States,42,Consultant,,
7767528,2024-11-18,organic,web,India,23,Nurse,,
9602541,2024-09-22,affiliate,web,Philippines,28,Student,,744167.0
8750575,2024-03-24,paid_search,web,Germany,58,Freelancer,,818315.0
3180019,2024-11-26,paid_search,android,United States,28,Student,,237337.0
9831924,2024-04-17,paid_search,web,United States,26,Accountant,,621430.0
8553974,2024-09-01,organic,ios,Germany,43,Software Engineer,,
5408249,2023-01-30,paid_search,web,Germany,33,Consultant,,141090.0
5506554,2024-04-18,social,ios,Brazil,18,Small Business Owner,,465838.0
3409409,2023-11-16,organic,web,United States,47,Consultant,,
1705475,2024-08-20,paid_search,ios,Mexico,24,Marketing Manager,,237337.0
3507720,2023-07-15,affiliate,ios,United Kingdom,18,Teacher,,231932.0
7472652,2024-07-13,paid_search,web,Mexico,37,Teacher,,154886.0
6489612,2024-01-09,affiliate,android,United States,25,Marketing Manager,,291335.0
2983438,2024-11-22,organic,android,Canada,23,Unemployed,,
7767567,2024-08-05,social,web,Canada,38,Software Engineer,,378167.0
1213968,2024-11-28,organic,ios,United Kingdom,36,Marketing Manager,,
9930264,2024-09-19,affiliate,ios,United States,38,Software Engineer,,887201.0
3474968,2023-11-26,social,web,United States,29,Teacher,,465838.0
5408285,2024-09-21,referral,web,Brazil,46,Software Engineer,Partner App,
3507743,2024-06-16,paid_search,android,India,42,Consultant,,164820.0
2786852,2024-08-06,paid_search,android,Canada,44,Student,,164820.0
7964203,2024-12-17,organic,android,Mexico,18,Freelancer,,
7112240,2023-08-14,paid_search,web,United Kingdom,44,Marketing Manager,,818315.0
6620724,2024-06-11,affiliate,web,United States,46,Software Engineer,,832180.0
1148469,2024-10-07,paid_search,ios,Canada,30,Student,,237337.0
8816184,2024-05-26,organic,web,United States,22,Consultant,,
2885190,2023-08-31,organic,ios,Australia,18,Software Engineer,,
6227528,2023-05-18,organic,ios,Canada,25,Unemployed,,
9242184,2023-09-27,organic,android,United States,34,Sales Rep,,
8291916,2024-12-09,affiliate,android,United States,34,Nurse,,887201.0
5899856,2024-11-10,affiliate,android,United States,23,Accountant,,210268.0
2983509,2024-04-21,organic,android,Nigeria,20,Marketing Manager,,
6227541,2023-09-30,organic,web,Brazil,57,Consultant,,
8914520,2024-12-03,social,ios,Canada,45,Small Business Owner,,378167.0
3442266,2024-08-18,affiliate,web,United States,45,Freelancer,,832180.0
2033255,2023-09-07,paid_search,android,Canada,41,Sales Rep,,141090.0
3180139,2024-03-14,affiliate,web,Canada,32,Software Engineer,,744167.0
9373296,2024-11-06,referral,ios,United States,45,Sales Rep,Partner App,
6686321,2023-06-10,organic,ios,Brazil,31,Small Business Owner,,429365.0
4032115,2024-05-22,organic,web,United Kingdom,21,Software Engineer,,
3933811,2024-01-10,organic,android,India,22,Marketing Manager,,
5834357,2024-05-25,organic,android,United States,29,Software Engineer,,
7243383,2024-10-12,organic,android,India,25,Retired,,
3802743,2024-05-24,social,ios,United States,37,Sales Rep,,378167.0
5965440,2024-09-01,affiliate,ios,United Kingdom,18,Small Business Owner,,832180.0
1771143,2024-07-29,organic,ios,Canada,41,Teacher,,
9438856,2024-12-19,affiliate,android,United States,31,Sales Rep,,210268.0
7440010,2024-04-10,organic,web,Mexico,25,Consultant,,999159.0
6948491,2024-07-08,paid_search,ios,India,30,Nurse,,818315.0
2033290,2024-01-25,organic,web,United Kingdom,30,Sales Rep,,
7865999,2024-12-14,social,ios,United States,43,Retired,,378167.0
9111184,2024-10-21,paid_search,android,United States,47,Freelancer,,187498.0
8128146,2023-09-18,paid_search,android,United Kingdom,37,Unemployed,,154886.0
1607317,2024-02-27,paid_search,android,United States,45,Unemployed,,154886.0
6063778,2024-10-21,affiliate,ios,Philippines,38,Sales Rep,,221958.0
2033316,2023-09-06,social,web,Canada,38,Small Business Owner,,465838.0
3901092,2024-12-19,social,ios,Australia,32,Retired,,378167.0
1541797,2023-07-07,organic,ios,United States,38,Software Engineer,,
3933865,2023-10-26,organic,android,United States,34,Consultant,,
2197162,2024-03-11,affiliate,android,United States,35,Teacher,,291335.0
6358699,2024-01-27,organic,ios,United States,42,Small Business Owner,,
1246889,2024-04-17,paid_search,web,United States,20,Accountant,,237337.0
9209517,2024-12-18,referral,web,Germany,45,Teacher,Existing Customer,
8554159,2024-01-30,organic,web,United Kingdom,41,Software Engineer,,
1181360,2023-07-25,social,web,Philippines,18,Unemployed,,378167.0
6948540,2023-11-25,social,android,United States,32,Marketing Manager,,465838.0
6522567,2024-12-13,organic,android,Germany,20,Accountant,,
4884175,2023-11-22,organic,web,Brazil,31,Marketing Manager,,
5080790,2024-01-22,organic,android,United States,47,Sales Rep,,
7210715,2024-01-31,affiliate,ios,United States,19,Teacher,,832180.0
7800541,2023-12-06,organic,web,Philippines,28,Student,,
7243490,2023-08-26,paid_search,ios,India,24,Consultant,,359178.0
6194914,2023-04-10,paid_search,android,United States,30,Student,,237337.0
5375717,2024-10-05,affiliate,web,India,37,Accountant,,744167.0
7014126,2024-10-13,referral,web,Australia,18,Retired,Community Forum,
1345266,2023-10-06,organic,ios,United States,38,Freelancer,,
7046914,2024-09-18,social,web,Australia,52,Sales Rep,,465838.0
4917000,2023-03-09,organic,web,Germany,45,Unemployed,,
1771279,2024-12-04,paid_search,web,United States,31,Nurse,,421879.0
9602831,2024-04-08,paid_search,web,United States,27,Freelancer,,164820.0
8226585,2023-01-27,paid_search,ios,United States,52,Software Engineer,,359178.0
1476377,2024-10-24,paid_search,web,United Kingdom,33,Small Business Owner,,164820.0
7767835,2024-11-15,organic,ios,India,59,Consultant,,
3114792,2023-07-25,affiliate,android,United Kingdom,31,Freelancer,,744167.0
5113640,2024-05-24,organic,web,United States,29,Freelancer,,999159.0
7145265,2024-02-23,organic,web,India,22,Small Business Owner,,
9537333,2024-04-20,organic,ios,United Kingdom,43,Sales Rep,,
4622138,2024-04-03,organic,web,United States,35,Accountant,,
4982588,2024-12-24,affiliate,ios,Canada,34,Unemployed,,291335.0
1312579,2024-08-08,organic,ios,Germany,51,Retired,,
2721610,2023-08-22,referral,android,United States,37,Consultant,Community Forum,
4360011,2024-12-25,referral,android,United States,46,Nurse,Community Forum,
7472973,2024-08-05,paid_search,android,United States,38,Marketing Manager,,818315.0
9504589,2024-03-05,social,ios,Brazil,39,Retired,,465838.0
4720464,2024-01-07,paid_search,web,Germany,21,Student,,421879.0
3245909,2023-12-24,organic,web,United States,18,Freelancer,,
5408608,2024-11-21,affiliate,web,Nigeria,38,Retired,,744167.0
6293348,2024-10-19,paid_search,android,Mexico,34,Student,,187498.0
3573619,2024-06-28,organic,android,Germany,34,Marketing Manager,,
1378165,2024-11-18,affiliate,web,United States,41,Unemployed,,210268.0
9340791,2024-03-12,organic,ios,United Kingdom,20,Unemployed,,
6424441,2024-06-23,paid_search,android,Brazil,18,Student,,359178.0
3999610,2024-06-27,organic,web,Canada,18,Marketing Manager,,
2361212,2024-12-03,social,web,United States,33,Retired,,465838.0
3803005,2024-07-14,paid_search,web,United States,53,Student,,359178.0
9176958,2024-10-01,organic,android,United States,22,Nurse,,
5736319,2024-12-16,affiliate,ios,United States,22,Teacher,,231932.0
5900164,2024-04-29,affiliate,ios,United States,33,Software Engineer,,221958.0
8750981,2024-05-20,organic,web,United States,31,Freelancer,,
1902473,2024-12-13,affiliate,ios,United Kingdom,43,Small Business Owner,,744167.0
8587145,2024-05-23,referral,web,United States,39,Freelancer,Employee,
6817676,2023-04-27,social,ios,United States,22,Accountant,,465838.0
8718221,2023-07-04,paid_search,ios,United States,34,Sales Rep,,237337.0
2525068,2024-06-23,organic,ios,India,18,Accountant,,429365.0
7243669,2023-05-16,paid_search,web,United States,33,Unemployed,,421879.0
1345430,2024-07-16,paid_search,ios,United Kingdom,19,Accountant,,164820.0
4229028,2023-10-09,social,web,Philippines,43,Accountant,,465838.0
8357804,2024-12-30,affiliate,ios,United States,31,Accountant,,221958.0
5015470,2024-12-26,social,web,United States,31,Teacher,,465838.0
5572530,2024-08-27,paid_search,web,United States,44,Accountant,,818315.0
3573697,2024-04-16,social,ios,Canada,19,Marketing Manager,,465838.0
2197442,2024-07-22,paid_search,ios,United States,45,Small Business Owner,,421879.0
3508164,2024-06-12,social,android,Brazil,21,Retired,,465838.0
7604168,2024-03-07,organic,ios,United Kingdom,18,Unemployed,,
7210958,2024-08-01,social,ios,Philippines,40,Retired,,465838.0
2721742,2024-09-23,organic,web,India,47,Nurse,,429365.0
9177039,2024-11-25,paid_search,web,Canada,38,Consultant,,421879.0
8292306,2023-12-05,paid_search,web,United States,43,Marketing Manager,,771155.0
9242580,2024-08-05,paid_search,android,India,54,Retired,,187498.0
2361303,2024-10-28,organic,ios,India,34,Unemployed,,
7538655,2024-09-21,organic,android,Canada,46,Small Business Owner,,
5736416,2024-09-14,organic,android,United States,45,Sales Rep,,
7112674,2024-12-09,affiliate,ios,Mexico,38,Accountant,,744167.0
7374825,2024-08-18,organic,web,United States,46,Sales Rep,,
7342057,2023-12-04,social,ios,United Kingdom,24,Freelancer,,378167.0
4196340,2023-10-13,referral,web,United Kingdom,54,Marketing Manager,Existing Customer,
4229112,2024-10-17,organic,android,United States,38,Software Engineer,,
6162425,2024-01-23,affiliate,web,Mexico,34,Sales Rep,,291335.0
8783874,2024-05-21,social,android,India,22,Unemployed,,378167.0
2033668,2024-04-21,paid_search,ios,United States,32,Student,,164820.0
3770374,2024-01-27,paid_search,ios,Mexico,28,Teacher,,164820.0
4098056,2023-12-19,paid_search,web,Brazil,25,Small Business Owner,,421879.0
5900318,2024-09-17,referral,web,United States,34,Consultant,Existing Customer,
9340960,2024-09-28,affiliate,ios,Germany,30,Small Business Owner,,221958.0
7964705,2024-05-21,affiliate,ios,Brazil,35,Sales Rep,,231932.0
7637034,2024-09-23,organic,android,United States,38,Accountant,,999159.0
8849453,2023-11-20,affiliate,android,India,40,Software Engineer,,221958.0
1378355,2024-03-14,social,android,United States,39,Freelancer,,378167.0
2459700,2023-12-04,paid_search,android,Canada,49,Consultant,,818315.0
5310518,2024-04-16,affiliate,web,Mexico,26,Nurse,,221958.0
2164795,2024-09-18,social,web,United States,35,Unemployed,,465838.0
1116220,2024-01-03,organic,ios,India,31,Sales Rep,,
2656321,2023-12-31,organic,web,United States,26,Teacher,,429365.0
7964745,2023-04-29,paid_search,ios,United States,35,Small Business Owner,,359178.0
9570397,2024-01-08,referral,ios,United States,43,Teacher,Employee,
5507167,2024-11-02,paid_search,android,United States,34,Small Business Owner,,771155.0
7506016,2024-05-26,affiliate,web,India,34,Freelancer,,291335.0
9078886,2024-09-04,organic,ios,Australia,28,Freelancer,,
5638246,2024-03-01,affiliate,ios,United States,30,Student,,231932.0
1443945,2024-10-03,affiliate,web,United States,27,Teacher,,744167.0
3934317,2024-03-08,paid_search,ios,India,27,Sales Rep,,141090.0
8718454,2023-10-23,social,web,United Kingdom,44,Consultant,,378167.0
1869953,2024-04-26,affiliate,ios,Philippines,30,Unemployed,,832180.0
7342211,2023-09-07,organic,ios,United States,33,Student,,
8292496,2023-11-10,organic,android,Brazil,30,Retired,,
9701524,2024-12-17,organic,ios,United States,25,Software Engineer,,
8685727,2024-06-04,referral,web,Mexico,18,Accountant,Community Forum,
7702692,2024-02-20,paid_search,ios,India,48,Teacher,,154886.0
3704999,2023-04-22,social,web,United States,18,Software Engineer,,378167.0
6981804,2023-10-18,paid_search,ios,Canada,34,Student,,164820.0
3901614,2024-09-30,social,web,United Kingdom,18,Accountant,,465838.0
5703855,2023-10-07,organic,web,Canada,32,Sales Rep,,
9767088,2024-06-26,organic,web,United Kingdom,24,Unemployed,,
3573937,2023-12-08,organic,ios,India,44,Sales Rep,,429365.0
2984117,2024-06-11,referral,web,Australia,38,Software Engineer,Partner App,
1542335,2024-07-21,social,ios,United States,23,Software Engineer,,465838.0
4556995,2023-08-04,social,web,Brazil,35,Marketing Manager,,378167.0
9734352,2024-02-01,organic,web,India,29,Nurse,,
4622546,2023-08-03,organic,android,United States,25,Student,,
6392023,2024-05-09,organic,ios,United Kingdom,45,Teacher,,
5212377,2023-12-22,paid_search,web,Philippines,18,Freelancer,,771155.0
3115226,2024-12-19,organic,android,Mexico,44,Unemployed,,
1116381,2024-09-04,organic,ios,United States,31,Software Engineer,,
6719720,2024-03-29,paid_search,ios,United States,22,Software Engineer,,187498.0
6031595,2024-06-17,affiliate,ios,Australia,37,Sales Rep,,210268.0
9439469,2023-07-01,organic,android,United States,46,Teacher,,
6785267,2024-08-13,organic,ios,United States,20,Sales Rep,,
4294900,2024-01-30,referral,android,United States,45,Retired,Partner App,
5409013,2024-10-14,affiliate,web,United States,27,Retired,,275203.0
8685815,2024-02-04,paid_search,web,India,47,Consultant,,621430.0
9865465,2024-06-30,organic,web,Nigeria,31,Sales Rep,,
3868921,2024-06-06,paid_search,android,United States,31,Student,,154886.0
9570556,2024-12-28,organic,web,Philippines,28,Software Engineer,,
3213573,2024-06-13,organic,ios,Philippines,35,Consultant,,
3901717,2024-05-29,organic,android,United States,35,Software Engineer,,
4983063,2024-04-18,organic,web,United States,33,Sales Rep,,
1968410,2024-07-23,paid_search,ios,United States,32,Consultant,,359178.0
6654237,2023-12-23,social,ios,Australia,23,Student,,465838.0
2558242,2024-10-29,social,web,Germany,40,Freelancer,,465838.0
9341219,2024-09-12,organic,android,Brazil,39,Student,,
4360492,2024-10-28,affiliate,web,United States,31,Teacher,,887201.0
4688173,2024-08-30,organic,android,United States,18,Teacher,,
5605677,2024-08-05,paid_search,ios,United Kingdom,23,Sales Rep,,421879.0
8128822,2023-08-18,organic,web,United States,42,Freelancer,,
3148091,2024-11-29,organic,ios,United Kingdom,21,Sales Rep,,
7866684,2024-10-12,organic,web,United States,36,Small Business Owner,,
2427197,2024-11-29,organic,web,Philippines,38,Freelancer,,999159.0
2558274,2024-12-06,affiliate,ios,United Kingdom,29,Teacher,,231932.0
6228298,2024-12-08,organic,android,United States,35,Software Engineer,,
5310796,2024-03-11,referral,web,Philippines,43,Small Business Owner,Existing Customer,
1837393,2023-03-04,social,web,Philippines,32,Software Engineer,,465838.0
7047511,2024-04-06,organic,ios,India,26,Teacher,,
3737946,2023-11-10,affiliate,web,United States,21,Retired,,275203.0
4196699,2024-11-03,organic,ios,Philippines,29,Student,,
1935709,2024-02-03,paid_search,ios,United States,34,Freelancer,,141090.0
1444191,2023-06-16,organic,android,United States,62,Accountant,,
7473507,2024-12-09,social,ios,Mexico,18,Retired,,465838.0
7768419,2023-10-18,organic,ios,United States,37,Unemployed,,
6752613,2024-02-29,paid_search,ios,India,33,Software Engineer,,164820.0
4327786,2024-06-16,affiliate,web,United Kingdom,32,Retired,,210268.0
1575278,2024-11-12,affiliate,ios,United States,26,Freelancer,,275203.0
3770742,2023-10-08,organic,web,Mexico,37,Nurse,,999159.0
2099577,2024-04-22,paid_search,android,Nigeria,31,Freelancer,,359178.0
4131209,2024-12-21,organic,web,United Kingdom,36,Consultant,,429365.0
7113100,2024-07-21,social,android,United States,28,Freelancer,,465838.0
7375247,2024-11-08,organic,web,India,37,Small Business Owner,,
7211411,2024-10-30,organic,ios,Brazil,34,Accountant,,429365.0
3967381,2024-09-12,affiliate,android,Nigeria,57,Marketing Manager,,832180.0
3148185,2023-02-26,organic,web,United States,46,Accountant,,
6130076,2024-03-12,paid_search,web,Mexico,37,Sales Rep,,818315.0
8587676,2023-08-29,paid_search,web,India,51,Small Business Owner,,154886.0
2656671,2023-08-28,organic,ios,Mexico,27,Teacher,,
6687136,2023-11-28,affiliate,android,United States,38,Unemployed,,744167.0
6359462,2023-07-03,social,web,United States,29,Freelancer,,378167.0
8948140,2024-08-27,affiliate,android,Australia,48,Freelancer,,210268.0
8063410,2024-12-17,organic,ios,United States,26,Nurse,,
5441971,2023-09-05,organic,web,United States,44,Consultant,,
4262331,2024-01-12,paid_search,android,Brazil,27,Software Engineer,,818315.0
5081534,2023-12-05,social,android,Brazil,18,Sales Rep,,465838.0
7637448,2024-04-05,referral,web,India,38,Sales Rep,Partner App,
5736912,2023-10-29,referral,web,Mexico,42,Teacher,Partner App,
5343699,2024-11-13,paid_search,web,United States,42,Teacher,,771155.0
2230746,2023-04-30,organic,web,United States,18,Student,,
3049949,2024-03-02,paid_search,web,United States,37,Student,,771155.0
1968616,2024-10-08,paid_search,web,Canada,39,Accountant,,237337.0
8456688,2024-08-13,organic,web,Philippines,21,Nurse,,999159.0
8587768,2024-12-14,referral,web,United States,41,Student,Employee,
1837566,2024-06-16,affiliate,ios,Mexico,40,Teacher,,210268.0
5999111,2023-11-12,social,ios,Canada,49,Software Engineer,,378167.0
4000264,2024-08-24,referral,web,Mexico,18,Freelancer,Existing Customer,
9112074,2024-07-23,organic,web,United States,18,Consultant,,
2230796,2023-10-27,referral,ios,Germany,26,Nurse,Employee,
3508749,2024-08-31,organic,ios,United Kingdom,49,Retired,,
2722320,2024-03-21,paid_search,ios,United States,45,Unemployed,,621430.0
5933594,2024-01-09,paid_search,web,United States,42,Unemployed,,141090.0
5474843,2024-05-07,referral,ios,United States,42,Student,Community Forum,
4852256,2024-07-25,paid_search,ios,United States,50,Marketing Manager,,164820.0
6752810,2024-10-29,organic,android,United States,23,Retired,,999159.0
8817209,2024-08-28,paid_search,web,United States,18,Software Engineer,,818315.0
7277120,2024-08-08,affiliate,ios,United States,44,Small Business Owner,,744167.0
1116739,2024-08-24,referral,ios,United Kingdom,56,Student,Community Forum,
3050053,2023-08-15,referral,ios,Brazil,44,Accountant,Employee,
5409352,2024-12-13,paid_search,web,Mexico,28,Consultant,,154886.0
2460235,2024-07-01,paid_search,android,India,47,Unemployed,,621430.0
9767500,2023-06-08,organic,android,Canada,43,Freelancer,,
3705421,2024-06-29,affiliate,web,Canada,38,Unemployed,,744167.0
1673812,2024-06-16,organic,android,United States,21,Accountant,,
6228566,2023-09-09,affiliate,android,United States,30,Student,,744167.0
9439834,2024-09-28,paid_search,android,Canada,33,Software Engineer,,621430.0
3639929,2024-08-15,social,android,United States,42,Freelancer,,465838.0
8260219,2024-11-29,social,ios,Brazil,35,Teacher,,465838.0
7637640,2024-07-27,social,web,United States,31,Marketing Manager,,378167.0
5245576,2024-07-18,affiliate,web,Australia,45,Accountant,,231932.0
8817304,2024-10-12,organic,web,United States,21,Accountant,,
3771034,2023-09-03,paid_search,ios,Mexico,23,Consultant,,237337.0
1116841,2024-11-12,organic,ios,United States,34,Small Business Owner,,999159.0
6097579,2024-06-04,organic,android,Philippines,28,Unemployed,,429365.0
6851244,2023-09-16,organic,android,Canada,46,Small Business Owner,,
5278384,2023-05-29,paid_search,ios,United States,23,Sales Rep,,164820.0
2132658,2024-06-30,affiliate,android,Mexico,25,Software Engineer,,291335.0
9734837,2023-04-18,organic,ios,United States,18,Marketing Manager,,
3672762,2024-07-08,organic,web,Philippines,39,Software Engineer,,
5835451,2024-09-03,paid_search,android,Germany,31,Nurse,,771155.0
2296516,2024-04-20,affiliate,ios,Australia,22,Teacher,,275203.0
8587973,2024-04-16,organic,ios,Canada,32,Retired,,
8686281,2024-06-09,paid_search,web,Mexico,57,Consultant,,359178.0
3082963,2024-04-25,organic,ios,United States,26,Accountant,,
7867100,2024-10-30,organic,web,United States,30,Sales Rep,,
6130397,2024-12-29,paid_search,web,India,23,Unemployed,,154886.0
1379039,2024-12-09,paid_search,web,United States,18,Software Engineer,,237337.0
6818528,2024-09-07,organic,android,United States,41,Consultant,,
3508963,2024-12-10,paid_search,web,United States,18,Nurse,,237337.0
2820844,2024-10-19,paid_search,ios,Philippines,43,Student,,621430.0
1116908,2023-11-05,organic,ios,Germany,43,Small Business Owner,,
5376751,2024-10-24,social,web,Germany,37,Retired,,465838.0
6523632,2024-03-16,organic,web,United States,32,Nurse,,
6130418,2024-11-07,social,android,United States,35,Freelancer,,465838.0
5802738,2023-08-27,affiliate,android,India,18,Accountant,,744167.0
9472761,2024-08-16,social,ios,India,39,Unemployed,,378167.0
7932667,2024-06-12,referral,web,United States,42,Student,Existing Customer,
4819712,2023-06-05,social,android,Philippines,35,Small Business Owner,,465838.0
3050241,2024-09-22,social,ios,Canada,38,Unemployed,,378167.0
4885250,2024-10-12,paid_search,android,Philippines,29,Marketing Manager,,818315.0
3377935,2024-09-17,organic,ios,India,51,Consultant,,
3738384,2024-07-31,affiliate,web,Germany,37,Small Business Owner,,221958.0
7342869,2023-05-29,organic,web,Mexico,38,Student,,
5147413,2024-03-25,organic,web,United States,44,Teacher,,
8456985,2023-09-10,affiliate,ios,Brazil,36,Teacher,,231932.0
4295453,2024-05-05,affiliate,ios,Mexico,51,Student,,832180.0
7310114,2024-06-11,paid_search,android,United States,35,Sales Rep,,771155.0
6556452,2023-10-18,paid_search,ios,Mexico,31,Retired,,818315.0
1542955,2024-03-08,organic,ios,India,31,Retired,,
2820908,2024-12-05,referral,web,United States,30,Retired,Partner App,
1739574,2024-05-27,organic,android,United Kingdom,48,Freelancer,,
3017528,2024-01-12,affiliate,web,Australia,44,Unemployed,,744167.0
1805113,2023-12-23,paid_search,android,United States,40,Software Engineer,,187498.0
9669441,2023-05-30,organic,web,United States,45,Small Business Owner,,
8751938,2024-04-07,paid_search,web,United States,56,Consultant,,237337.0
4033349,2024-08-08,organic,android,United States,18,Teacher,,
7867218,2024-04-05,social,web,Philippines,37,Nurse,,378167.0
5475156,2024-04-22,paid_search,ios,United Kingdom,37,Student,,818315.0
9210710,2024-07-12,paid_search,android,United States,40,Sales Rep,,818315.0
3214178,2024-08-29,referral,android,United States,55,Sales Rep,Employee,
5639022,2024-08-24,affiliate,web,India,37,Accountant,,291335.0
3607411,2024-01-02,organic,ios,India,48,Student,,
7048055,2024-05-18,organic,ios,United States,38,Software Engineer,,
4557689,2024-10-12,social,web,Germany,40,Student,,378167.0
2886522,2024-06-17,paid_search,ios,Canada,32,Freelancer,,237337.0
7310208,2024-07-17,social,ios,United States,21,Unemployed,,465838.0
2657153,2024-06-04,social,web,United Kingdom,54,Freelancer,,378167.0
7605129,2023-07-03,affiliate,web,Germany,39,Teacher,,832180.0
8588173,2023-11-11,organic,web,United States,40,Sales Rep,,
5180303,2024-08-04,affiliate,android,United States,39,Student,,832180.0
6982547,2024-02-11,organic,ios,Mexico,46,Consultant,,
2034586,2024-08-14,organic,web,Germany,26,Teacher,,
8620958,2023-12-24,social,web,United States,22,Marketing Manager,,465838.0
7703459,2024-06-28,affiliate,web,United States,21,Sales Rep,,231932.0
9604008,2024-05-29,referral,web,Canada,26,Teacher,Employee,
5245871,2024-01-20,affiliate,android,United States,18,Unemployed,,210268.0
4590511,2023-09-23,paid_search,web,Philippines,39,Software Engineer,,154886.0
7637935,2024-01-12,affiliate,ios,United States,28,Small Business Owner,,231932.0
7015346,2024-10-02,referral,web,India,33,Small Business Owner,Partner App,
1838003,2024-07-29,organic,ios,Brazil,45,Nurse,,
4787132,2024-07-14,social,ios,Canada,58,Freelancer,,465838.0
6917054,2024-12-06,organic,ios,Nigeria,28,Freelancer,,999159.0
1936320,2023-11-07,affiliate,ios,United States,29,Student,,210268.0
7080898,2024-08-21,social,android,Mexico,36,Consultant,,465838.0
7605188,2023-12-14,paid_search,ios,Mexico,33,Retired,,154886.0
2264008,2024-02-11,organic,ios,United States,61,Unemployed,,
8358862,2024-11-01,affiliate,ios,United States,18,Unemployed,,210268.0
6949852,2024-05-21,paid_search,ios,Australia,39,Student,,237337.0
2591711,2024-06-19,paid_search,ios,Australia,28,Freelancer,,187498.0
9898978,2023-10-13,affiliate,ios,United States,18,Freelancer,,231932.0
1575919,2024-11-14,affiliate,android,United States,35,Retired,,210268.0
1641462,2023-09-17,organic,android,United States,34,Sales Rep,,
6818812,2024-04-09,paid_search,android,United States,45,Retired,,621430.0
9210880,2023-10-21,paid_search,android,Canada,38,Teacher,,421879.0
4099072,2024-03-23,affiliate,web,United States,36,Software Engineer,,275203.0
3640328,2023-12-25,affiliate,android,Brazil,49,Unemployed,,832180.0
7703560,2023-02-14,affiliate,ios,Australia,36,Retired,,210268.0
8948745,2024-08-03,paid_search,web,United States,18,Retired,,771155.0
8981512,2024-05-05,social,ios,Canada,43,Unemployed,,378167.0
1444874,2023-12-29,social,web,India,40,Sales Rep,,465838.0
7703562,2024-06-16,paid_search,android,Brazil,47,Nurse,,187498.0
3148815,2024-04-02,paid_search,ios,United States,43,Freelancer,,421879.0
9079823,2024-05-05,organic,ios,India,27,Teacher,,
3869729,2024-05-31,organic,web,Philippines,18,Sales Rep,,
9997354,2024-01-05,affiliate,ios,United States,46,Student,,275203.0
7932973,2023-09-11,referral,android,United Kingdom,36,Retired,Community Forum,
7572531,2023-12-12,social,android,United States,29,Retired,,465838.0
6163515,2023-06-22,paid_search,web,Brazil,28,Accountant,,421879.0
1051707,2024-07-31,referral,android,Mexico,38,Consultant,Employee,
3869760,2024-02-29,affiliate,web,United States,31,Accountant,,210268.0
4623425,2023-03-30,paid_search,ios,Nigeria,22,Consultant,,237337.0
3607622,2024-10-31,organic,android,Nigeria,21,Retired,,
2264134,2023-12-22,organic,ios,Mexico,34,Marketing Manager,,
2559049,2024-05-03,social,android,Germany,27,Marketing Manager,,465838.0
2722907,2024-06-17,organic,ios,United States,25,Small Business Owner,,
6753371,2024-10-28,organic,ios,Nigeria,51,Freelancer,,
2034780,2024-11-14,social,web,United States,26,Small Business Owner,,378167.0
5246049,2023-12-06,social,android,Germany,40,Unemployed,,378167.0
2002021,2024-03-12,affiliate,ios,United States,41,Teacher,,275203.0
8948838,2024-12-27,paid_search,web,United States,24,Nurse,,818315.0
4295784,2024-10-03,referral,ios,United States,24,Software Engineer,Partner App,
2657387,2024-04-26,organic,ios,United States,22,Retired,,429365.0
2755692,2024-09-30,affiliate,ios,United States,28,Consultant,,832180.0
6720622,2024-10-09,social,web,United States,40,Student,,378167.0
2493551,2024-02-16,referral,web,India,34,Sales Rep,Community Forum,
6720626,2023-12-09,affiliate,android,Germany,46,Unemployed,,210268.0
1641593,2023-12-13,affiliate,ios,United Kingdom,42,Consultant,,887201.0
4689024,2023-07-22,organic,web,Germany,19,Freelancer,,
7638155,2024-12-29,affiliate,web,United States,43,Nurse,,832180.0
8359055,2024-11-20,organic,ios,United States,48,Small Business Owner,,
2362516,2024-10-21,referral,web,Brazil,34,Accountant,Existing Customer,
4066461,2024-12-06,affiliate,ios,Philippines,38,Nurse,,231932.0
6720673,2024-07-23,affiliate,ios,United States,45,Consultant,,210268.0
8031401,2024-05-14,paid_search,android,United Kingdom,47,Marketing Manager,,818315.0
4918446,2024-12-19,paid_search,ios,United States,39,Sales Rep,,237337.0
2428080,2024-05-14,social,web,United States,18,Accountant,,378167.0
3148983,2024-08-19,referral,android,Nigeria,56,Software Engineer,Existing Customer,
2329785,2024-08-02,social,ios,Mexico,34,Accountant,,465838.0
1117369,2023-08-06,referral,ios,United States,30,Teacher,Community Forum,
9899217,2023-04-29,organic,ios,United States,26,Marketing Manager,,
1477843,2024-03-02,paid_search,android,Canada,42,Software Engineer,,141090.0
9047252,2023-07-04,affiliate,web,Canada,40,Teacher,,291335.0
8162517,2024-05-27,referral,android,United Kingdom,26,Unemployed,Existing Customer,
8752342,2024-11-16,organic,ios,United States,18,Unemployed,,
4787415,2024-03-06,organic,ios,Germany,26,Consultant,,
8490200,2024-09-08,social,android,India,43,Freelancer,,465838.0
6786265,2024-07-20,paid_search,web,United States,35,Software Engineer,,818315.0
2428127,2024-05-27,affiliate,ios,United Kingdom,19,Sales Rep,,832180.0
1117408,2024-07-27,paid_search,ios,United States,25,Small Business Owner,,154886.0
8719585,2024-05-30,paid_search,web,United States,33,Consultant,,621430.0
9309411,2023-07-19,organic,android,United States,37,Teacher,,
7736549,2024-12-22,paid_search,web,Germany,30,Accountant,,359178.0
2985196,2024-11-25,organic,android,United States,37,Unemployed,,429365.0
1445101,2024-03-02,paid_search,web,United States,42,Marketing Manager,,141090.0
6425838,2024-06-15,referral,web,Germany,31,Consultant,Partner App,
5180656,2023-09-28,referral,web,Mexico,49,Freelancer,Existing Customer,
6196467,2023-11-01,organic,ios,United States,24,Marketing Manager,,
2821367,2024-07-14,organic,android,Mexico,22,Small Business Owner,,
8686841,2024-08-31,affiliate,android,United States,48,Freelancer,,887201.0
2985209,2024-11-17,social,web,United States,18,Unemployed,,465838.0
2133243,2024-01-01,affiliate,android,Nigeria,27,Retired,,221958.0
9768201,2024-07-21,organic,web,United States,30,Consultant,,
8097037,2024-04-04,referral,web,Germany,42,Sales Rep,Existing Customer,
5934349,2024-04-10,organic,web,United States,18,Retired,,
2100500,2024-10-23,social,web,United Kingdom,37,Accountant,,378167.0
6032661,2024-02-01,affiliate,android,United States,35,Small Business Owner,,887201.0
1019156,2024-07-12,affiliate,ios,Australia,54,Nurse,,210268.0
8228119,2023-11-06,organic,android,Mexico,25,Retired,,
2854165,2023-09-03,affiliate,ios,United States,40,Unemployed,,221958.0
6327580,2024-06-23,affiliate,android,United States,32,Marketing Manager,,887201.0
5246238,2023-07-12,organic,android,United States,34,Teacher,,
8359201,2024-10-16,affiliate,ios,Philippines,27,Accountant,,744167.0
8326434,2024-07-26,affiliate,web,United States,41,Nurse,,231932.0
7408929,2024-04-30,social,web,United States,44,Accountant,,378167.0
1772838,2023-07-26,organic,ios,United States,37,Small Business Owner,,
3345704,2024-10-05,social,android,India,65,Accountant,,465838.0
8097065,2024-08-13,affiliate,web,United States,30,Accountant,,291335.0
2657583,2024-12-02,affiliate,ios,United States,42,Sales Rep,,231932.0
9571632,2023-06-08,organic,web,United States,50,Unemployed,,
2886963,2024-11-15,affiliate,web,Canada,40,Retired,,275203.0
8490291,2024-03-01,organic,ios,United States,45,Marketing Manager,,
6098227,2023-07-13,organic,android,United Kingdom,52,Accountant,,
4295990,2023-08-13,social,web,Australia,40,Teacher,,378167.0
3444026,2024-08-04,paid_search,android,Canada,44,Small Business Owner,,771155.0
8228161,2024-06-20,paid_search,ios,United Kingdom,25,Marketing Manager,,818315.0
5016899,2023-09-20,paid_search,web,Canada,18,Nurse,,237337.0
5573957,2023-11-07,organic,web,United Kingdom,40,Teacher,,
2526534,2024-10-31,paid_search,web,United States,31,Unemployed,,421879.0
8293708,2024-07-17,paid_search,ios,Australia,32,Student,,154886.0
3214669,2023-08-04,organic,web,United Kingdom,31,Freelancer,,
3181906,2023-06-27,organic,ios,United States,35,Nurse,,
1183062,2024-02-08,paid_search,ios,Brazil,37,Unemployed,,154886.0
2100567,2024-10-02,affiliate,ios,Philippines,42,Teacher,,887201.0
7572829,2023-10-02,paid_search,android,Mexico,39,Freelancer,,237337.0
8916323,2024-03-23,affiliate,ios,India,19,Freelancer,,832180.0
5475687,2024-12-25,organic,ios,Brazil,44,Accountant,,
4296050,2023-06-28,organic,ios,United States,56,Sales Rep,,
8392053,2024-01-17,affiliate,ios,Philippines,31,Accountant,,221958.0
5868923,2024-08-16,organic,android,United Kingdom,40,Marketing Manager,,
5836161,2024-12-30,organic,ios,United States,39,Accountant,,
6753670,2024-09-01,organic,android,Germany,18,Student,,
4033932,2023-10-24,paid_search,web,United Kingdom,32,Sales Rep,,421879.0
8064400,2024-03-29,affiliate,ios,United Kingdom,21,Consultant,,221958.0
4230545,2024-09-08,paid_search,web,India,34,Teacher,,141090.0
6655378,2024-07-01,social,ios,United States,32,Software Engineer,,465838.0
7835032,2023-09-25,social,web,United States,38,Unemployed,,465838.0
6032793,2024-11-18,social,web,United States,28,Freelancer,,378167.0
4001179,2024-01-24,social,web,Philippines,18,Student,,378167.0
6131104,2023-07-16,social,android,United States,24,Sales Rep,,378167.0
1052066,2024-08-21,paid_search,ios,United States,28,Marketing Manager,,187498.0
7671203,2024-12-27,paid_search,android,United Kingdom,43,Consultant,,164820.0
2035108,2023-07-21,affiliate,android,Australia,27,Consultant,,887201.0
2592173,2024-05-02,paid_search,ios,United States,55,Sales Rep,,187498.0
3444149,2024-05-08,paid_search,web,United Kingdom,43,Consultant,,154886.0
2985404,2024-09-12,organic,android,United States,23,Teacher,,
8818114,2024-01-23,paid_search,ios,United States,28,Nurse,,237337.0
7015877,2024-09-13,paid_search,ios,India,44,Student,,621430.0
6491590,2023-09-11,social,web,Brazil,28,Software Engineer,,465838.0
4132293,2024-07-16,social,ios,United States,23,Unemployed,,378167.0
7769552,2024-08-09,organic,android,Canada,26,Consultant,,
7540180,2024-03-22,organic,web,United States,32,Software Engineer,,
5672412,2024-08-28,organic,web,United States,23,Unemployed,,
5115362,2023-03-06,social,ios,India,39,Teacher,,465838.0
4099555,2024-09-25,paid_search,ios,United Kingdom,58,Accountant,,771155.0
3214826,2024-02-02,paid_search,android,United States,34,Sales Rep,,421879.0
6688238,2024-09-07,referral,ios,United States,37,Student,Existing Customer,
8130030,2024-07-06,paid_search,ios,United States,30,Teacher,,187498.0
6393333,2024-07-11,referral,android,Philippines,59,Accountant,Partner App,
2035211,2023-08-14,social,android,United Kingdom,26,Sales Rep,,378167.0
6786572,2024-12-12,referral,ios,Canada,34,Accountant,Existing Customer,
7015948,2024-12-12,paid_search,web,United States,38,Sales Rep,,237337.0
7671318,2023-11-06,affiliate,ios,United States,26,Marketing Manager,,275203.0
2756124,2024-12-15,social,web,United States,35,Student,,378167.0
9670178,2023-10-03,organic,android,Canada,43,Small Business Owner,,
8785446,2023-12-08,social,web,India,27,Sales Rep,,378167.0
9309740,2023-12-26,affiliate,web,United States,19,Nurse,,887201.0
5017136,2023-12-07,organic,android,Philippines,43,Small Business Owner,,
7900725,2024-01-04,organic,android,Germany,39,Unemployed,,
3247680,2024-10-27,organic,android,Brazil,33,Retired,,
4460096,2024-01-25,organic,android,Mexico,27,Accountant,,
3444291,2024-12-23,paid_search,android,Mexico,18,Nurse,,164820.0
1576515,2023-10-31,organic,ios,United States,48,Student,,
4853321,2024-12-17,paid_search,ios,United States,24,Unemployed,,818315.0
9506377,2023-10-16,paid_search,web,Canada,26,Small Business Owner,,154886.0
1019477,2023-04-16,organic,web,United Kingdom,26,Small Business Owner,,
4329049,2024-07-21,affiliate,web,United States,44,Nurse,,231932.0
2657888,2023-07-14,referral,web,United States,52,Student,Employee,
9506404,2023-07-12,paid_search,android,United States,26,Student,,141090.0
8031845,2024-10-09,paid_search,ios,Nigeria,23,Unemployed,,237337.0
6360678,2023-10-19,affiliate,ios,India,32,Marketing Manager,,744167.0
3673705,2024-04-16,affiliate,web,India,28,Consultant,,291335.0
3542637,2024-05-05,paid_search,web,Canada,22,Freelancer,,187498.0
8556142,2024-02-11,paid_search,web,Canada,47,Nurse,,187498.0
6393455,2024-12-05,affiliate,web,United States,42,Freelancer,,275203.0
2985588,2024-01-18,organic,web,Philippines,19,Teacher,,
2133629,2024-06-03,organic,web,United Kingdom,37,Nurse,,
2461312,2024-10-30,paid_search,web,Germany,36,Accountant,,237337.0
3804802,2024-07-10,social,ios,United Kingdom,42,Nurse,,378167.0
4230786,2024-09-07,organic,ios,India,20,Retired,,
9539202,2023-03-17,paid_search,web,Australia,47,Freelancer,,818315.0
3214979,2024-05-25,social,android,Canada,31,Accountant,,378167.0
8031883,2024-02-12,affiliate,web,United States,41,Sales Rep,,210268.0
6655635,2024-03-09,organic,web,United States,22,Unemployed,,
5574293,2024-09-08,affiliate,android,Brazil,28,Consultant,,231932.0
3378837,2023-10-16,paid_search,web,United States,26,Consultant,,237337.0
7212695,2024-12-13,social,android,Germany,18,Teacher,,465838.0
2723480,2023-03-28,organic,web,United States,23,Retired,,
9670304,2023-10-13,organic,ios,India,26,Teacher,,429365.0
7671458,2024-06-05,organic,android,United States,32,Sales Rep,,
1871522,2024-05-07,organic,ios,United States,41,Freelancer,,999159.0
8687268,2024-05-02,affiliate,web,Canada,46,Marketing Manager,,832180.0
4918949,2023-12-13,paid_search,web,Brazil,44,Marketing Manager,,818315.0
8654502,2023-10-13,social,ios,India,45,Accountant,,378167.0
1707689,2024-11-29,paid_search,ios,United States,50,Small Business Owner,,421879.0
1838761,2023-12-15,paid_search,android,Canada,35,Small Business Owner,,164820.0
9899691,2024-05-26,organic,web,United States,45,Freelancer,,
2559657,2023-04-20,paid_search,web,Brazil,28,Retired,,141090.0
1871535,2023-12-27,organic,ios,United States,34,Sales Rep,,
2625199,2024-05-14,paid_search,web,Mexico,33,Student,,164820.0
2199217,2024-04-09,organic,ios,Australia,38,Student,,
8392367,2024-11-04,organic,ios,Canada,33,Accountant,,
5869236,2024-09-05,social,web,India,24,Nurse,,378167.0
7507640,2024-12-01,organic,web,United States,28,Teacher,,
2494139,2024-04-19,social,web,Australia,31,Sales Rep,,378167.0
7605949,2024-11-30,organic,web,United Kingdom,18,Freelancer,,
8457918,2024-03-30,organic,web,Canada,48,Software Engineer,,
1150653,2024-04-22,organic,ios,United States,37,Nurse,,
6983359,2023-12-19,paid_search,web,Germany,39,Software Engineer,,771155.0
7507660,2024-02-01,organic,android,United States,43,Nurse,,
2035408,2024-11-28,organic,ios,United States,43,Nurse,,
2985681,2024-11-30,affiliate,web,India,26,Sales Rep,,744167.0
7409363,2024-07-20,affiliate,ios,India,40,Software Engineer,,887201.0
3575508,2023-11-17,paid_search,android,United Kingdom,40,Sales Rep,,421879.0
7081687,2024-08-19,paid_search,android,Brazil,34,Freelancer,,154886.0
3378907,2023-10-22,affiliate,ios,United States,23,Retired,,832180.0
1478365,2024-04-16,organic,android,Mexico,37,Sales Rep,,
8687331,2024-06-05,organic,ios,United States,18,Nurse,,
1380069,2024-12-14,paid_search,web,Brazil,54,Accountant,,421879.0
4689638,2024-12-01,social,web,India,31,Sales Rep,,465838.0
9080552,2024-03-22,paid_search,ios,United States,32,Unemployed,,154886.0
2690792,2024-04-06,organic,ios,Germany,37,Teacher,,429365.0
8064746,2024-11-12,organic,ios,Australia,47,Small Business Owner,,
5902059,2023-09-08,paid_search,web,Germany,18,Small Business Owner,,818315.0
8359659,2023-06-23,organic,web,Germany,51,Marketing Manager,,
1085166,2024-04-02,social,web,United States,18,Small Business Owner,,378167.0
6688505,2024-07-08,affiliate,web,Philippines,55,Marketing Manager,,291335.0
9899770,2024-08-11,organic,web,United States,35,Nurse,,
4099834,2024-04-20,paid_search,android,Canada,22,Consultant,,818315.0
2330363,2024-06-06,affiliate,ios,United States,31,Accountant,,887201.0
2461433,2024-07-13,organic,web,Brazil,18,Student,,
4820730,2024-09-12,social,android,United States,30,Nurse,,378167.0
7638784,2023-07-19,paid_search,web,United States,33,Unemployed,,359178.0
7933705,2024-04-13,organic,android,United States,40,Software Engineer,,
8818441,2024-01-05,paid_search,web,United Kingdom,37,Student,,421879.0
4198156,2024-02-17,paid_search,ios,United States,25,Small Business Owner,,237337.0
2559757,2024-10-01,social,web,Brazil,35,Sales Rep,,378167.0
7999244,2024-06-11,referral,android,Canada,32,Unemployed,Existing Customer,
1675025,2023-09-05,paid_search,android,Mexico,19,Small Business Owner,,154886.0
6754068,2023-11-23,affiliate,web,United States,29,Teacher,,832180.0
1019675,2024-06-03,organic,web,Canada,40,Teacher,,
7343902,2024-06-01,paid_search,web,United Kingdom,36,Sales Rep,,621430.0
6590240,2024-12-18,social,web,India,21,Student,,465838.0
2297638,2023-12-07,affiliate,ios,Germany,33,Consultant,,744167.0
8752950,2024-08-10,affiliate,web,United States,21,Student,,210268.0
3870524,2024-05-20,social,ios,United Kingdom,31,Small Business Owner,,378167.0
1281854,2023-04-07,paid_search,android,Philippines,30,Student,,164820.0
3215167,2024-08-02,affiliate,web,United States,35,Marketing Manager,,887201.0
7671628,2024-10-12,paid_search,ios,India,34,Small Business Owner,,421879.0
1118033,2024-10-06,paid_search,ios,India,21,Nurse,,621430.0
7901013,2024-01-08,organic,web,Mexico,28,Software Engineer,,
1544026,2024-06-27,organic,android,United States,23,Consultant,,
5115741,2024-07-07,affiliate,ios,United Kingdom,32,Accountant,,291335.0
7180142,2024-01-14,organic,ios,United States,22,Nurse,,
3870574,2024-10-31,social,web,Philippines,43,Teacher,,378167.0
9441136,2024-04-22,social,web,United States,28,Small Business Owner,,378167.0
3870581,2024-09-14,organic,android,Germany,60,Accountant,,
5050230,2024-04-04,organic,ios,United States,36,Accountant,,
9277304,2024-10-01,affiliate,android,United States,19,Student,,744167.0
4886402,2024-06-09,referral,web,India,18,Consultant,Existing Customer,
7999366,2024-10-27,social,ios,United States,20,Marketing Manager,,465838.0
8261511,2024-08-20,organic,ios,United States,48,Consultant,,
7147401,2024-08-08,organic,android,United States,19,Retired,,
5738379,2024-10-06,social,web,Canada,47,Student,,465838.0
2166670,2024-07-07,organic,web,United Kingdom,39,Software Engineer,,
5934990,2023-02-02,organic,ios,Canada,35,Consultant,,429365.0
2035598,2024-09-13,paid_search,web,United States,47,Accountant,,237337.0
3379093,2024-03-11,social,android,United Kingdom,43,Sales Rep,,465838.0
4820887,2024-10-23,organic,ios,Germany,32,Accountant,,999159.0
4820888,2024-10-24,paid_search,web,United States,18,Accountant,,154886.0
8458136,2024-01-16,affiliate,web,United States,40,Retired,,291335.0
6000546,2024-06-17,paid_search,android,United States,23,Unemployed,,771155.0
5115811,2024-06-07,organic,ios,United States,24,Consultant,,429365.0
9408424,2024-11-25,affiliate,android,United States,31,Consultant,,221958.0
6262696,2023-05-29,organic,ios,United States,27,Consultant,,
2297776,2023-08-14,organic,ios,United States,32,Retired,,
5803958,2024-08-15,referral,ios,Germany,30,Student,Existing Customer,
7147454,2023-01-25,organic,web,United States,34,Consultant,,
6066112,2023-07-24,organic,ios,United States,39,Student,,
5377987,2023-05-23,social,android,United States,50,Teacher,,465838.0
2396102,2024-05-25,organic,android,United States,41,Student,,
8196042,2024-12-06,social,android,Canada,38,Accountant,,465838.0
1085395,2024-02-22,organic,ios,Canada,29,Consultant,,429365.0
6098907,2024-10-05,referral,web,Canada,28,Consultant,Employee,
9441243,2024-12-20,organic,ios,United States,18,Nurse,,
7311326,2024-04-23,referral,ios,Philippines,30,Unemployed,Partner App,
7081950,2024-02-08,affiliate,android,Philippines,40,Software Engineer,,832180.0
5476321,2023-04-02,organic,web,United States,18,Freelancer,,999159.0
9605094,2024-01-07,paid_search,ios,Mexico,31,Unemployed,,237337.0
7737320,2023-07-30,paid_search,ios,Canada,34,Nurse,,621430.0
8228840,2024-01-31,organic,ios,United States,37,Freelancer,,
2199529,2023-04-19,social,web,United States,39,Consultant,,465838.0
9637872,2024-06-01,paid_search,android,India,43,Unemployed,,621430.0
9637873,2024-09-12,affiliate,web,United Kingdom,19,Consultant,,221958.0
9900019,2024-11-09,organic,android,United States,36,Software Engineer,,
9048056,2024-12-23,affiliate,ios,United States,33,Retired,,832180.0
9998331,2024-11-16,organic,web,United States,18,Software Engineer,,
9375741,2024-03-16,social,web,United Kingdom,49,Sales Rep,,465838.0
7278602,2023-03-22,organic,web,United States,43,Retired,,999159.0
7933966,2024-07-21,social,web,Philippines,23,Retired,,378167.0
4231185,2024-11-29,organic,web,United States,27,Software Engineer,,
2101267,2023-09-09,referral,web,Germany,47,Sales Rep,Employee,
3870741,2024-12-29,organic,android,Nigeria,29,Accountant,,
2658332,2024-10-24,organic,ios,United States,48,Student,,
8163357,2024-08-25,social,android,India,40,Student,,465838.0
5607455,2023-08-01,paid_search,ios,Philippines,39,Software Engineer,,237337.0
4755490,2024-07-30,paid_search,ios,India,34,Marketing Manager,,164820.0
7147560,2024-09-18,paid_search,ios,United States,44,Nurse,,421879.0
4395049,2024-10-30,paid_search,web,Philippines,18,Retired,,818315.0
7770153,2023-10-14,paid_search,ios,United States,31,Marketing Manager,,818315.0
5017641,2024-04-06,paid_search,ios,United States,43,Marketing Manager,,359178.0
7770161,2024-08-18,organic,ios,Mexico,18,Marketing Manager,,999159.0
9113649,2024-12-23,organic,web,Canada,43,Consultant,,
2854971,2024-02-27,affiliate,web,United States,48,Unemployed,,291335.0
1708092,2023-05-16,social,web,United States,44,Retired,,378167.0
8654909,2023-11-27,organic,ios,India,25,Marketing Manager,,
5214279,2024-09-08,organic,ios,United States,20,Freelancer,,
4886613,2024-01-09,social,ios,United States,37,Freelancer,,465838.0
5705815,2024-05-29,affiliate,web,United States,49,Consultant,,231932.0
7835735,2024-09-17,organic,web,Mexico,29,Sales Rep,,999159.0
2134106,2024-07-07,organic,ios,Canada,36,Software Engineer,,
1282140,2024-12-17,paid_search,web,Australia,48,Retired,,164820.0
6000738,2023-12-07,paid_search,ios,United States,24,Marketing Manager,,141090.0
1970278,2024-01-21,social,ios,Philippines,49,Software Engineer,,465838.0
2330728,2023-11-07,organic,ios,United States,18,Software Engineer,,
4526185,2023-11-23,affiliate,web,Brazil,36,Software Engineer,,221958.0
5902444,2024-12-27,paid_search,web,Germany,40,Accountant,,621430.0
6557805,2024-10-12,social,ios,Brazil,42,Consultant,,378167.0
6459501,2024-12-19,referral,web,United States,18,Small Business Owner,Community Forum,
4788340,2024-11-08,affiliate,android,Philippines,38,Teacher,,832180.0
5836917,2024-09-21,paid_search,web,Philippines,25,Small Business Owner,,187498.0
2560121,2024-04-13,paid_search,web,United States,18,Software Engineer,,359178.0
2953341,2024-12-04,social,android,United Kingdom,37,Teacher,,378167.0
6557821,2024-11-27,affiliate,ios,India,32,Consultant,,832180.0
5738637,2024-08-02,paid_search,android,United States,18,Accountant,,621430.0
1708175,2023-04-09,paid_search,web,United Kingdom,46,Marketing Manager,,421879.0
3903633,2023-09-18,paid_search,web,United Kingdom,31,Consultant,,141090.0
1544344,2023-10-10,referral,web,United States,51,Unemployed,Existing Customer,
7934106,2024-01-11,affiliate,web,Australia,32,Student,,744167.0
9736347,2024-11-26,organic,web,India,39,Sales Rep,,429365.0
8458403,2024-02-07,social,web,United States,29,Nurse,,378167.0
8229039,2024-06-11,affiliate,web,United States,34,Student,,275203.0
2199728,2024-08-05,affiliate,web,Philippines,38,Unemployed,,231932.0
3444913,2024-08-10,affiliate,android,Australia,18,Retired,,291335.0
2035891,2024-08-28,social,android,United Kingdom,26,Small Business Owner,,378167.0
3412149,2024-07-04,affiliate,ios,India,45,Marketing Manager,,832180.0
3772605,2024-12-24,social,ios,United Kingdom,48,Software Engineer,,465838.0
4952255,2024-07-28,social,web,Mexico,28,Small Business Owner,,465838.0
5443778,2023-07-29,referral,web,United States,39,Student,Employee,
7606470,2023-11-22,social,ios,United Kingdom,44,Nurse,,378167.0
4427975,2023-07-26,social,web,United States,32,Sales Rep,,378167.0
4296903,2023-09-26,paid_search,android,United States,24,Nurse,,818315.0
3051723,2024-11-28,organic,android,India,61,Teacher,,
5312717,2024-12-04,organic,ios,Canada,22,Sales Rep,,
6099154,2024-06-15,paid_search,android,United States,46,Small Business Owner,,818315.0
5148887,2024-04-30,affiliate,web,Nigeria,27,Marketing Manager,,291335.0
3084504,2024-02-16,organic,web,United States,43,Marketing Manager,,999159.0
7082199,2024-10-11,referral,ios,United Kingdom,41,Teacher,Partner App,
7672028,2024-12-22,paid_search,web,United Kingdom,41,Unemployed,,141090.0
9343199,2024-11-06,organic,android,Australia,41,Sales Rep,,
5476576,2023-01-10,organic,web,United States,48,Retired,,
2003171,2024-07-19,organic,web,United States,25,Accountant,,
1806564,2023-11-04,organic,ios,United Kingdom,22,Nurse,,999159.0
5083372,2024-07-04,social,web,United States,20,Small Business Owner,,378167.0
1872109,2024-10-27,organic,web,Mexico,34,Software Engineer,,429365.0
5411054,2024-11-01,organic,ios,Germany,34,Accountant,,
7409907,2024-05-15,social,ios,United States,18,Small Business Owner,,465838.0
1675510,2024-07-26,social,ios,United Kingdom,18,Retired,,465838.0
7934198,2023-09-15,organic,android,Germany,53,Teacher,,
8884479,2024-04-28,social,ios,Canada,43,Sales Rep,,465838.0
4722946,2024-12-13,organic,android,United States,19,Small Business Owner,,
6983943,2024-05-20,social,ios,India,39,Small Business Owner,,378167.0
5935371,2024-08-22,paid_search,web,United States,27,Retired,,421879.0
9998604,2024-07-11,affiliate,web,United States,31,Accountant,,291335.0
6066447,2024-12-11,paid_search,ios,Germany,44,Teacher,,771155.0
2396436,2024-10-29,paid_search,web,United States,33,Retired,,164820.0
9441557,2023-10-08,social,web,United States,28,Freelancer,,378167.0
5181726,2024-01-01,paid_search,web,Philippines,53,Accountant,,164820.0
5509408,2024-08-28,affiliate,ios,India,25,Marketing Manager,,887201.0
8851746,2024-11-29,organic,ios,India,40,Consultant,,
3707184,2024-09-24,paid_search,ios,Canada,31,Marketing Manager,,359178.0
3739956,2024-12-08,affiliate,web,Brazil,39,Teacher,,221958.0
4821301,2024-03-19,social,ios,Philippines,42,Small Business Owner,,378167.0
4329782,2024-05-25,social,web,United States,51,Freelancer,,465838.0
8556855,2023-05-11,affiliate,ios,Canada,20,Nurse,,744167.0
7049531,2024-06-30,social,ios,United States,54,Small Business Owner,,378167.0
8753472,2024-04-23,social,android,United States,35,Student,,378167.0
5902666,2024-09-23,referral,ios,Australia,38,Marketing Manager,Community Forum,
3182926,2024-12-07,affiliate,android,United States,32,Marketing Manager,,275203.0
9507150,2023-05-16,organic,ios,Nigeria,34,Teacher,,
6754640,2024-09-03,affiliate,web,Germany,40,Student,,210268.0
5607765,2023-11-25,social,ios,Canada,18,Sales Rep,,465838.0
6721877,2024-01-15,paid_search,web,United States,38,Small Business Owner,,164820.0
3936598,2024-07-27,organic,android,Germany,34,Freelancer,,429365.0
6426967,2024-12-07,organic,android,Australia,45,Freelancer,,999159.0
4133211,2024-11-10,affiliate,android,Germany,25,Student,,291335.0
4198747,2024-06-10,paid_search,ios,Philippines,44,Student,,771155.0
7410014,2024-05-15,organic,ios,United States,18,Retired,,
5247328,2023-09-07,organic,ios,United States,31,Marketing Manager,,
8524132,2024-08-08,organic,web,Canada,33,Small Business Owner,,999159.0
7147878,2024-11-20,referral,web,India,37,Marketing Manager,Partner App,
2429290,2024-05-13,paid_search,web,Mexico,41,Teacher,,237337.0
3871083,2024-06-06,paid_search,android,Brazil,29,Teacher,,187498.0
5083501,2023-11-13,affiliate,web,United States,24,Small Business Owner,,275203.0
9245044,2024-10-23,paid_search,ios,Canada,34,Consultant,,771155.0
1118581,2024-09-14,paid_search,android,India,43,Nurse,,818315.0
3150205,2023-09-12,organic,android,India,51,Consultant,,
1773952,2024-05-06,organic,ios,United Kingdom,43,Accountant,,999159.0
4100498,2023-12-27,affiliate,ios,United States,37,Teacher,,291335.0
4886932,2024-11-23,paid_search,android,United States,40,Freelancer,,621430.0
6001045,2024-10-22,organic,android,United States,31,Teacher,,
7016854,2023-09-20,affiliate,android,Australia,26,Small Business Owner,,291335.0
1479083,2024-06-11,organic,ios,Canada,46,Marketing Manager,,
1937841,2024-01-07,paid_search,web,United States,54,Freelancer,,421879.0
7541173,2024-11-26,affiliate,ios,United States,44,Unemployed,,231932.0
8622520,2024-04-15,affiliate,web,United Kingdom,42,Small Business Owner,,275203.0
1872328,2023-04-05,social,android,United States,27,Freelancer,,378167.0
1544653,2023-08-28,paid_search,web,India,35,Marketing Manager,,237337.0
8360401,2024-08-11,paid_search,ios,Canada,22,Freelancer,,187498.0
9146836,2024-05-24,affiliate,web,Brazil,19,Retired,,744167.0
2363864,2024-12-23,social,android,Germany,33,Software Engineer,,465838.0
6590938,2024-01-12,affiliate,ios,Brazil,39,Student,,832180.0
7934430,2024-02-06,organic,web,United States,36,Unemployed,,
5345760,2024-07-22,paid_search,ios,United States,18,Unemployed,,621430.0
4887008,2024-05-25,affiliate,ios,Germany,19,Freelancer,,210268.0
4100581,2024-05-22,paid_search,ios,Philippines,29,Software Engineer,,164820.0
8753638,2024-03-02,organic,web,Canada,55,Sales Rep,,
4428261,2024-08-03,organic,web,Australia,39,Software Engineer,,
5902825,2024-05-11,social,android,Brazil,18,Unemployed,,465838.0
2658800,2023-04-24,social,web,Philippines,38,Freelancer,,378167.0
1315315,2024-07-31,social,android,United Kingdom,42,Freelancer,,465838.0
9212411,2024-09-22,social,web,Canada,20,Teacher,,378167.0
3609089,2024-11-29,referral,web,Canada,24,Unemployed,Partner App,
9212420,2023-11-24,organic,android,United States,55,Software Engineer,,
8557065,2023-08-28,organic,web,Brazil,22,Nurse,,
5739023,2024-05-24,organic,android,United States,32,Student,,
8622611,2024-07-31,paid_search,web,India,39,Sales Rep,,621430.0
3871259,2023-07-06,social,android,Germany,44,Teacher,,465838.0
9277983,2024-02-09,organic,ios,United States,39,Retired,,999159.0
4723234,2024-11-11,organic,ios,Brazil,31,Unemployed,,
9343528,2024-03-20,organic,web,United States,33,Software Engineer,,
7017004,2023-11-04,referral,ios,Canada,47,Consultant,Existing Customer,
7508526,2024-05-19,paid_search,web,Brazil,18,Retired,,359178.0
6394418,2024-06-19,social,android,United States,18,Unemployed,,378167.0
2003510,2024-01-06,paid_search,ios,Brazil,23,Teacher,,771155.0
4297291,2023-09-22,paid_search,android,United States,18,Retired,,141090.0
9998934,2024-05-07,social,web,United States,39,Student,,465838.0
2822744,2024-04-13,organic,ios,United States,38,Consultant,,
8917596,2024-06-09,organic,ios,India,34,Freelancer,,429365.0
5673584,2024-04-09,social,ios,Canada,32,Teacher,,378167.0
1118834,2024-05-02,paid_search,android,Philippines,32,Software Engineer,,154886.0
2790008,2023-04-17,organic,web,India,45,Student,,999159.0
7049850,2023-12-15,referral,android,United Kingdom,18,Consultant,Employee,
1708669,2024-11-08,referral,web,United States,24,Unemployed,Existing Customer,
4199039,2024-06-21,paid_search,android,United States,30,Consultant,,818315.0
1708672,2024-04-29,organic,ios,Mexico,55,Teacher,,
2855567,2024-05-02,organic,ios,Philippines,45,Teacher,,429365.0
4526737,2024-01-01,organic,web,United States,18,Consultant,,
6918806,2024-11-20,organic,android,United Kingdom,24,Freelancer,,
4690583,2023-08-15,referral,web,United States,29,Freelancer,Partner App,
6787749,2023-03-26,organic,web,India,19,Freelancer,,
5378727,2023-04-18,paid_search,ios,Brazil,30,Software Engineer,,818315.0
9147047,2024-06-10,organic,android,Australia,27,Freelancer,,999159.0
5280428,2024-05-10,organic,web,Brazil,36,Consultant,,
9376430,2024-09-21,affiliate,ios,India,43,Retired,,291335.0
6853294,2024-07-18,organic,ios,United Kingdom,23,Student,,
4100786,2023-12-02,organic,ios,United Kingdom,31,Consultant,,
7606963,2024-12-16,referral,ios,India,46,Small Business Owner,Community Forum,
7606964,2024-09-12,organic,web,United States,48,Marketing Manager,,
3510963,2024-05-19,social,android,Nigeria,43,Marketing Manager,,465838.0
3379897,2024-06-02,paid_search,ios,United States,38,Software Engineer,,237337.0
5837502,2024-11-22,organic,web,Philippines,43,Retired,,
1807040,2024-11-20,organic,android,United States,20,Small Business Owner,,
6525633,2024-09-05,paid_search,web,India,34,Retired,,154886.0
7508676,2024-01-30,organic,web,United Kingdom,23,Freelancer,,
9507528,2024-11-13,paid_search,web,Mexico,25,Consultant,,421879.0
9671370,2024-11-11,social,web,United States,28,Unemployed,,378167.0
8426187,2024-08-21,organic,web,United States,58,Sales Rep,,
8557260,2024-07-22,affiliate,web,United States,18,Retired,,231932.0
2167498,2024-03-27,organic,ios,United States,20,Accountant,,
4788963,2024-07-14,paid_search,web,Germany,26,Unemployed,,771155.0
9966309,2024-12-19,referral,web,United States,56,Consultant,Existing Customer,
3511019,2023-07-31,organic,web,Canada,23,Student,,
4657905,2023-04-05,paid_search,android,United Kingdom,18,Unemployed,,621430.0
2659066,2024-03-17,affiliate,ios,United Kingdom,34,Sales Rep,,221958.0
4297466,2024-02-28,paid_search,ios,Mexico,18,Sales Rep,,621430.0
7115518,2024-09-14,paid_search,ios,United States,21,Student,,237337.0
4657919,2024-09-24,organic,ios,United States,34,Accountant,,
1184514,2023-08-18,affiliate,android,United States,39,Software Engineer,,275203.0
2724620,2024-10-12,referral,android,Canada,31,Student,Community Forum,
8426263,2024-12-02,paid_search,android,Philippines,21,Retired,,421879.0
6492952,2024-11-21,organic,ios,United States,42,Consultant,,
4330263,2023-11-10,organic,web,United States,26,Teacher,,999159.0
2200346,2024-02-07,organic,ios,United Kingdom,24,Accountant,,999159.0
6525724,2024-06-07,paid_search,web,Germany,38,Freelancer,,771155.0
3281696,2023-08-06,social,ios,United States,36,Unemployed,,465838.0
9704225,2024-12-14,paid_search,ios,United Kingdom,46,Nurse,,164820.0
1217314,2024-07-24,affiliate,ios,Australia,28,Accountant,,887201.0
3773219,2024-10-06,affiliate,web,Mexico,33,Consultant,,275203.0
6198054,2023-05-29,paid_search,android,United States,53,Software Engineer,,359178.0
2265898,2024-07-11,paid_search,ios,United States,35,Small Business Owner,,818315.0
3969852,2024-10-15,social,ios,United Kingdom,28,Sales Rep,,465838.0
8131390,2024-07-12,referral,web,United States,33,Retired,Employee,
6230852,2024-09-23,affiliate,android,United States,34,Nurse,,744167.0
2462538,2024-08-19,organic,web,United States,29,Retired,,
8983372,2024-08-14,affiliate,ios,United Kingdom,35,Marketing Manager,,832180.0
6034253,2024-11-17,paid_search,web,Germany,18,Consultant,,359178.0
2790228,2024-10-23,organic,android,United States,44,Student,,
3183448,2024-10-07,organic,android,United States,20,Nurse,,429365.0
3248988,2024-01-01,paid_search,android,United Kingdom,35,Unemployed,,154886.0
7541600,2024-09-19,organic,android,United Kingdom,27,Freelancer,,
8950630,2024-03-18,paid_search,android,United States,43,Sales Rep,,359178.0
7508850,2023-07-23,organic,android,Philippines,22,Marketing Manager,,
7902066,2024-02-03,paid_search,web,Australia,54,Small Business Owner,,421879.0
2855797,2024-11-28,social,ios,Philippines,29,Retired,,378167.0
7508856,2024-12-08,organic,web,India,20,Freelancer,,
2954109,2024-04-22,organic,web,United States,25,Software Engineer,,999159.0
4625279,2024-10-10,paid_search,web,Brazil,35,Consultant,,187498.0
5084032,2024-04-19,organic,android,Philippines,26,Consultant,,
5149570,2024-04-19,affiliate,web,United States,42,Small Business Owner,,291335.0
9212803,2024-10-09,paid_search,web,United States,27,Consultant,,154886.0
5641094,2024-06-25,social,android,United States,44,Retired,,465838.0
5739400,2024-01-29,paid_search,web,United States,18,Retired,,818315.0
5280650,2024-02-26,referral,android,United States,47,Consultant,Partner App,
2462603,2023-05-23,social,web,Mexico,26,Accountant,,465838.0
4101004,2024-09-19,affiliate,ios,Brazil,18,Small Business Owner,,221958.0
8983439,2024-12-19,affiliate,android,United States,47,Marketing Manager,,221958.0
7410575,2024-12-21,organic,ios,Philippines,32,Retired,,
8983441,2024-11-13,organic,ios,United States,69,Marketing Manager,,
2069412,2023-11-24,referral,web,United States,25,Marketing Manager,Community Forum,
3183525,2024-01-25,social,android,Nigeria,32,Student,,465838.0
3871656,2024-02-16,paid_search,ios,Canada,51,Software Engineer,,771155.0
1250231,2024-07-30,paid_search,ios,Canada,47,Student,,771155.0
1872834,2023-10-16,organic,web,United States,41,Retired,,
4264908,2024-09-20,organic,ios,Canada,27,Student,,
8328141,2024-10-05,organic,android,Nigeria,35,Student,,
1381325,2024-03-27,paid_search,android,United Kingdom,27,Freelancer,,237337.0
6853584,2024-03-05,organic,android,United Kingdom,18,Small Business Owner,,999159.0
2200532,2024-02-29,organic,ios,Mexico,31,Student,,
2626528,2024-12-20,paid_search,ios,Mexico,36,Sales Rep,,818315.0
3871712,2024-06-27,affiliate,web,Canada,31,Nurse,,832180.0
5805028,2024-07-15,paid_search,android,United States,31,Software Engineer,,818315.0
6198245,2024-08-03,organic,android,Philippines,38,Retired,,999159.0
6460388,2024-04-26,paid_search,ios,Germany,44,Sales Rep,,154886.0
6984684,2024-03-05,organic,web,Nigeria,29,Teacher,,
9704434,2024-07-04,paid_search,ios,Canada,25,Nurse,,421879.0
7115762,2023-12-29,referral,android,United States,49,Consultant,Existing Customer,
2724854,2024-05-15,affiliate,web,United States,33,Small Business Owner,,231932.0
1053687,2024-12-12,affiliate,web,United States,29,Nurse,,210268.0
2561014,2024-04-06,paid_search,android,United States,44,Nurse,,141090.0
7312379,2024-04-19,paid_search,android,Canada,18,Unemployed,,818315.0
6755327,2024-12-19,affiliate,ios,United States,43,Small Business Owner,,210268.0
4527110,2024-07-23,affiliate,ios,United States,52,Unemployed,,210268.0
1676296,2024-04-04,organic,ios,Philippines,21,Software Engineer,,999159.0
5542923,2024-10-22,paid_search,ios,United States,27,Freelancer,,359178.0
8688659,2023-11-03,organic,ios,Philippines,34,Marketing Manager,,
8950806,2024-11-09,affiliate,ios,United Kingdom,40,Marketing Manager,,221958.0
7771158,2023-07-16,paid_search,android,United States,34,Freelancer,,154886.0
3707929,2024-02-01,paid_search,web,United States,36,Retired,,621430.0
5608474,2024-03-27,paid_search,android,United States,19,Nurse,,154886.0
9278499,2023-10-17,affiliate,web,United States,39,Consultant,,291335.0
1807400,2024-01-18,social,web,United States,57,Teacher,,378167.0
5706797,2024-05-20,social,android,United States,25,Retired,,378167.0
5411887,2024-01-31,organic,web,India,41,Marketing Manager,,
1971248,2024-03-05,paid_search,android,United States,41,Nurse,,154886.0
1676337,2024-03-23,affiliate,android,Brazil,39,Sales Rep,,887201.0
7083059,2024-02-02,organic,web,United States,47,Consultant,,
4822069,2024-03-31,referral,web,United States,43,Marketing Manager,Employee,
9671734,2024-04-25,paid_search,web,Philippines,36,Software Engineer,,187498.0
8197177,2024-12-05,organic,web,United States,30,Marketing Manager,,429365.0
3806284,2024-07-30,referral,android,Philippines,23,Retired,Partner App,
3445840,2024-01-11,social,web,Germany,29,Teacher,,465838.0
5674071,2024-01-04,affiliate,android,Canada,40,Marketing Manager,,887201.0
6362204,2023-06-10,paid_search,android,United States,35,Retired,,359178.0
8098917,2023-01-24,paid_search,ios,United States,18,Nurse,,187498.0
2888806,2024-11-16,affiliate,web,Canada,41,Student,,832180.0
7181422,2024-02-22,paid_search,android,Germany,22,Retired,,237337.0
1578110,2023-10-05,paid_search,web,Philippines,23,Sales Rep,,359178.0
1479809,2024-07-10,affiliate,android,Brazil,30,Small Business Owner,,291335.0
9213062,2024-05-10,organic,ios,Germany,20,Student,,
3118219,2023-04-15,social,web,United States,34,Student,,465838.0
1840268,2024-09-01,affiliate,android,United States,29,Small Business Owner,,887201.0
9802907,2024-12-09,organic,ios,Nigeria,33,Teacher,,
3085469,2024-07-30,paid_search,ios,India,27,Accountant,,621430.0
5313696,2024-10-31,organic,android,Australia,22,Student,,
8230057,2024-05-11,social,android,Nigeria,41,Marketing Manager,,378167.0
6165679,2024-11-27,organic,ios,United States,33,Retired,,
3740855,2024-12-15,social,web,United States,18,Software Engineer,,465838.0
2725049,2024-09-17,paid_search,web,United States,24,Accountant,,771155.0
6919359,2024-04-15,organic,ios,United States,43,Teacher,,
6132928,2023-07-29,paid_search,ios,Canada,24,Nurse,,421879.0
8557773,2024-10-29,paid_search,web,United States,36,Marketing Manager,,187498.0
6755536,2024-10-20,organic,android,Nigeria,21,Teacher,,
2659537,2023-04-27,organic,web,Canada,35,Software Engineer,,
7214294,2024-10-13,social,android,Mexico,51,Freelancer,,378167.0
2135270,2024-02-07,paid_search,web,United States,42,Teacher,,621430.0
1217770,2024-06-05,social,ios,Germany,31,Accountant,,378167.0
6558956,2024-07-20,paid_search,android,Canada,52,Student,,141090.0
9737452,2024-10-10,paid_search,android,Australia,26,Small Business Owner,,141090.0
7705836,2024-10-01,organic,web,United States,34,Small Business Owner,,
9737456,2024-09-11,affiliate,web,Mexico,37,Small Business Owner,,744167.0
3118324,2023-07-09,organic,web,United States,43,Small Business Owner,,429365.0
4625654,2024-01-03,organic,ios,United Kingdom,28,Consultant,,999159.0
4494585,2024-09-02,organic,web,United Kingdom,38,Software Engineer,,
8393979,2024-10-06,affiliate,ios,Mexico,20,Nurse,,275203.0
8951036,2024-06-29,social,ios,Nigeria,21,Student,,378167.0
4101373,2024-11-08,organic,web,Canada,36,Consultant,,
4232452,2024-05-02,organic,ios,India,36,Small Business Owner,,
4789514,2024-09-08,organic,android,United States,46,Unemployed,,
3773707,2024-04-05,affiliate,android,United Kingdom,36,Nurse,,832180.0
8983823,2024-02-06,organic,android,United States,27,Sales Rep,,
1873172,2023-02-11,referral,ios,United Kingdom,46,Accountant,Partner App,
8557845,2024-12-16,organic,ios,United Kingdom,47,Student,,
6001945,2024-10-25,affiliate,ios,United States,37,Nurse,,744167.0
9868577,2023-07-08,social,web,United States,28,Nurse,,378167.0
5084457,2024-02-18,social,ios,Mexico,23,Unemployed,,465838.0
1053997,2024-08-15,social,web,Brazil,32,Consultant,,378167.0
5444910,2023-12-02,organic,ios,India,60,Student,,
2921792,2024-03-27,affiliate,web,United States,18,Retired,,291335.0
3249476,2023-09-18,organic,android,India,60,Student,,
1021253,2024-08-11,affiliate,android,Australia,31,Student,,832180.0
8918348,2024-09-07,affiliate,ios,United States,26,Accountant,,887201.0
1447244,2023-04-14,paid_search,web,United States,18,Sales Rep,,141090.0
3183955,2023-03-10,paid_search,ios,Canada,42,Unemployed,,154886.0
9377114,2023-11-15,organic,web,United States,34,Nurse,,
3118433,2024-12-29,organic,android,Brazil,41,Retired,,
5346657,2024-06-12,organic,android,United States,18,Nurse,,
9704813,2024-02-11,affiliate,ios,United States,43,Unemployed,,221958.0
4494708,2024-01-02,paid_search,android,Philippines,28,Sales Rep,,359178.0
3970424,2023-11-16,social,ios,United States,18,Unemployed,,378167.0
8557944,2023-12-13,paid_search,web,United Kingdom,29,Small Business Owner,,771155.0
1807744,2024-08-12,affiliate,android,India,18,Consultant,,887201.0
8983939,2024-11-06,referral,web,United States,24,Sales Rep,Partner App,
3380612,2024-03-25,paid_search,web,United Kingdom,27,Retired,,187498.0
7574922,2024-11-21,paid_search,android,United States,20,Student,,421879.0
7542155,2024-02-18,social,android,Mexico,33,Freelancer,,378167.0
7476625,2023-12-13,paid_search,web,United States,33,Unemployed,,621430.0
4003225,2024-07-01,organic,android,India,45,Software Engineer,,
5215645,2024-07-16,affiliate,web,United Kingdom,33,Nurse,,210268.0
6296990,2023-04-08,affiliate,ios,United Kingdom,58,Sales Rep,,231932.0
7706024,2024-02-27,paid_search,android,United States,40,Nurse,,141090.0
4330922,2023-06-23,organic,android,United States,23,Sales Rep,,
3904941,2024-07-02,organic,ios,United States,20,Unemployed,,
5084591,2024-12-02,organic,android,Philippines,21,Retired,,
3642800,2024-04-16,paid_search,android,Germany,45,Teacher,,818315.0
5510579,2024-11-20,social,ios,United States,20,Accountant,,378167.0
7935426,2024-01-05,paid_search,web,United States,35,Unemployed,,818315.0
3282373,2024-10-15,social,android,United States,41,Student,,465838.0
9803208,2024-04-05,social,web,United States,33,Freelancer,,465838.0
6919626,2023-02-28,paid_search,android,Philippines,42,Freelancer,,621430.0
1611213,2023-08-30,social,android,United States,29,Retired,,465838.0
2954702,2024-04-04,organic,ios,Philippines,34,Nurse,,
7542224,2024-02-07,paid_search,web,Mexico,31,Accountant,,237337.0
1840597,2024-05-25,organic,web,United Kingdom,35,Accountant,,
5936600,2024-07-09,affiliate,android,United States,18,Consultant,,291335.0
9016792,2024-02-07,organic,ios,United Kingdom,52,Freelancer,,999159.0
1381856,2024-08-26,organic,ios,United States,39,Marketing Manager,,
9803235,2024-12-05,affiliate,ios,Germany,43,Teacher,,887201.0
7149031,2024-09-10,social,web,Mexico,27,Nurse,,378167.0
3773939,2024-04-17,affiliate,ios,Canada,39,Sales Rep,,887201.0
9737723,2024-05-23,referral,web,Germany,36,Student,Employee,
1545726,2024-01-29,paid_search,web,United States,18,Nurse,,237337.0
5969411,2024-08-28,social,android,United States,18,Unemployed,,378167.0
5740039,2024-12-25,organic,ios,Mexico,18,Consultant,,
1873420,2024-04-02,organic,ios,Canada,18,Accountant,,
5183005,2024-11-21,organic,web,United States,22,Sales Rep,,
1578526,2024-05-29,paid_search,ios,Germany,20,Accountant,,154886.0
2496030,2024-06-20,organic,ios,United States,38,Student,,
7214624,2024-01-18,organic,android,United States,42,Freelancer,,
4298273,2024-09-09,paid_search,android,Mexico,39,Freelancer,,359178.0
5051939,2024-09-15,organic,ios,United States,54,Teacher,,
7869989,2024-04-19,referral,ios,Nigeria,35,Nurse,Partner App,
6559277,2024-08-12,referral,web,Mexico,31,Accountant,Partner App,
7214638,2024-04-14,paid_search,ios,United States,32,Consultant,,421879.0
6755892,2024-05-11,affiliate,web,Philippines,43,Unemployed,,231932.0
8689205,2023-07-17,organic,web,United States,23,Software Engineer,,
2594362,2023-12-11,organic,ios,United States,29,Retired,,999159.0
9639483,2024-09-05,referral,ios,Canada,51,Teacher,Employee,
4331068,2024-07-03,organic,web,Mexico,35,Freelancer,,
5150276,2023-03-31,affiliate,android,United Kingdom,40,Unemployed,,887201.0
5936710,2024-03-09,social,android,United Kingdom,31,Accountant,,465838.0
6362695,2023-12-14,paid_search,web,India,24,Unemployed,,359178.0
9016906,2024-11-02,affiliate,web,Germany,41,Unemployed,,221958.0
2135627,2024-11-15,paid_search,ios,Brazil,27,Small Business Owner,,818315.0
5084752,2023-07-15,organic,ios,Germany,32,Retired,,
7509590,2024-03-19,referral,ios,United States,32,Software Engineer,Community Forum,
1709662,2024-10-28,organic,android,India,47,Accountant,,429365.0
3511902,2023-08-12,affiliate,web,India,24,Consultant,,221958.0
4331106,2024-08-15,paid_search,ios,United States,46,Nurse,,818315.0
7607912,2023-09-27,organic,android,United States,24,Software Engineer,,
9901674,2024-11-22,organic,android,United States,26,Unemployed,,
9705070,2024-12-12,organic,android,India,20,Nurse,,
8656495,2024-07-09,social,web,United States,39,Small Business Owner,,465838.0
8689262,2024-02-23,paid_search,android,Canada,32,Accountant,,621430.0
9606776,2023-08-13,paid_search,android,Philippines,31,Accountant,,818315.0
5510784,2024-09-16,paid_search,ios,United States,36,Small Business Owner,,421879.0
7739013,2024-06-12,social,ios,Germany,34,Retired,,465838.0
1676935,2023-04-26,organic,ios,Mexico,37,Retired,,
9410184,2024-07-21,referral,ios,United States,37,Sales Rep,Community Forum,
3118736,2024-11-06,organic,web,United States,29,Software Engineer,,
5772945,2024-05-21,paid_search,ios,Canada,28,Consultant,,621430.0
2922135,2024-05-27,affiliate,web,United Kingdom,38,Marketing Manager,,275203.0
5936792,2024-04-03,organic,ios,United States,28,Freelancer,,
4200090,2024-09-25,organic,ios,Germany,35,Small Business Owner,,
9868958,2023-07-25,paid_search,ios,Australia,29,Nurse,,771155.0
6264482,2024-06-08,referral,android,United States,38,Freelancer,Existing Customer,
6788773,2024-01-09,affiliate,ios,Mexico,23,Teacher,,744167.0
2004646,2024-09-13,paid_search,web,United States,46,Freelancer,,421879.0
9279143,2024-01-25,paid_search,ios,Australia,33,Consultant,,621430.0
2496176,2023-06-04,affiliate,web,Philippines,18,Accountant,,210268.0
1775292,2023-11-11,social,android,Germany,24,Nurse,,465838.0
1578688,2024-01-08,organic,web,United States,43,Software Engineer,,
2561729,2024-08-09,organic,web,Canada,51,Freelancer,,
3380932,2023-02-04,paid_search,ios,India,33,Sales Rep,,359178.0
9737925,2024-11-19,organic,ios,Canada,43,Software Engineer,,429365.0
2594502,2024-10-17,affiliate,ios,Canada,20,Software Engineer,,231932.0
4822727,2023-10-23,social,web,United Kingdom,30,Student,,465838.0
8427210,2024-02-12,organic,web,Philippines,18,Student,,
7837388,2024-05-21,affiliate,android,United Kingdom,22,Marketing Manager,,832180.0
1447628,2024-08-20,organic,ios,Canada,18,Consultant,,
3053262,2024-08-03,social,android,Canada,37,Consultant,,465838.0
1021650,2024-11-09,paid_search,ios,United States,31,Teacher,,141090.0
1906395,2024-06-04,affiliate,ios,Canada,18,Retired,,210268.0
3675877,2024-09-05,paid_search,ios,United States,22,Consultant,,237337.0
9672424,2024-08-21,paid_search,ios,Canada,40,Accountant,,771155.0
7575273,2024-01-02,referral,android,Germany,22,Retired,Employee,
2332397,2023-04-10,affiliate,ios,United States,44,Student,,210268.0
7837433,2024-04-12,affiliate,android,Philippines,48,Accountant,,887201.0
4101883,2024-06-13,organic,android,Germany,35,Freelancer,,
6297340,2024-08-15,organic,ios,India,40,Retired,,
3708668,2023-07-04,organic,web,United States,28,Nurse,,
7509762,2024-06-20,organic,android,Mexico,24,Software Engineer,,
5379845,2024-10-05,organic,web,United States,21,Marketing Manager,,
2660102,2024-01-05,organic,web,United States,18,Software Engineer,,
3708685,2024-01-04,paid_search,android,Philippines,35,Marketing Manager,,621430.0
7477006,2023-10-16,social,ios,Brazil,39,Retired,,378167.0
1906450,2024-09-12,referral,android,Nigeria,44,Accountant,Existing Customer,
3217181,2023-09-25,affiliate,web,United States,47,Unemployed,,221958.0
7935774,2024-04-11,affiliate,android,United States,35,Nurse,,231932.0
9082655,2024-03-03,affiliate,ios,Mexico,57,Freelancer,,210268.0
8427297,2023-11-10,organic,web,Philippines,34,Retired,,
6068002,2024-10-13,affiliate,web,Philippines,39,Retired,,210268.0
9312048,2023-06-02,organic,web,United States,18,Consultant,,
4658997,2024-10-03,paid_search,ios,United States,48,Marketing Manager,,164820.0
2725690,2023-05-24,affiliate,web,Canada,48,Student,,231932.0
7739202,2024-06-11,referral,ios,Germany,29,Software Engineer,Community Forum,
5314380,2024-06-25,organic,web,India,46,Teacher,,999159.0
8951632,2024-12-23,paid_search,android,Canada,47,Student,,154886.0
2365265,2024-09-07,social,ios,Mexico,46,Software Engineer,,378167.0
1414994,2023-08-24,paid_search,android,Germany,33,Nurse,,771155.0
9344854,2024-05-04,affiliate,web,United States,27,Marketing Manager,,291335.0
6952793,2024-09-29,social,ios,United States,30,Marketing Manager,,378167.0
3086172,2024-06-05,social,android,India,18,Student,,465838.0
1415008,2024-05-10,affiliate,web,United Kingdom,48,Student,,291335.0
9607009,2023-09-06,paid_search,ios,United States,26,Marketing Manager,,187498.0
1513313,2024-10-21,organic,web,Australia,54,Software Engineer,,999159.0
3053413,2023-11-20,organic,android,India,40,Marketing Manager,,429365.0
5150579,2024-11-02,affiliate,web,Canada,21,Teacher,,275203.0
7444345,2024-05-16,affiliate,android,Canada,24,Accountant,,275203.0
7509887,2024-10-28,paid_search,android,India,43,Accountant,,621430.0
3086213,2024-04-09,social,android,Germany,53,Accountant,,465838.0
2201482,2024-04-09,paid_search,web,India,18,Consultant,,621430.0
3938199,2023-12-01,social,ios,Canada,50,Sales Rep,,465838.0
2135964,2024-08-09,organic,ios,Philippines,39,Small Business Owner,,
8132508,2023-12-20,organic,ios,United States,23,Teacher,,429365.0
1808301,2023-11-02,paid_search,ios,United States,43,Marketing Manager,,164820.0
4462511,2024-08-29,social,ios,United States,33,Nurse,,378167.0
7247794,2024-06-16,social,android,Germany,47,Retired,,378167.0
9705398,2024-02-06,affiliate,web,United States,21,Consultant,,231932.0
2955206,2024-12-14,organic,ios,Mexico,33,Teacher,,
9246673,2024-10-15,paid_search,web,United States,39,Marketing Manager,,771155.0
8296405,2024-10-11,referral,web,Philippines,56,Teacher,Existing Customer,
1480674,2024-05-28,paid_search,web,United Kingdom,24,Teacher,,771155.0
5117923,2024-08-10,organic,web,United States,28,Software Engineer,,
8820707,2024-12-04,organic,ios,United States,30,Nurse,,
1152999,2024-04-25,organic,android,Canada,30,Teacher,,
4265962,2024-10-17,organic,web,Canada,22,Nurse,,
3938287,2024-07-28,affiliate,android,Canada,24,Consultant,,291335.0
9508851,2024-06-18,affiliate,ios,Canada,28,Retired,,231932.0
1218547,2024-12-20,organic,ios,United States,57,Accountant,,
4855798,2024-08-24,paid_search,web,United States,33,Marketing Manager,,154886.0
8165371,2024-04-14,referral,android,India,30,Unemployed,Existing Customer,
9934845,2023-08-27,affiliate,ios,United Kingdom,25,Consultant,,832180.0
2136078,2023-05-11,social,web,United Kingdom,24,Sales Rep,,465838.0
6723601,2024-02-02,referral,ios,India,18,Marketing Manager,Existing Customer,
8689684,2024-12-19,organic,android,United States,53,Software Engineer,,
4560920,2023-06-22,organic,android,Philippines,45,Accountant,,
9443353,2024-05-21,affiliate,ios,United States,36,Software Engineer,,231932.0
3676188,2023-02-09,affiliate,web,Canada,25,Student,,275203.0
7215140,2024-12-18,affiliate,web,United States,21,Teacher,,221958.0
5412903,2024-11-28,paid_search,web,United States,41,Teacher,,818315.0
8820783,2024-12-24,organic,ios,United States,31,Accountant,,
4790328,2024-03-07,organic,ios,United States,37,Teacher,,
8984638,2023-11-12,paid_search,web,United States,18,Teacher,,154886.0
9836621,2023-05-12,organic,android,United Kingdom,30,Retired,,
7379022,2024-10-27,paid_search,android,United States,21,Small Business Owner,,421879.0
3020880,2024-08-16,paid_search,web,United States,50,Unemployed,,237337.0
1611868,2024-11-22,affiliate,web,United Kingdom,27,Accountant,,221958.0
9476201,2024-12-03,organic,ios,India,21,Nurse,,
3872875,2024-11-28,paid_search,android,Canada,29,Freelancer,,771155.0
9377900,2023-08-11,paid_search,web,United States,26,Student,,187498.0
7280757,2024-03-31,paid_search,web,Canada,38,Accountant,,141090.0
6166650,2024-04-13,social,web,United States,30,Retired,,378167.0
9640059,2024-09-04,social,android,United States,41,Small Business Owner,,465838.0
4855933,2024-01-03,social,ios,United States,38,Consultant,,465838.0
6101118,2024-02-04,organic,ios,United States,51,Freelancer,,
6232190,2024-04-06,referral,android,United States,40,Marketing Manager,Partner App,
9181311,2023-09-21,affiliate,android,Australia,37,Consultant,,231932.0
6494339,2024-07-05,organic,ios,United States,42,Sales Rep,,
7215241,2023-07-13,social,web,Germany,27,Unemployed,,465838.0
6002828,2024-08-28,social,web,United States,37,Freelancer,,378167.0
3414165,2024-10-29,paid_search,ios,Canada,20,Student,,187498.0
7805080,2024-09-26,organic,android,Australia,35,Marketing Manager,,999159.0
3840152,2024-11-19,social,web,Philippines,52,Accountant,,378167.0
4593824,2024-07-13,paid_search,android,Philippines,35,Software Engineer,,359178.0
5052579,2024-06-03,paid_search,android,Canada,43,Sales Rep,,154886.0
1251492,2023-12-11,affiliate,ios,Germany,21,Sales Rep,,221958.0
7575716,2024-11-11,affiliate,ios,India,35,Sales Rep,,887201.0
4036773,2024-08-23,referral,android,United States,39,Retired,Employee,
5445818,2024-04-03,organic,android,Australia,30,Teacher,,
5675195,2024-05-13,social,ios,United Kingdom,34,Unemployed,,465838.0
9640145,2023-11-18,organic,web,United States,46,Nurse,,
8952017,2024-11-20,affiliate,android,India,35,Nurse,,887201.0
8100052,2023-07-15,affiliate,web,Brazil,29,Unemployed,,832180.0
7870679,2024-09-05,social,android,United States,24,Student,,465838.0
5609688,2024-09-05,affiliate,web,Philippines,33,Student,,832180.0
3250397,2024-05-25,organic,ios,Canada,25,Marketing Manager,,
3381486,2023-08-13,affiliate,web,United States,32,Student,,231932.0
2169070,2024-01-13,organic,ios,United States,39,Accountant,,
1743088,2023-07-11,referral,web,Germany,58,Teacher,Employee,
9083123,2024-12-19,organic,web,United States,30,Unemployed,,999159.0
7674106,2023-09-13,paid_search,web,India,39,Small Business Owner,,141090.0
6658307,2024-12-09,organic,ios,Brazil,18,Software Engineer,,
8689935,2024-05-26,paid_search,web,United States,29,Accountant,,621430.0
5773598,2024-10-03,paid_search,web,Canada,39,Teacher,,359178.0
6822184,2024-09-23,referral,android,United States,27,Consultant,Existing Customer,
8001837,2024-06-20,affiliate,web,India,21,Software Engineer,,832180.0
8689969,2024-04-19,social,ios,United States,58,Software Engineer,,465838.0
9050418,2024-01-02,organic,ios,United States,24,Student,,
2595123,2024-01-02,social,ios,United States,31,Student,,378167.0
7903538,2024-01-16,affiliate,android,Australia,20,Small Business Owner,,275203.0
2726199,2023-07-28,paid_search,web,United States,41,Teacher,,154886.0
2693439,2024-02-05,social,web,India,37,Sales Rep,,465838.0
6560068,2024-03-12,social,web,Canada,18,Consultant,,378167.0
5577033,2024-12-18,organic,web,United States,33,Freelancer,,
7674192,2024-10-12,paid_search,android,India,39,Nurse,,621430.0
5314896,2023-03-26,affiliate,android,United States,52,Nurse,,210268.0
3348818,2023-12-07,organic,android,Canada,37,Unemployed,,
5445975,2023-06-30,organic,ios,Philippines,31,Software Engineer,,
5806425,2024-06-03,organic,web,Mexico,20,Teacher,,
7706971,2024-03-26,social,ios,Nigeria,20,Accountant,,378167.0
6887774,2024-10-02,affiliate,ios,United States,18,Nurse,,744167.0
5183839,2023-08-25,organic,web,Mexico,42,Software Engineer,,
2398558,2024-09-20,affiliate,ios,Germany,45,Retired,,887201.0
3676517,2024-09-17,organic,android,Brazil,18,Small Business Owner,,
7969129,2024-06-18,paid_search,ios,Philippines,32,Software Engineer,,771155.0
2693481,2024-12-15,organic,web,United Kingdom,32,Freelancer,,
7608687,2023-06-28,organic,ios,India,34,Software Engineer,,
5020018,2024-12-28,organic,web,United States,36,Nurse,,
7412083,2024-02-17,organic,ios,United States,33,Software Engineer,,
1841531,2024-04-12,organic,web,Philippines,31,Freelancer,,
3938687,2024-11-22,affiliate,web,Brazil,34,Nurse,,231932.0
7182719,2024-06-10,organic,android,Germany,46,Marketing Manager,,
3185028,2024-12-13,referral,android,Mexico,32,Teacher,Existing Customer,
4594058,2024-04-20,organic,android,India,38,Sales Rep,,
6986126,2024-04-08,social,web,Canada,29,Unemployed,,465838.0
5544340,2024-12-07,referral,android,United Kingdom,32,Marketing Manager,Partner App,
4364695,2024-08-09,affiliate,web,United States,38,Nurse,,291335.0
1448345,2023-05-17,affiliate,android,Mexico,37,Sales Rep,,221958.0
9771419,2024-08-08,affiliate,android,Australia,42,Freelancer,,744167.0
4266402,2024-11-24,affiliate,ios,Canada,18,Retired,,231932.0
9214372,2024-11-10,organic,ios,United Kingdom,36,Retired,,
8559012,2024-09-20,paid_search,web,United States,23,Accountant,,154886.0
5675431,2024-01-05,organic,android,Canada,18,Sales Rep,,
5970345,2024-08-16,organic,android,United Kingdom,47,Small Business Owner,,
7805360,2023-09-12,organic,android,United States,27,Marketing Manager,,
1350067,2023-09-07,social,ios,Australia,22,Student,,378167.0
9738676,2023-10-19,paid_search,ios,India,37,Small Business Owner,,141090.0
5642681,2023-03-29,paid_search,web,United States,40,Unemployed,,359178.0
2726334,2023-10-21,paid_search,web,Philippines,40,Marketing Manager,,187498.0
6134207,2024-09-19,social,android,Brazil,18,Teacher,,465838.0
3578305,2024-07-29,organic,web,United States,29,Sales Rep,,
1874371,2023-11-05,organic,android,India,43,Nurse,,
8690115,2023-03-21,social,web,Philippines,35,Consultant,,378167.0
2038218,2024-05-30,organic,web,Philippines,44,Student,,
6691276,2023-12-13,affiliate,android,United States,18,Unemployed,,291335.0
6396364,2023-07-05,affiliate,web,India,20,Sales Rep,,231932.0
4594128,2024-07-29,organic,ios,United Kingdom,54,Retired,,
3480017,2023-12-01,paid_search,android,United States,42,Sales Rep,,164820.0
1907153,2024-07-16,affiliate,ios,United States,18,Retired,,275203.0
9476563,2024-03-21,paid_search,ios,United States,23,Consultant,,154886.0
7838163,2023-11-02,paid_search,ios,United States,23,Sales Rep,,164820.0
4757974,2024-02-21,paid_search,android,India,39,Consultant,,187498.0
2562518,2024-07-04,organic,ios,United Kingdom,20,Software Engineer,,
5020120,2024-03-27,organic,android,United States,21,Unemployed,,
9411039,2024-06-18,affiliate,ios,United States,25,Student,,887201.0
3054048,2024-11-30,referral,web,United States,46,Retired,Existing Customer,
4757985,2024-10-28,organic,android,Australia,43,Nurse,,429365.0
1513953,2024-03-08,social,web,Philippines,35,Accountant,,378167.0
9705956,2023-11-14,organic,web,Mexico,27,Student,,
4332006,2024-07-04,organic,ios,United States,43,Software Engineer,,
4037099,2024-02-06,organic,web,Mexico,41,Student,,
3185132,2024-06-06,organic,ios,Canada,46,Teacher,,
5413359,2024-09-28,affiliate,web,Mexico,38,Nurse,,744167.0
4102641,2024-12-26,affiliate,ios,United States,33,Accountant,,832180.0
2267633,2024-01-05,social,ios,Germany,32,Nurse,,465838.0
5675519,2023-09-10,organic,web,United States,42,Student,,
6658565,2024-01-31,organic,web,United Kingdom,28,Retired,,
8133131,2023-06-24,social,android,United States,32,Retired,,378167.0
7641620,2024-12-05,social,ios,United States,27,Accountant,,465838.0
5216794,2024-01-26,paid_search,web,Australia,24,Student,,421879.0
9214491,2024-05-27,paid_search,ios,Germany,32,Teacher,,164820.0
8296991,2024-09-01,social,web,Mexico,23,Freelancer,,378167.0
6429219,2024-10-31,affiliate,ios,Germany,22,Teacher,,887201.0
5216803,2023-03-16,affiliate,ios,India,20,Teacher,,210268.0
2693675,2024-02-03,organic,web,India,51,Small Business Owner,,
6756911,2024-08-14,organic,web,United States,36,Software Engineer,,999159.0
5511732,2023-05-09,paid_search,android,Philippines,47,Student,,154886.0
5184056,2024-05-10,organic,web,Mexico,58,Small Business Owner,,
7379515,2024-08-20,paid_search,ios,United States,18,Unemployed,,237337.0
6232651,2023-04-12,social,ios,Canada,62,Nurse,,465838.0
9280083,2024-03-03,organic,web,United States,34,Nurse,,999159.0
8395350,2024-08-19,organic,ios,United States,26,Nurse,,
7051865,2024-12-17,paid_search,web,United States,22,Unemployed,,187498.0
8297050,2024-03-06,organic,ios,Philippines,45,Marketing Manager,,
4561497,2024-12-20,social,android,United States,18,Nurse,,378167.0
7903836,2024-12-24,organic,web,India,35,Sales Rep,,
8723047,2024-03-17,paid_search,web,United States,43,Student,,154886.0
6298217,2024-10-26,referral,web,United States,29,Unemployed,Existing Customer,
3906158,2024-10-23,organic,android,India,32,Unemployed,,
4201078,2024-06-23,organic,ios,United States,20,Small Business Owner,,
4463227,2024-07-16,social,ios,Brazil,25,Student,,378167.0
6265481,2023-11-29,organic,web,United States,46,Freelancer,,999159.0
9050763,2024-11-16,organic,web,United States,18,Unemployed,,
3644046,2024-06-16,social,web,United States,42,Sales Rep,,378167.0
6036117,2024-08-18,organic,ios,Nigeria,42,Teacher,,
9018006,2023-12-28,affiliate,android,United Kingdom,31,Nurse,,221958.0
6855319,2023-06-03,social,android,Germany,45,Unemployed,,465838.0
2071192,2023-12-28,organic,ios,Mexico,38,Small Business Owner,,
3087001,2024-11-20,social,web,United States,25,Accountant,,378167.0
4954780,2024-08-04,paid_search,ios,United States,28,Accountant,,154886.0
8919710,2024-07-25,organic,ios,Mexico,35,Nurse,,
1317537,2023-12-13,paid_search,web,United States,33,Freelancer,,771155.0
5610146,2023-12-12,paid_search,web,United States,44,Unemployed,,154886.0
6003361,2024-11-05,organic,ios,Nigeria,24,Retired,,
9312934,2024-10-28,organic,web,Australia,22,Software Engineer,,
7609001,2024-02-10,referral,ios,United States,18,Software Engineer,Employee,
9542314,2023-09-07,affiliate,web,United States,22,Marketing Manager,,275203.0
7281328,2023-05-24,affiliate,ios,United States,43,Unemployed,,887201.0
5642929,2024-01-23,social,ios,United States,48,Retired,,465838.0
6986417,2024-02-01,organic,ios,Brazil,49,Software Engineer,,
8166065,2024-09-18,organic,web,United States,32,Accountant,,
6232761,2024-02-03,affiliate,web,Canada,39,Student,,231932.0
9181883,2024-08-17,organic,ios,United States,42,Freelancer,,
3513024,2023-09-21,organic,ios,Brazil,47,Sales Rep,,
3971783,2024-11-08,affiliate,web,Nigeria,41,Student,,744167.0
7314127,2023-03-25,organic,ios,Canada,44,Consultant,,
5806799,2023-10-09,organic,android,Canada,49,Student,,
9870046,2024-09-30,organic,android,United States,43,Marketing Manager,,
6658796,2024-12-02,affiliate,web,Canada,21,Retired,,832180.0
9181932,2024-03-01,paid_search,ios,United States,18,Freelancer,,421879.0
1678066,2023-10-17,organic,android,United States,36,Marketing Manager,,
3873524,2024-07-14,paid_search,ios,United States,37,Student,,771155.0
4463351,2024-11-04,paid_search,web,Nigeria,36,Teacher,,164820.0
3742455,2024-06-05,affiliate,android,United States,43,Accountant,,291335.0
8395511,2024-05-27,organic,ios,United States,41,Consultant,,
5184251,2023-09-06,social,ios,United States,47,Software Engineer,,378167.0
7805697,2024-07-17,referral,android,United States,31,Software Engineer,Partner App,
2824964,2024-09-13,social,ios,Germany,52,Unemployed,,465838.0
6134544,2023-04-11,organic,ios,Germany,22,Nurse,,
4659985,2023-09-18,social,ios,United States,32,Teacher,,465838.0
3414802,2024-03-14,social,android,United States,33,Accountant,,465838.0
2726676,2023-04-07,paid_search,web,Canada,40,Student,,141090.0
4856600,2024-12-07,social,ios,United Kingdom,25,Student,,378167.0
5708569,2023-08-04,affiliate,android,Brazil,18,Teacher,,221958.0
1809178,2023-09-30,social,android,United States,38,Freelancer,,378167.0
4725530,2023-12-08,affiliate,android,United States,26,Nurse,,275203.0
2726681,2024-04-26,referral,android,United States,35,Teacher,Community Forum,
2923298,2023-09-26,paid_search,ios,India,24,Freelancer,,818315.0
3054376,2024-11-16,paid_search,ios,United States,27,Freelancer,,187498.0
7707432,2024-09-06,referral,ios,Philippines,30,Freelancer,Employee,
3185454,2024-02-13,organic,web,India,44,Nurse,,
3218222,2024-03-26,affiliate,ios,Mexico,19,Teacher,,291335.0
3578682,2024-07-18,organic,web,United States,22,Teacher,,
5446460,2024-04-27,social,ios,Germany,18,Teacher,,465838.0
4823873,2024-12-27,organic,android,United States,44,Accountant,,
6167373,2024-05-02,organic,web,India,24,Student,,
8133456,2024-09-17,referral,android,Brazil,37,Retired,Partner App,
9018205,2024-01-14,social,web,Germany,45,Small Business Owner,,378167.0
6363998,2024-12-20,affiliate,android,Germany,32,Student,,275203.0
3906405,2024-04-20,referral,android,India,38,Software Engineer,Community Forum,
6134629,2024-05-25,affiliate,ios,Philippines,45,Freelancer,,275203.0
6134639,2024-11-19,social,android,United States,28,Consultant,,465838.0
7117682,2024-10-11,paid_search,ios,Australia,42,Retired,,187498.0
2857845,2023-08-19,paid_search,web,Nigeria,39,Small Business Owner,,154886.0
5249913,2023-08-05,social,android,Brazil,44,Consultant,,378167.0
5970809,2024-08-26,social,web,Canada,53,Consultant,,465838.0
2104188,2024-01-29,paid_search,android,Brazil,50,Retired,,359178.0
2333572,2024-01-12,affiliate,web,United States,25,Freelancer,,275203.0
4135812,2024-05-02,organic,android,United States,43,Unemployed,,
9313157,2024-08-31,referral,ios,Mexico,35,Teacher,Community Forum,
8166276,2024-07-14,social,web,United States,25,Unemployed,,465838.0
8493971,2024-08-26,organic,android,United States,24,Small Business Owner,,
3087258,2024-02-24,affiliate,web,United States,18,Retired,,221958.0
1481632,2024-10-18,social,android,Australia,43,Retired,,465838.0
6626211,2024-04-21,affiliate,web,United States,37,Accountant,,221958.0
7379878,2024-02-25,social,web,Germany,30,Consultant,,378167.0
9706406,2024-12-16,social,android,Brazil,26,Student,,465838.0
2792363,2024-08-03,organic,web,United States,53,Teacher,,
5512121,2024-04-16,social,web,Brazil,39,Accountant,,378167.0
3906492,2024-09-27,organic,web,United States,46,Consultant,,429365.0
1973181,2024-01-13,social,web,United States,29,Student,,378167.0
7609280,2024-01-20,affiliate,android,Brazil,18,Freelancer,,887201.0
2595776,2024-08-10,organic,web,Philippines,43,Small Business Owner,,999159.0
8199107,2024-03-16,affiliate,ios,Canada,32,Accountant,,832180.0
7216074,2024-06-30,organic,ios,India,18,Consultant,,999159.0
1809359,2023-10-03,organic,android,United States,18,Consultant,,
1481680,2024-04-02,social,web,United States,40,Student,,465838.0
9051090,2024-01-21,referral,web,Philippines,36,Sales Rep,Employee,
9935827,2024-01-09,social,web,Mexico,39,Freelancer,,378167.0
2661342,2024-08-09,affiliate,web,Philippines,30,Freelancer,,275203.0
1973215,2024-10-27,paid_search,web,Germany,46,Small Business Owner,,164820.0
7674851,2023-10-14,paid_search,ios,United States,35,Consultant,,237337.0
1448934,2023-12-11,social,ios,United States,48,Small Business Owner,,465838.0
7281646,2024-04-10,affiliate,ios,Canada,23,Freelancer,,291335.0
6396910,2024-04-16,paid_search,ios,Mexico,36,Sales Rep,,237337.0
9313264,2024-01-10,affiliate,web,Australia,34,Small Business Owner,,221958.0
9706483,2024-11-19,social,android,United States,25,Student,,465838.0
2235382,2024-08-23,referral,web,Nigeria,39,Freelancer,Existing Customer,
4791296,2024-12-09,organic,ios,United States,18,Student,,
4201473,2024-09-12,social,ios,United States,29,Sales Rep,,378167.0
3873798,2024-03-06,paid_search,ios,Brazil,37,Unemployed,,164820.0
9247752,2024-12-18,affiliate,android,Germany,22,Teacher,,231932.0
1842186,2024-05-09,affiliate,ios,United States,33,Unemployed,,231932.0
3021835,2024-09-01,paid_search,web,United States,45,Retired,,187498.0
5315596,2024-03-11,organic,ios,Nigeria,34,Retired,,
5381137,2023-08-30,affiliate,android,United States,33,Retired,,744167.0
9411603,2024-06-01,organic,web,United States,41,Consultant,,
8985620,2024-07-29,affiliate,web,Philippines,20,Software Engineer,,744167.0
9837590,2023-11-01,paid_search,ios,Philippines,18,Retired,,359178.0
9739287,2024-03-24,paid_search,ios,Germany,40,Unemployed,,359178.0
2268182,2024-12-07,affiliate,web,Australia,40,Teacher,,291335.0
8068121,2024-04-08,affiliate,ios,United States,34,Retired,,210268.0
8002587,2024-10-16,organic,web,United States,54,Freelancer,,999159.0
2530332,2024-09-08,affiliate,web,Nigeria,18,Marketing Manager,,832180.0
8068132,2024-01-02,paid_search,ios,Canada,21,Unemployed,,154886.0
5151785,2024-07-08,organic,web,Brazil,27,Nurse,,
2825260,2023-12-12,paid_search,ios,Germany,46,Marketing Manager,,771155.0
5872691,2024-03-09,social,ios,Germany,41,Unemployed,,465838.0
8330292,2024-09-21,organic,web,United States,56,Sales Rep,,
1317942,2024-03-01,social,web,United States,23,Freelancer,,378167.0
4955199,2023-07-17,organic,web,United States,32,Freelancer,,
2399298,2024-05-11,organic,web,Canada,43,Consultant,,429365.0
5676103,2023-06-01,organic,android,Nigeria,18,Consultant,,
7576651,2023-09-12,social,ios,Australia,36,Marketing Manager,,465838.0
7216204,2024-09-07,paid_search,web,Nigeria,45,Student,,164820.0
1645649,2024-10-31,organic,ios,United States,51,Teacher,,
3382357,2024-06-12,social,ios,United States,31,Teacher,,378167.0
7871574,2023-12-11,affiliate,android,United States,32,Sales Rep,,832180.0
8232024,2024-02-15,organic,web,Brazil,18,Student,,
6790233,2024-02-27,affiliate,web,United Kingdom,25,Nurse,,231932.0
6954075,2023-08-01,organic,web,United Kingdom,30,Nurse,,
8395873,2023-06-07,social,android,United States,30,Student,,465838.0
9182320,2024-07-16,paid_search,android,Brazil,25,Marketing Manager,,187498.0
4594804,2023-11-13,social,android,Canada,35,Freelancer,,378167.0
2989173,2024-06-10,organic,ios,United States,35,Freelancer,,999159.0
5250167,2024-09-13,organic,ios,Nigeria,29,Consultant,,
5414011,2024-11-25,social,ios,Canada,32,Retired,,378167.0
2006152,2023-09-18,affiliate,ios,United States,35,Student,,887201.0
2268300,2024-02-08,organic,android,Brazil,40,Student,,
7773329,2024-05-28,affiliate,ios,United States,29,Sales Rep,,221958.0
6462610,2024-03-11,organic,web,India,34,Marketing Manager,,
8690840,2024-09-19,affiliate,web,Brazil,18,Unemployed,,291335.0
1842329,2024-02-27,paid_search,ios,Nigeria,34,Marketing Manager,,359178.0
8330395,2024-11-09,paid_search,ios,Mexico,60,Consultant,,154886.0
9477276,2024-12-16,social,ios,India,57,Sales Rep,,465838.0
9641123,2024-02-18,social,android,Germany,49,Marketing Manager,,465838.0
7478443,2024-09-27,organic,web,United States,33,Small Business Owner,,
9673899,2024-01-12,paid_search,web,United States,39,Teacher,,771155.0
7478450,2024-01-06,affiliate,web,United Kingdom,25,Teacher,,832180.0
5151923,2024-12-02,organic,web,United States,29,Consultant,,
5348530,2023-06-20,paid_search,android,Brazil,25,Unemployed,,187498.0
4791481,2024-09-04,affiliate,web,Canada,37,Accountant,,231932.0
1383609,2024-12-07,organic,web,Canada,43,Nurse,,
2137273,2023-09-19,organic,android,United States,36,Small Business Owner,,999159.0
3054780,2024-10-14,paid_search,web,Canada,36,Freelancer,,164820.0
5414084,2024-03-15,organic,ios,United States,24,Unemployed,,
5151951,2024-09-02,paid_search,web,United States,18,Freelancer,,187498.0
4070610,2024-01-31,affiliate,web,Canada,39,Retired,,291335.0
6724827,2024-07-06,organic,android,United States,48,Consultant,,
4496605,2024-05-09,organic,web,United States,30,Consultant,,
2137317,2024-05-04,organic,ios,Brazil,18,Unemployed,,
6200551,2024-07-11,organic,ios,Canada,29,Unemployed,,
2628853,2023-10-06,organic,android,Mexico,31,Marketing Manager,,
3513595,2024-09-02,affiliate,android,United States,45,Teacher,,275203.0
3742974,2024-10-29,organic,web,United States,42,Unemployed,,
1088780,2023-09-13,social,web,Nigeria,34,Consultant,,465838.0
5610764,2024-11-17,paid_search,web,Canada,48,Student,,237337.0
8363280,2024-11-18,social,ios,United States,33,Nurse,,465838.0
8920337,2024-06-13,affiliate,android,United States,30,Student,,887201.0
8232212,2024-08-24,paid_search,android,United States,23,Consultant,,187498.0
6987029,2024-03-26,social,web,Philippines,24,Unemployed,,465838.0
4889877,2024-05-31,organic,web,United States,27,Sales Rep,,
2661655,2023-10-27,paid_search,ios,United States,32,Software Engineer,,164820.0
4463894,2024-05-07,paid_search,web,Australia,29,Sales Rep,,237337.0
8658206,2024-06-19,organic,ios,Canada,46,Unemployed,,429365.0
3710241,2024-11-20,organic,web,United States,33,Student,,
9411883,2024-08-31,affiliate,web,United States,32,Unemployed,,210268.0
1973548,2024-12-12,organic,ios,Mexico,37,Teacher,,
6462774,2024-12-28,organic,ios,United States,39,Teacher,,429365.0
4693305,2024-04-04,social,android,United States,20,Small Business Owner,,378167.0
5741882,2023-09-06,affiliate,ios,United Kingdom,30,Sales Rep,,832180.0
2465088,2024-07-09,organic,ios,Mexico,26,Freelancer,,
2137411,2024-11-18,social,web,Brazil,31,Unemployed,,465838.0
9182535,2023-11-22,organic,ios,United States,24,Marketing Manager,,
8035655,2024-10-20,organic,ios,India,44,Marketing Manager,,
7314768,2023-09-09,organic,web,United Kingdom,29,Nurse,,
6561112,2024-05-03,affiliate,android,United Kingdom,36,Small Business Owner,,210268.0
6462810,2024-09-17,paid_search,ios,Mexico,28,Teacher,,421879.0
5152092,2024-11-09,paid_search,android,Canada,24,Software Engineer,,818315.0
6102367,2024-11-17,social,ios,United States,33,Software Engineer,,465838.0
4201824,2024-12-20,affiliate,ios,India,33,Student,,231932.0
7478623,2024-06-26,social,android,Nigeria,37,Freelancer,,378167.0
5217635,2024-06-28,affiliate,ios,India,33,Student,,832180.0
7445860,2024-08-16,organic,web,United Kingdom,22,Accountant,,
6495592,2024-07-16,affiliate,android,Canada,18,Consultant,,832180.0
5152109,2023-07-12,organic,web,Germany,25,Marketing Manager,,429365.0
1416561,2023-04-03,organic,web,United States,27,Freelancer,,
4070771,2024-06-18,organic,web,Mexico,18,Software Engineer,,
7347572,2024-01-14,organic,android,United Kingdom,45,Software Engineer,,
5873014,2024-08-12,social,android,United States,34,Consultant,,378167.0
6888852,2024-10-01,affiliate,ios,Australia,21,Small Business Owner,,275203.0
7642516,2023-10-23,social,web,United States,42,Consultant,,378167.0
2596246,2023-06-28,organic,android,United Kingdom,42,Accountant,,999159.0
7970199,2023-04-11,referral,web,Australia,36,Accountant,Employee,
5021080,2024-01-11,affiliate,web,United States,48,Accountant,,744167.0
8297881,2023-09-21,organic,web,India,18,Small Business Owner,,999159.0
7216538,2024-09-02,organic,web,United States,32,Freelancer,,
3120539,2024-11-25,paid_search,ios,Australia,27,Software Engineer,,141090.0
5217690,2024-11-15,organic,web,United States,43,Accountant,,
2661793,2024-10-28,organic,ios,Canada,33,Unemployed,,
5873062,2024-10-01,organic,ios,India,42,Software Engineer,,
2629040,2024-07-15,paid_search,web,Philippines,37,Unemployed,,154886.0
1449395,2023-05-20,organic,android,United States,40,Unemployed,,
9674163,2024-04-23,affiliate,web,India,39,Marketing Manager,,210268.0
6495671,2024-12-07,affiliate,web,United States,50,Accountant,,231932.0
1646012,2024-11-10,affiliate,web,Canada,27,Sales Rep,,275203.0
5217733,2024-12-10,paid_search,web,United Kingdom,31,Software Engineer,,154886.0
2760143,2024-06-09,organic,web,Canada,37,Student,,429365.0
5840349,2024-05-03,organic,ios,United States,44,Unemployed,,
5840351,2024-08-17,referral,ios,Germany,40,Consultant,Existing Customer,
9543144,2024-12-14,paid_search,android,United States,37,Nurse,,771155.0
1973737,2024-06-07,organic,web,United States,31,Teacher,,
7020010,2023-05-31,social,web,United Kingdom,37,Accountant,,465838.0
2727408,2023-10-20,social,web,Germany,19,Nurse,,378167.0
1416690,2024-02-08,paid_search,web,Mexico,28,Unemployed,,771155.0
1285622,2024-12-21,referral,android,Germany,45,Teacher,Existing Customer,
7216631,2023-08-13,affiliate,android,India,45,Freelancer,,210268.0
1678841,2024-09-16,organic,ios,India,43,Retired,,
8658426,2023-12-15,organic,ios,India,47,Freelancer,,429365.0
3874299,2024-04-19,organic,ios,United States,38,Student,,
2170365,2024-09-16,referral,ios,Australia,44,Freelancer,Employee,
5578238,2024-07-13,paid_search,ios,United Kingdom,51,Retired,,187498.0
1318408,2023-07-10,paid_search,web,United States,30,Consultant,,164820.0
9379341,2024-08-21,paid_search,android,Philippines,22,Sales Rep,,359178.0
7609876,2024-08-19,organic,web,Nigeria,23,Software Engineer,,
2661909,2024-11-21,paid_search,web,United States,43,Small Business Owner,,771155.0
2399769,2023-10-20,affiliate,android,Philippines,61,Nurse,,231932.0
3251743,2024-09-09,organic,android,Nigeria,45,Student,,
9805348,2024-04-25,affiliate,web,United States,25,Consultant,,291335.0
6888997,2024-06-29,paid_search,web,Brazil,27,Small Business Owner,,154886.0
3120677,2024-03-03,social,ios,United States,40,Accountant,,465838.0
4300335,2024-10-03,organic,web,United States,24,Teacher,,999159.0
3677747,2024-04-23,organic,web,India,35,Consultant,,
3710527,2024-07-13,referral,ios,India,30,Retired,Existing Customer,
8789573,2023-12-26,organic,web,Mexico,36,Software Engineer,,
3120711,2023-12-27,organic,web,United States,31,Student,,
5414473,2024-10-09,affiliate,ios,Philippines,37,Accountant,,832180.0
1285711,2024-05-11,social,ios,United States,40,Teacher,,378167.0
3382865,2024-08-04,referral,web,United States,38,Accountant,Existing Customer,
7511634,2024-11-01,organic,web,India,29,Marketing Manager,,
6790740,2024-07-26,organic,ios,Canada,31,Unemployed,,
3317336,2024-04-26,affiliate,web,India,44,Unemployed,,744167.0
3186268,2024-03-14,organic,web,United States,18,Accountant,,
1711716,2024-07-31,organic,web,United States,39,Teacher,,429365.0
6299238,2024-12-14,affiliate,web,United Kingdom,18,Unemployed,,275203.0
6594176,2024-11-24,organic,web,United Kingdom,29,Software Engineer,,
1154692,2024-07-02,affiliate,web,United States,48,Nurse,,275203.0
8691332,2024-10-12,referral,android,Brazil,42,Marketing Manager,Employee,
2072200,2024-10-26,organic,ios,United States,18,Freelancer,,
4529801,2024-09-06,organic,ios,India,62,Teacher,,
6954632,2024-12-26,affiliate,web,India,27,Retired,,275203.0
3153548,2024-07-20,organic,web,Canada,41,Unemployed,,429365.0
6692493,2024-09-03,affiliate,android,Australia,43,Consultant,,291335.0
1121937,2024-09-09,referral,ios,Nigeria,18,Accountant,Partner App,
1384083,2024-05-14,paid_search,web,United States,18,Accountant,,164820.0
1842840,2023-05-14,organic,ios,Germany,27,Sales Rep,,
5447321,2024-11-18,social,web,United States,28,Unemployed,,378167.0
9379482,2024-01-18,organic,web,India,22,Nurse,,
1908380,2024-11-03,referral,android,United States,33,Teacher,Community Forum,
6889118,2024-12-15,organic,android,United States,33,Nurse,,
2432672,2024-08-09,paid_search,web,Germany,40,Retired,,141090.0
5349025,2024-07-19,referral,android,India,25,Retired,Employee,
3710626,2023-07-05,referral,android,Canada,18,Small Business Owner,Partner App,
2039458,2024-10-13,paid_search,android,Mexico,31,Freelancer,,421879.0
1416880,2024-05-21,paid_search,android,Brazil,18,Small Business Owner,,359178.0
3382962,2024-06-30,social,ios,United States,40,Unemployed,,465838.0
4431543,2024-08-17,social,ios,India,44,Sales Rep,,465838.0
8265406,2024-06-13,organic,web,United States,31,Accountant,,
3088062,2024-12-15,organic,ios,Canada,24,Teacher,,
2760399,2024-12-29,paid_search,ios,Philippines,24,Teacher,,359178.0
2039504,2023-08-22,organic,web,Brazil,42,Student,,
8986322,2024-04-15,organic,web,United States,38,Accountant,,
9871058,2024-11-17,social,ios,United States,41,Software Engineer,,465838.0
1253078,2024-07-26,referral,web,United States,34,Accountant,Existing Customer,
1941208,2023-12-26,referral,android,United States,27,Small Business Owner,Community Forum,
5742297,2024-09-17,referral,web,United States,21,Software Engineer,Community Forum,
6397662,2023-11-03,organic,ios,United States,46,Teacher,,
5447395,2023-08-22,organic,android,Canada,30,Student,,
1122019,2024-02-20,social,web,Philippines,52,Teacher,,378167.0
1220326,2024-11-06,paid_search,android,United States,39,Small Business Owner,,164820.0
1122026,2024-09-21,paid_search,ios,India,61,Consultant,,164820.0
2563825,2024-10-21,paid_search,ios,United States,27,Software Engineer,,187498.0
2367223,2024-03-25,affiliate,ios,United States,54,Unemployed,,291335.0
2531064,2024-10-03,organic,android,Brazil,54,Consultant,,
8331006,2024-11-19,affiliate,web,Mexico,35,Freelancer,,231932.0
3940107,2024-11-29,affiliate,web,Brazil,24,Student,,832180.0
7282444,2024-01-09,paid_search,web,Canada,27,Freelancer,,421879.0
2760462,2024-09-24,social,ios,United States,21,Consultant,,465838.0
3972881,2023-08-17,paid_search,ios,United States,29,Student,,237337.0
9805586,2024-02-22,paid_search,android,Nigeria,29,Accountant,,154886.0
7905043,2023-08-05,paid_search,web,United States,44,Nurse,,187498.0
4824857,2024-09-04,affiliate,web,Canada,29,Retired,,744167.0
3907360,2023-10-18,paid_search,web,United Kingdom,32,Marketing Manager,,771155.0
4693793,2023-09-28,organic,web,Canada,43,Freelancer,,
2498339,2024-10-12,organic,ios,United States,36,Unemployed,,
5644068,2024-06-23,paid_search,web,Australia,54,Teacher,,359178.0
6037285,2024-05-01,affiliate,web,Australia,20,Accountant,,744167.0
6266662,2023-12-29,organic,android,Australia,42,Marketing Manager,,999159.0
3055397,2024-03-21,paid_search,android,Germany,38,Student,,237337.0
5381932,2024-10-31,organic,ios,United States,18,Sales Rep,,
6856494,2023-05-03,referral,web,India,18,Retired,Community Forum,
5644081,2024-08-31,affiliate,ios,India,40,Student,,275203.0
4464442,2023-10-12,referral,android,Canada,45,Nurse,Partner App,
5939003,2023-08-23,organic,android,Mexico,18,Unemployed,,
9051964,2024-04-23,affiliate,ios,United States,49,Freelancer,,210268.0
9445180,2024-12-19,affiliate,ios,India,27,Small Business Owner,,210268.0
3284798,2023-04-11,organic,ios,Canada,51,Marketing Manager,,
2760511,2023-05-15,organic,ios,Philippines,43,Accountant,,
8068931,2024-09-06,referral,ios,India,39,Student,Partner App,
1711943,2024-04-10,paid_search,ios,United States,34,Freelancer,,187498.0
9019213,2023-07-14,organic,ios,United States,37,Unemployed,,
5283664,2024-06-20,affiliate,web,United States,37,Teacher,,221958.0
1449813,2024-09-11,organic,web,India,41,Freelancer,,429365.0
4923227,2023-08-01,social,web,India,34,Retired,,378167.0
7741286,2024-10-11,organic,ios,United States,44,Sales Rep,,
6070121,2023-09-05,organic,android,India,38,Nurse,,
8822636,2024-01-10,organic,android,Australia,30,Unemployed,,
1744748,2023-11-27,affiliate,web,Brazil,38,Teacher,,221958.0
5513070,2024-11-29,organic,web,United States,31,Teacher,,
3776374,2024-02-23,paid_search,android,United States,45,Retired,,154886.0
1318774,2024-10-17,paid_search,ios,Australia,47,Sales Rep,,164820.0
8396665,2024-02-02,paid_search,web,Mexico,56,Freelancer,,818315.0
7380858,2023-04-29,organic,android,Australia,35,Unemployed,,
9445243,2024-03-24,organic,android,Nigeria,22,Retired,,
6954878,2024-12-15,social,web,United Kingdom,43,Nurse,,465838.0
2498447,2023-05-07,organic,web,United States,33,Marketing Manager,,
2989968,2024-10-09,organic,web,Mexico,32,Software Engineer,,
1777567,2024-09-25,organic,ios,Brazil,27,Nurse,,
9281447,2024-08-08,organic,web,Germany,27,Unemployed,,
9346988,2024-05-09,affiliate,ios,Canada,50,Student,,887201.0
7151537,2024-12-28,organic,web,Philippines,41,Consultant,,
9772978,2024-08-24,paid_search,ios,India,29,Nurse,,818315.0
8036278,2024-08-07,affiliate,android,Canada,31,Retired,,744167.0
5709751,2024-06-12,social,web,United States,37,Teacher,,378167.0
4235192,2024-06-05,paid_search,ios,United States,39,Unemployed,,359178.0
5873594,2024-04-08,paid_search,android,Brazil,18,Nurse,,621430.0
1187771,2023-04-07,paid_search,ios,Mexico,28,Marketing Manager,,771155.0
6692796,2024-07-07,paid_search,web,India,27,Student,,818315.0
6725570,2023-09-16,paid_search,web,Australia,27,Small Business Owner,,818315.0
3841992,2023-11-14,affiliate,web,United States,34,Software Engineer,,210268.0
4759505,2024-04-07,organic,ios,United States,33,Sales Rep,,
8757202,2024-07-01,paid_search,ios,United Kingdom,36,Teacher,,187498.0
9674708,2023-07-10,organic,ios,Mexico,34,Unemployed,,999159.0
9740245,2024-04-16,social,ios,Philippines,32,Sales Rep,,465838.0
9117654,2024-12-01,organic,ios,United States,18,Nurse,,
6528983,2024-09-13,organic,web,United States,26,Student,,
4693976,2024-08-21,organic,web,India,55,Accountant,,
8527837,2023-05-12,affiliate,web,Philippines,48,Student,,275203.0
6168554,2024-03-05,affiliate,android,United States,57,Unemployed,,275203.0
9215984,2023-11-24,organic,web,India,32,Consultant,,
2629618,2024-01-02,organic,web,United States,25,Small Business Owner,,
2858997,2024-09-22,organic,web,Nigeria,47,Retired,,
5513207,2024-02-20,referral,web,United States,40,Accountant,Existing Customer,
8495095,2024-09-20,organic,web,United States,29,Teacher,,
7184377,2024-03-01,affiliate,ios,United States,43,Teacher,,887201.0
3514368,2024-11-23,affiliate,android,Philippines,32,Marketing Manager,,275203.0
8527872,2023-09-09,referral,android,United States,29,Software Engineer,Existing Customer,
4825091,2023-05-05,organic,web,United States,32,Consultant,,
7184398,2024-08-28,affiliate,web,United States,23,Freelancer,,231932.0
6529046,2024-01-28,organic,web,United States,31,Accountant,,
2400283,2024-12-19,referral,ios,Canada,46,Teacher,Employee,
3514399,2024-12-14,social,ios,Nigeria,40,Small Business Owner,,378167.0
8265760,2023-12-21,organic,web,United States,37,Teacher,,
1974303,2024-03-05,affiliate,web,Australia,28,Sales Rep,,221958.0
5808163,2024-10-29,organic,ios,United States,50,Unemployed,,
8003621,2024-11-14,affiliate,web,United States,43,Sales Rep,,210268.0
5218346,2023-10-14,affiliate,web,Canada,27,Freelancer,,221958.0
7839789,2024-02-27,affiliate,web,United States,18,Retired,,887201.0
7118900,2024-07-09,affiliate,web,United States,35,Freelancer,,832180.0
2170933,2024-07-09,referral,ios,United States,40,Retired,Existing Customer,
4661306,2024-08-03,affiliate,web,Mexico,27,Freelancer,,832180.0
7741499,2024-02-16,organic,ios,Canada,38,Nurse,,429365.0
6168638,2024-10-29,paid_search,web,United States,30,Student,,187498.0
1876031,2023-12-16,organic,ios,United States,24,Software Engineer,,
7807040,2024-07-13,affiliate,ios,United States,36,Student,,291335.0
8265795,2024-05-05,social,ios,Canada,26,Student,,465838.0
3383366,2024-05-06,social,ios,Brazil,41,Sales Rep,,465838.0
2072647,2023-10-16,organic,web,United States,43,Teacher,,
8200262,2024-04-19,organic,android,Germany,46,Student,,
4300874,2024-12-02,organic,android,Mexico,26,Nurse,,
8429645,2024-06-10,organic,web,Australia,22,Consultant,,
4890702,2024-10-07,affiliate,web,Canada,37,Consultant,,231932.0
3612761,2024-04-08,affiliate,android,Germany,46,Freelancer,,210268.0
5906526,2024-12-11,social,web,United States,42,Retired,,465838.0
9511010,2024-07-25,referral,ios,Canada,27,Software Engineer,Employee,
8724578,2024-03-24,referral,android,United States,28,Software Engineer,Partner App,
8069222,2023-07-20,referral,ios,Canada,30,Sales Rep,Community Forum,
3055723,2024-03-06,organic,android,United Kingdom,46,Nurse,,
7807087,2023-11-09,paid_search,web,United States,38,Teacher,,359178.0
1482870,2024-04-20,organic,android,Canada,37,Consultant,,
4726904,2024-10-18,paid_search,ios,United States,18,Retired,,154886.0
2236541,2024-06-27,affiliate,web,United States,34,Marketing Manager,,231932.0
9379966,2024-07-21,organic,ios,India,47,Software Engineer,,999159.0
7282827,2024-04-27,affiliate,ios,United States,46,Retired,,275203.0
8593548,2023-06-27,organic,android,Nigeria,39,Small Business Owner,,
6070414,2024-11-25,organic,android,United States,27,Teacher,,
4169870,2023-06-18,affiliate,ios,Mexico,25,Retired,,291335.0
6234259,2024-12-18,organic,ios,Mexico,33,Student,,
6693014,2024-12-02,referral,web,United States,47,Accountant,Partner App,
3940504,2024-12-19,affiliate,web,India,19,Accountant,,210268.0
2728096,2024-08-15,organic,android,Canada,34,Unemployed,,429365.0
7184546,2024-12-21,paid_search,web,United Kingdom,42,Freelancer,,141090.0
1515693,2024-01-11,paid_search,web,United States,44,Retired,,154886.0
3350716,2024-07-29,organic,android,United States,46,Retired,,
2105534,2024-05-26,paid_search,ios,United States,34,Nurse,,818315.0
1777867,2023-09-18,paid_search,web,Philippines,18,Unemployed,,187498.0
1089743,2023-10-28,organic,web,United States,40,Consultant,,
6693075,2024-05-13,social,web,United States,30,Retired,,378167.0
4071640,2024-03-25,organic,ios,United States,26,Student,,
8069337,2024-05-13,organic,web,United States,18,Nurse,,
9052377,2024-11-04,paid_search,android,India,31,Freelancer,,237337.0
3088618,2024-03-11,organic,ios,United States,27,Nurse,,999159.0
8134897,2024-02-19,paid_search,web,Mexico,28,Student,,359178.0
6332660,2023-07-09,organic,ios,United States,35,Unemployed,,
2400507,2024-07-28,paid_search,ios,Canada,29,Student,,421879.0
2662656,2024-06-15,organic,ios,Brazil,24,Student,,429365.0
2433284,2024-11-15,social,web,United States,38,Marketing Manager,,378167.0
6004998,2024-06-05,organic,ios,United Kingdom,36,Nurse,,999159.0
1941768,2023-03-11,organic,ios,Canada,26,Marketing Manager,,
2203920,2024-10-05,organic,web,Philippines,21,Unemployed,,429365.0
6562067,2024-03-22,affiliate,ios,Germany,40,Software Engineer,,221958.0
1614101,2023-03-06,affiliate,ios,India,22,Software Engineer,,887201.0
4759834,2024-07-05,paid_search,ios,Brazil,47,Freelancer,,237337.0
8102173,2024-12-15,affiliate,ios,United States,19,Unemployed,,832180.0
2826525,2024-04-27,social,android,India,41,Accountant,,465838.0
7086368,2024-09-20,organic,web,United Kingdom,25,Teacher,,
7643433,2023-10-27,organic,web,United States,32,Marketing Manager,,
4301106,2024-10-11,organic,web,United States,43,Freelancer,,
2138422,2023-10-26,affiliate,ios,Philippines,55,Unemployed,,231932.0
7971138,2024-10-30,affiliate,ios,Canada,38,Unemployed,,275203.0
1843523,2024-12-10,organic,android,Australia,46,Freelancer,,
6988099,2024-08-09,social,web,Canada,41,Nurse,,465838.0
1483075,2024-08-09,referral,ios,Germany,24,Student,Community Forum,
5415239,2024-12-25,social,web,United States,39,Student,,465838.0
4432207,2024-10-06,organic,ios,United Kingdom,19,Software Engineer,,
5513552,2024-03-01,organic,ios,Australia,43,Retired,,999159.0
6201682,2024-04-09,referral,ios,India,31,Nurse,Existing Customer,
7348564,2024-07-30,referral,web,Philippines,31,Marketing Manager,Employee,
2138452,2024-12-24,paid_search,ios,United States,37,Teacher,,818315.0
5579097,2024-09-03,social,web,Germany,18,Small Business Owner,,378167.0
8724826,2024-12-14,social,android,United States,32,Unemployed,,378167.0
3350876,2023-11-28,referral,web,Philippines,21,Retired,Community Forum,
3514719,2024-01-28,referral,ios,United States,21,Consultant,Partner App,
8364386,2024-05-14,organic,web,Brazil,25,Small Business Owner,,
4989284,2024-08-20,affiliate,web,United States,18,Consultant,,291335.0
7512427,2023-04-06,organic,ios,Canada,35,Unemployed,,
3547500,2024-11-06,affiliate,android,India,35,Consultant,,887201.0
1024363,2024-03-23,organic,android,India,30,Student,,
7610734,2024-04-06,paid_search,web,Australia,33,Teacher,,154886.0
2171248,2024-05-10,affiliate,web,India,32,Accountant,,275203.0
1876336,2024-07-09,referral,web,Germany,30,Student,Employee,
3285362,2024-09-03,referral,ios,United States,29,Nurse,Community Forum,
7151990,2023-08-23,paid_search,web,United States,35,Freelancer,,164820.0
7512440,2023-09-19,affiliate,android,United States,43,Accountant,,275203.0
2826629,2024-04-11,social,ios,United States,39,Freelancer,,465838.0
4956558,2024-08-30,paid_search,ios,United Kingdom,44,Teacher,,771155.0
6857109,2024-12-10,organic,ios,Mexico,29,Unemployed,,
3580309,2024-11-09,organic,web,Philippines,36,Marketing Manager,,
3154327,2023-09-10,social,ios,United States,27,Teacher,,378167.0
9839008,2023-02-24,paid_search,web,United States,32,Teacher,,818315.0
6627745,2024-06-23,affiliate,web,United States,36,Sales Rep,,275203.0
3252641,2024-12-14,social,web,United States,18,Nurse,,378167.0
4497831,2024-05-22,paid_search,web,Mexico,33,Freelancer,,141090.0
8397228,2024-10-10,organic,ios,Philippines,50,Accountant,,
3350959,2024-04-24,paid_search,web,Germany,32,Teacher,,621430.0
5317048,2024-01-02,paid_search,android,United States,27,Software Engineer,,154886.0
8724922,2024-05-29,organic,web,United States,31,Software Engineer,,999159.0
6758851,2023-10-08,referral,ios,Mexico,30,Sales Rep,Community Forum,
6300101,2024-09-30,organic,android,Mexico,48,Consultant,,
1384903,2024-12-14,affiliate,web,United States,20,Student,,221958.0
2695625,2024-12-07,affiliate,ios,United States,36,Consultant,,275203.0
9511383,2024-11-11,organic,ios,United States,38,Small Business Owner,,
3908056,2024-07-31,organic,android,Nigeria,42,Software Engineer,,
6332889,2023-03-30,organic,android,United States,30,Accountant,,
1909210,2024-01-08,social,android,United Kingdom,36,Software Engineer,,378167.0
5775833,2024-06-26,affiliate,ios,Canada,30,Student,,291335.0
2957792,2024-10-24,organic,web,Australia,33,Small Business Owner,,
9675237,2024-11-15,paid_search,android,United States,38,Teacher,,621430.0
4366823,2024-12-16,organic,ios,India,55,Marketing Manager,,
4891113,2023-09-10,referral,web,Germany,27,Software Engineer,Existing Customer,
2531817,2024-03-27,organic,ios,United States,38,Small Business Owner,,
6005231,2024-07-12,social,web,United States,36,Accountant,,378167.0
2761201,2024-06-16,paid_search,web,United States,18,Nurse,,187498.0
8364534,2024-08-05,organic,ios,Philippines,38,Sales Rep,,
3908087,2023-11-15,organic,web,United Kingdom,18,Unemployed,,
4792824,2023-11-12,affiliate,web,United Kingdom,53,Teacher,,275203.0
6267382,2023-09-11,paid_search,ios,Brazil,42,Retired,,141090.0
1909245,2023-09-13,organic,android,Philippines,18,Marketing Manager,,
4399618,2024-04-02,affiliate,web,United States,39,Freelancer,,275203.0
4891151,2024-04-07,referral,ios,Australia,38,Retired,Existing Customer,
6529554,2024-08-29,organic,android,United States,42,Accountant,,
1647122,2024-06-23,affiliate,web,United States,38,Accountant,,744167.0
3318292,2024-08-18,paid_search,android,United States,35,Software Engineer,,237337.0
6595095,2024-01-11,organic,web,Canada,18,Software Engineer,,
6595108,2024-06-28,organic,android,Brazil,56,Accountant,,
1090093,2024-06-09,organic,android,United States,38,Accountant,,
8790574,2023-11-14,organic,ios,Australia,44,Student,,
5022261,2023-07-03,referral,android,India,30,Marketing Manager,Community Forum,
5055032,2024-02-16,referral,android,United States,33,Marketing Manager,Community Forum,
2859582,2024-03-18,paid_search,ios,India,36,Nurse,,818315.0
4301394,2024-02-07,referral,ios,Nigeria,33,Sales Rep,Employee,
9937492,2024-01-11,affiliate,web,Germany,34,Nurse,,221958.0
6005332,2023-10-14,referral,android,United States,21,Accountant,Community Forum,
4235863,2024-07-27,organic,web,United States,36,Nurse,,
7053912,2024-10-25,affiliate,ios,United States,21,Accountant,,210268.0
3613275,2023-05-31,affiliate,android,Canada,21,Software Engineer,,231932.0
9478748,2024-10-11,organic,web,United States,18,Unemployed,,
9544291,2024-05-14,organic,web,Brazil,49,Nurse,,
9577064,2024-06-30,paid_search,android,Canada,37,Nurse,,141090.0
4956778,2024-03-12,organic,ios,United States,36,Freelancer,,429365.0
8659564,2024-11-12,organic,ios,United States,29,Marketing Manager,,
2564718,2024-12-19,social,web,Germany,47,Software Engineer,,378167.0
2761331,2024-04-24,referral,web,Philippines,40,Small Business Owner,Existing Customer,
6234748,2024-07-16,social,web,United States,19,Retired,,465838.0
4399752,2024-09-27,paid_search,web,United States,21,Small Business Owner,,164820.0
6267528,2024-05-06,organic,ios,United States,27,Software Engineer,,
5382794,2024-11-07,affiliate,web,United States,27,Unemployed,,210268.0
9773713,2024-08-23,paid_search,android,Australia,18,Freelancer,,771155.0
4039316,2024-04-24,organic,android,Mexico,45,Software Engineer,,429365.0
7774870,2023-06-24,affiliate,ios,India,49,Marketing Manager,,210268.0
2761369,2024-03-30,referral,web,United Kingdom,31,Unemployed,Employee,
3482266,2024-03-28,paid_search,android,United States,33,Teacher,,237337.0
1254043,2023-04-27,social,android,Australia,30,Consultant,,378167.0
7807643,2024-07-05,paid_search,web,Mexico,47,Software Engineer,,621430.0
3416738,2024-07-10,paid_search,ios,Canada,34,Nurse,,237337.0
9740973,2024-02-20,affiliate,web,United States,54,Sales Rep,,210268.0
8725166,2023-08-12,organic,web,Nigeria,35,Consultant,,
5317293,2024-07-29,affiliate,android,United States,31,Small Business Owner,,221958.0
1483442,2024-07-31,affiliate,ios,United Kingdom,39,Retired,,744167.0
8364732,2024-10-23,organic,android,Nigeria,53,Marketing Manager,,
7545535,2024-02-12,affiliate,ios,Germany,35,Accountant,,832180.0
1647296,2024-02-08,affiliate,web,United States,47,Student,,744167.0
1483455,2024-12-07,paid_search,web,Canada,45,Sales Rep,,818315.0
9151168,2023-12-13,affiliate,web,United States,18,Nurse,,231932.0
3023553,2023-07-26,affiliate,web,United States,31,Student,,275203.0
6824648,2024-04-08,social,android,United States,18,Marketing Manager,,378167.0
9741022,2024-02-02,affiliate,web,United States,25,Marketing Manager,,887201.0
6333152,2024-03-14,social,web,Mexico,43,Small Business Owner,,465838.0
8299243,2024-03-02,referral,web,India,37,Small Business Owner,Community Forum,
4924152,2024-05-12,affiliate,ios,India,30,Student,,832180.0
3416826,2024-11-29,affiliate,ios,India,39,Consultant,,221958.0
3023615,2024-10-26,organic,web,United Kingdom,25,Unemployed,,
4793092,2024-12-14,paid_search,ios,Canada,21,Accountant,,141090.0
1712917,2024-02-26,referral,web,United States,18,Small Business Owner,Existing Customer,
8954647,2024-04-04,social,android,United Kingdom,48,Student,,378167.0
8200987,2023-11-18,organic,web,United States,46,Freelancer,,429365.0
8463131,2023-06-12,paid_search,web,Mexico,35,Small Business Owner,,359178.0
6365986,2024-11-19,paid_search,web,United States,46,Retired,,421879.0
4105003,2024-07-31,organic,web,Brazil,51,Nurse,,
1221421,2024-02-02,affiliate,android,Germany,48,Freelancer,,221958.0
7971631,2024-02-09,organic,android,India,29,Software Engineer,,
3711793,2024-05-15,organic,android,United Kingdom,42,Sales Rep,,429365.0
5612338,2023-09-05,paid_search,web,Brazil,18,Student,,421879.0
2794291,2024-12-27,paid_search,android,United States,44,Teacher,,359178.0
9282356,2024-07-10,paid_search,ios,United States,18,Freelancer,,141090.0
6890298,2024-10-08,affiliate,web,United States,45,Teacher,,887201.0
5415743,2024-03-27,affiliate,web,Canada,25,Nurse,,231932.0
7906117,2024-04-13,social,ios,India,46,Consultant,,378167.0
6562632,2024-08-19,affiliate,web,United States,41,Consultant,,210268.0
1975112,2024-11-23,organic,ios,Philippines,39,Unemployed,,429365.0
3842894,2023-09-22,organic,ios,Mexico,30,Sales Rep,,
8659791,2024-08-15,organic,web,Philippines,30,Consultant,,
9970512,2024-02-12,organic,ios,United States,67,Marketing Manager,,
4662097,2024-06-02,affiliate,web,United States,29,Marketing Manager,,887201.0
7086932,2023-08-18,social,web,Germany,22,Accountant,,378167.0
6923098,2024-07-06,social,web,United States,31,Marketing Manager,,465838.0
1549148,2024-10-31,affiliate,android,Mexico,25,Unemployed,,231932.0
3318620,2024-11-26,paid_search,ios,United Kingdom,36,Marketing Manager,,421879.0
9053024,2024-08-26,organic,web,Brazil,27,Nurse,,
4268896,2024-06-17,paid_search,web,Canada,21,Freelancer,,421879.0
1516394,2024-05-25,referral,ios,United States,41,Student,Employee,
9479025,2024-04-01,affiliate,ios,India,36,Retired,,744167.0
5383030,2024-05-28,social,web,United States,25,Sales Rep,,378167.0
9053048,2024-01-18,organic,android,United States,50,Small Business Owner,,
1516409,2024-10-15,affiliate,ios,United States,32,Software Engineer,,832180.0
9642873,2024-08-11,paid_search,web,Australia,61,Software Engineer,,141090.0
9511807,2024-03-28,paid_search,web,Mexico,22,Marketing Manager,,237337.0
6398856,2023-09-17,affiliate,web,Brazil,40,Accountant,,210268.0
3154828,2024-07-18,organic,ios,Brazil,18,Software Engineer,,
9118612,2024-12-07,organic,ios,Mexico,28,Marketing Manager,,429365.0
6398869,2023-11-01,paid_search,web,United States,38,Freelancer,,187498.0
5809045,2023-08-20,paid_search,ios,United States,43,Freelancer,,771155.0
9151382,2024-12-26,organic,web,India,45,Software Engineer,,429365.0
8135580,2024-06-11,affiliate,ios,Canada,37,Retired,,275203.0
6497191,2024-11-13,organic,web,United States,47,Consultant,,
3089319,2024-09-11,organic,web,India,43,Unemployed,,
5514153,2024-09-12,affiliate,android,Mexico,55,Teacher,,221958.0
8168362,2024-04-17,paid_search,ios,India,61,Software Engineer,,154886.0
5546925,2023-07-24,affiliate,ios,Mexico,28,Teacher,,744167.0
3744686,2024-01-27,organic,ios,United States,41,Small Business Owner,,
1221552,2024-01-21,affiliate,web,Canada,18,Teacher,,832180.0
1450930,2023-08-14,referral,ios,United States,30,Student,Existing Customer,
4858804,2024-11-01,organic,ios,United States,29,Nurse,,
9348022,2024-01-25,paid_search,web,United States,39,Retired,,164820.0
1549239,2024-12-22,referral,android,Germany,52,Retired,Employee,
6038460,2024-01-17,social,web,India,42,Retired,,378167.0
6661064,2023-08-02,paid_search,web,United States,21,Freelancer,,359178.0
8594378,2023-12-28,organic,web,Mexico,36,Retired,,
9020364,2023-07-12,organic,ios,Philippines,46,Marketing Manager,,
1909711,2023-06-09,social,web,India,36,Nurse,,378167.0
5809109,2024-12-02,organic,web,United States,36,Small Business Owner,,
5055447,2024-06-02,social,android,United States,27,Sales Rep,,378167.0
9642979,2024-09-10,paid_search,web,Australia,18,Small Business Owner,,421879.0
7119848,2024-11-14,social,ios,Philippines,48,Consultant,,465838.0
4498408,2024-12-05,referral,ios,United States,18,Freelancer,Existing Customer,
5645289,2023-08-28,organic,android,United States,32,Retired,,
8496110,2024-05-22,organic,android,Canada,35,Unemployed,,
2532337,2023-12-08,paid_search,android,United Kingdom,47,Student,,154886.0
8496121,2024-03-26,organic,ios,United States,56,Unemployed,,
6759420,2024-11-09,organic,android,United Kingdom,47,Freelancer,,429365.0
2040835,2023-10-11,affiliate,android,United States,44,Accountant,,832180.0
4858884,2024-11-17,paid_search,web,United States,28,Consultant,,818315.0
7742471,2023-09-19,organic,ios,Canada,27,Small Business Owner,,
9151496,2024-04-29,organic,web,Nigeria,30,Nurse,,
1483791,2024-03-22,organic,web,Canada,39,Teacher,,999159.0
3515419,2024-11-02,social,web,Australia,49,Sales Rep,,378167.0
5776415,2023-12-04,social,android,United States,41,Student,,378167.0
9905184,2024-09-09,paid_search,android,Brazil,53,Marketing Manager,,187498.0
3744804,2023-09-09,social,web,United Kingdom,40,Teacher,,465838.0
4498472,2024-01-01,organic,web,United States,30,Marketing Manager,,
5448748,2024-01-25,affiliate,web,India,22,Accountant,,832180.0
6202413,2024-09-16,referral,android,Australia,37,Retired,Employee,
7119922,2023-06-06,organic,android,Nigeria,29,Teacher,,
9315390,2023-11-25,social,web,Canada,41,Software Engineer,,378167.0
5383233,2024-05-18,organic,android,United States,42,Retired,,
4924482,2023-06-13,paid_search,web,India,18,Sales Rep,,187498.0
4662340,2024-02-15,paid_search,android,Germany,52,Small Business Owner,,141090.0
8496196,2024-08-07,affiliate,web,United States,24,Accountant,,887201.0
8102983,2024-11-29,referral,android,Philippines,32,Consultant,Employee,
5973064,2024-10-06,affiliate,ios,Canada,34,Nurse,,221958.0
8037449,2023-07-30,paid_search,ios,United States,26,Software Engineer,,771155.0
6104138,2024-10-29,affiliate,android,United States,21,Student,,887201.0
8561743,2023-04-16,social,android,Brazil,38,Sales Rep,,378167.0
9937999,2023-05-10,paid_search,android,Nigeria,53,Sales Rep,,421879.0
9020497,2023-09-11,paid_search,web,United Kingdom,34,Small Business Owner,,359178.0
7021656,2023-12-10,affiliate,android,Canada,21,Software Engineer,,832180.0
8660064,2024-04-01,organic,web,Canada,26,Software Engineer,,
6923361,2024-06-30,social,web,United States,34,Accountant,,465838.0
6005858,2024-12-05,affiliate,android,Nigeria,34,Unemployed,,231932.0
3941478,2024-07-05,paid_search,ios,Mexico,34,Marketing Manager,,359178.0
1778799,2024-09-29,organic,web,Mexico,29,Freelancer,,
4138102,2024-03-18,organic,android,United States,45,Teacher,,429365.0
6857846,2023-08-13,organic,android,United States,65,Sales Rep,,
6169719,2024-02-18,affiliate,web,Germany,38,Small Business Owner,,291335.0
3417209,2024-10-15,affiliate,ios,Brazil,38,Marketing Manager,,275203.0
2761856,2024-09-14,referral,ios,Philippines,40,Unemployed,Existing Customer,
5940359,2024-08-20,organic,android,Canada,45,Consultant,,
8627339,2024-08-19,organic,web,United Kingdom,18,Consultant,,
5481617,2024-09-15,organic,android,Philippines,36,Software Engineer,,
9839765,2024-02-03,social,web,Canada,18,Consultant,,465838.0
8430747,2024-01-19,social,ios,United States,50,Teacher,,465838.0
8496287,2024-12-21,affiliate,web,United Kingdom,24,Software Engineer,,291335.0
4138145,2023-10-21,affiliate,web,United States,21,Teacher,,887201.0
9249953,2024-10-24,organic,ios,Brazil,53,Sales Rep,,
3843236,2024-10-23,affiliate,web,United States,48,Nurse,,291335.0
9151656,2024-03-03,organic,ios,United States,28,Sales Rep,,
8299695,2024-09-16,organic,android,United States,27,Retired,,
3712188,2024-07-26,paid_search,ios,United States,29,Unemployed,,187498.0
2401471,2023-09-11,paid_search,ios,Philippines,29,Software Engineer,,621430.0
7349449,2024-08-01,paid_search,ios,United States,51,Consultant,,164820.0
1189073,2024-08-31,paid_search,android,India,24,Sales Rep,,771155.0
2598099,2024-04-23,social,ios,Philippines,36,Nurse,,465838.0
4891865,2024-12-22,paid_search,web,United States,55,Nurse,,154886.0
7709914,2023-10-22,referral,ios,Australia,31,Retired,Employee,
6628573,2023-11-18,paid_search,web,United Kingdom,61,Unemployed,,621430.0
3089632,2024-09-24,affiliate,web,United States,25,Small Business Owner,,275203.0
4334817,2024-03-22,organic,ios,United States,18,Teacher,,
5711075,2023-12-27,paid_search,web,United Kingdom,23,Software Engineer,,421879.0
2729187,2024-09-21,affiliate,ios,United Kingdom,18,Student,,744167.0
9970922,2024-09-30,paid_search,web,India,37,Accountant,,771155.0
1713391,2024-11-22,paid_search,ios,United States,21,Sales Rep,,187498.0
3941616,2023-08-29,organic,ios,United States,52,Accountant,,
2008314,2024-07-24,organic,ios,Brazil,32,Accountant,,
7841023,2023-08-20,referral,web,Nigeria,35,Freelancer,Employee,
2761987,2024-12-29,social,android,United States,18,Teacher,,378167.0
3548421,2023-11-05,affiliate,web,United States,33,Student,,291335.0
7611653,2023-11-23,paid_search,ios,United States,35,Freelancer,,141090.0
2991367,2024-04-14,organic,web,Philippines,19,Student,,429365.0
3319049,2024-01-30,organic,ios,India,39,Software Engineer,,
7906571,2024-11-05,paid_search,ios,Germany,38,Consultant,,237337.0
2237715,2024-07-19,affiliate,ios,Philippines,28,Consultant,,887201.0
6432019,2023-08-20,affiliate,web,United States,21,Freelancer,,744167.0
2958615,2024-06-28,affiliate,android,Philippines,54,Consultant,,744167.0
1680667,2023-12-04,social,ios,United States,35,Unemployed,,465838.0
5317922,2024-05-09,organic,ios,India,34,Small Business Owner,,
9217316,2024-06-11,paid_search,web,United Kingdom,38,Student,,359178.0
3089706,2024-12-20,social,web,United States,30,Sales Rep,,378167.0
7152941,2024-10-09,paid_search,web,Australia,40,Student,,818315.0
3286319,2023-10-14,organic,ios,Philippines,34,Software Engineer,,
5580081,2024-05-19,referral,web,United States,26,Marketing Manager,Existing Customer,
4072753,2024-10-15,paid_search,web,Germany,68,Teacher,,164820.0
8103230,2024-08-20,affiliate,web,United States,30,Accountant,,744167.0
5809479,2024-03-01,social,web,Australia,24,Unemployed,,378167.0
2303306,2024-07-03,paid_search,web,Canada,26,Consultant,,359178.0
9446731,2024-08-13,social,android,Canada,30,Small Business Owner,,378167.0
9512270,2024-11-04,social,android,Nigeria,28,Teacher,,465838.0
9741647,2024-11-05,referral,ios,United States,38,Unemployed,Existing Customer,
5842256,2024-04-06,organic,web,Brazil,36,Accountant,,
2860371,2024-10-26,paid_search,ios,Mexico,53,Student,,154886.0
3319124,2024-04-21,paid_search,web,Mexico,34,Retired,,771155.0
1549656,2023-10-30,organic,ios,United States,26,Student,,
8103260,2024-12-18,organic,android,United Kingdom,62,Freelancer,,
8136029,2024-11-26,paid_search,ios,United States,48,Software Engineer,,621430.0
8955229,2024-07-30,organic,android,United Kingdom,22,Student,,
3188077,2024-06-01,organic,web,India,22,Unemployed,,
7775602,2024-11-10,affiliate,web,Canada,32,Accountant,,887201.0
6595956,2023-07-26,affiliate,android,Brazil,30,Marketing Manager,,231932.0
3057017,2024-09-24,organic,web,United States,18,Accountant,,
7087494,2024-09-09,social,android,United States,49,Consultant,,465838.0
8594825,2024-05-24,organic,ios,United States,18,Student,,999159.0
6104459,2024-11-12,affiliate,android,United States,18,Student,,221958.0
3876237,2024-04-03,affiliate,ios,Nigeria,20,Accountant,,887201.0
2467217,2023-11-20,social,web,United Kingdom,20,Sales Rep,,378167.0
9545106,2024-11-08,organic,ios,United States,39,Marketing Manager,,
1779091,2024-10-11,social,android,Germany,30,Nurse,,465838.0
2696609,2024-07-10,paid_search,web,United States,20,Freelancer,,141090.0
1779105,2024-07-07,organic,ios,Nigeria,47,Small Business Owner,,429365.0
4597170,2024-01-30,organic,web,United States,49,Nurse,,
6366645,2023-12-27,social,ios,Canada,28,Accountant,,378167.0
2467256,2024-10-30,paid_search,ios,United Kingdom,40,Small Business Owner,,771155.0
3548600,2024-12-09,organic,android,United States,18,Consultant,,
1091006,2024-08-25,paid_search,web,United States,48,Student,,154886.0
1353153,2024-11-30,social,ios,United States,44,Retired,,378167.0
2631107,2023-12-30,organic,android,United Kingdom,18,Nurse,,
8562116,2023-03-21,organic,ios,United States,52,Accountant,,
9774533,2023-09-16,social,ios,United States,41,Software Engineer,,378167.0
3614150,2024-11-16,paid_search,ios,United States,18,Marketing Manager,,818315.0
1287635,2024-10-11,paid_search,android,United States,25,Student,,237337.0
5055957,2024-01-26,organic,web,United States,35,Freelancer,,
8594902,2024-03-18,referral,android,United Kingdom,27,Small Business Owner,Employee,
8725976,2024-06-15,paid_search,ios,United States,35,Small Business Owner,,359178.0
9283032,2024-11-24,social,ios,Australia,44,Unemployed,,378167.0
3253722,2024-08-25,paid_search,ios,United States,41,Student,,421879.0
4531674,2023-11-28,affiliate,web,Brazil,41,Freelancer,,291335.0
4433372,2023-11-14,paid_search,web,Philippines,53,Retired,,818315.0
6858204,2024-07-21,social,web,United Kingdom,27,Student,,378167.0
7415261,2023-09-11,paid_search,ios,Australia,18,Freelancer,,621430.0
4761054,2023-09-10,social,android,United Kingdom,39,Consultant,,378167.0
6170080,2024-06-17,referral,web,United States,52,Accountant,Community Forum,
3089884,2024-05-06,social,android,United States,39,Accountant,,378167.0
4433382,2023-09-27,paid_search,android,Philippines,22,Freelancer,,421879.0
7087595,2024-07-14,paid_search,android,United States,38,Consultant,,237337.0
6759919,2024-11-17,organic,web,Mexico,34,Sales Rep,,
8562160,2024-12-10,paid_search,ios,Canada,37,Sales Rep,,818315.0
1484273,2024-09-11,referral,ios,United States,23,Accountant,Partner App,
7579137,2023-10-20,affiliate,android,United States,28,Consultant,,221958.0
4793868,2024-01-31,organic,web,Germany,35,Marketing Manager,,
6333968,2024-12-01,affiliate,web,United States,46,Nurse,,221958.0
5875217,2023-07-22,social,ios,Nigeria,31,Consultant,,465838.0
7841300,2024-03-11,paid_search,android,United States,45,Student,,154886.0
7185941,2024-06-22,paid_search,ios,Canada,26,Unemployed,,421879.0
3614235,2024-10-27,paid_search,web,United States,63,Nurse,,621430.0
4564507,2024-07-26,affiliate,web,United States,26,Student,,210268.0
8627742,2024-10-10,organic,web,Canada,28,Nurse,,429365.0
6596127,2023-12-22,paid_search,ios,India,39,Nurse,,771155.0
2500134,2024-11-14,organic,ios,India,38,Consultant,,
5023278,2024-12-29,organic,web,United States,46,Marketing Manager,,
8365624,2024-09-17,organic,web,United States,39,Nurse,,
3581505,2024-04-15,social,ios,United States,29,Consultant,,378167.0
4040267,2023-05-19,social,web,India,46,Freelancer,,465838.0
1418829,2024-12-16,social,android,United States,25,Sales Rep,,465838.0
9283161,2024-01-19,affiliate,ios,United States,38,Software Engineer,,832180.0
3057244,2024-10-19,paid_search,ios,Mexico,18,Marketing Manager,,164820.0
6858338,2024-09-22,paid_search,android,Nigeria,56,Unemployed,,818315.0
6301288,2023-12-26,social,ios,United Kingdom,44,Student,,378167.0
6071915,2024-04-25,social,android,Canada,39,Retired,,378167.0
9512558,2023-09-02,organic,android,United States,30,Nurse,,
6792819,2024-08-24,organic,ios,India,32,Teacher,,
7939705,2024-02-04,paid_search,ios,Mexico,18,Software Engineer,,187498.0
5678714,2024-02-20,affiliate,android,United States,43,Software Engineer,,744167.0
9709188,2024-03-17,social,android,Canada,24,Nurse,,465838.0
3122827,2024-09-14,referral,web,United Kingdom,57,Sales Rep,Employee,
1484427,2024-06-22,organic,android,Germany,18,Unemployed,,
1713806,2024-12-22,organic,ios,United States,20,Accountant,,
9905808,2024-11-28,organic,android,India,27,Teacher,,
3188370,2023-11-02,organic,web,United States,31,Sales Rep,,
2434730,2024-08-15,social,ios,United Kingdom,36,Software Engineer,,378167.0
6497963,2023-10-11,affiliate,web,Canada,35,Retired,,221958.0
2926252,2024-02-23,paid_search,web,United Kingdom,42,Accountant,,421879.0
4368045,2023-10-01,organic,web,Canada,49,Teacher,,
6301358,2024-03-28,paid_search,ios,United Kingdom,24,Unemployed,,621430.0
2270896,2023-12-29,affiliate,android,United States,18,Student,,832180.0
5842611,2023-10-25,paid_search,web,Canada,52,Marketing Manager,,141090.0
5449399,2023-10-14,referral,web,Mexico,42,Sales Rep,Partner App,
8660678,2023-08-05,organic,ios,United States,26,Retired,,429365.0
6170310,2024-03-26,paid_search,web,Nigeria,18,Retired,,421879.0
8169158,2024-06-15,organic,web,Canada,34,Nurse,,999159.0
9905865,2024-11-16,paid_search,ios,Philippines,44,Sales Rep,,359178.0
2172622,2024-01-03,affiliate,web,Canada,21,Small Business Owner,,231932.0
2041566,2024-03-11,organic,web,United Kingdom,38,Accountant,,
5744353,2024-11-16,organic,web,United States,30,Freelancer,,
9676514,2024-02-02,social,web,Brazil,28,Retired,,378167.0
8300259,2023-08-18,affiliate,web,Brazil,45,Retired,,832180.0
9774821,2024-09-27,paid_search,web,India,18,Consultant,,771155.0
4105958,2024-01-03,paid_search,ios,United States,41,Student,,154886.0
8005351,2024-12-22,affiliate,ios,Brazil,37,Small Business Owner,,291335.0
2828022,2023-09-19,referral,android,United States,37,Consultant,Employee,
4138744,2024-09-26,organic,ios,United States,32,Small Business Owner,,999159.0
7775996,2024-04-22,affiliate,web,United Kingdom,28,Sales Rep,,887201.0
2369277,2024-10-24,social,ios,United States,27,Teacher,,465838.0
9905921,2024-07-02,organic,ios,Brazil,48,Accountant,,
7481093,2024-10-29,referral,web,Australia,32,Consultant,Community Forum,
5318420,2023-08-05,organic,android,United Kingdom,29,Software Engineer,,999159.0
6334233,2024-05-20,organic,web,Brazil,39,Teacher,,
8038170,2023-11-20,affiliate,web,Nigeria,52,Consultant,,744167.0
9381660,2024-08-13,affiliate,android,United Kingdom,39,Accountant,,887201.0
4171553,2023-10-07,social,ios,United States,36,Marketing Manager,,378167.0
3155748,2024-08-30,paid_search,android,Germany,34,Freelancer,,359178.0
3090212,2024-03-15,affiliate,ios,India,43,Small Business Owner,,231932.0
8759080,2023-10-29,affiliate,web,United States,30,Sales Rep,,231932.0
2107177,2024-12-03,paid_search,web,Nigeria,44,Nurse,,141090.0
7612208,2024-11-03,social,android,United States,46,Unemployed,,378167.0
9807673,2023-05-01,paid_search,android,India,18,Marketing Manager,,154886.0
9119550,2024-01-10,affiliate,ios,United States,44,Student,,275203.0
6072148,2024-03-09,referral,android,United States,46,Marketing Manager,Community Forum,
9971541,2024-10-18,organic,web,United States,31,Teacher,,
8726360,2024-05-16,referral,android,United Kingdom,18,Marketing Manager,Existing Customer,
2565976,2024-03-02,social,ios,Australia,34,Sales Rep,,465838.0
2008923,2024-06-20,affiliate,ios,United States,35,Retired,,291335.0
6301533,2024-06-05,social,web,Australia,29,Small Business Owner,,378167.0
7874399,2024-08-21,paid_search,ios,Philippines,22,Student,,154886.0
4925282,2024-12-02,paid_search,web,Australia,27,Student,,154886.0
3843940,2024-04-25,organic,web,United States,44,Sales Rep,,
2074477,2023-07-30,affiliate,ios,Australia,33,Sales Rep,,210268.0
1386354,2024-06-15,affiliate,ios,United Kingdom,23,Sales Rep,,291335.0
5187442,2024-01-11,organic,web,United States,49,Accountant,,
6399869,2024-02-04,organic,web,United States,44,Teacher,,
4630400,2024-09-27,organic,web,United States,36,Nurse,,
6301572,2024-10-16,referral,web,Mexico,18,Small Business Owner,Existing Customer,
7710605,2024-06-18,organic,android,Canada,49,Student,,429365.0
1550222,2024-08-16,paid_search,ios,United States,56,Sales Rep,,164820.0
5384077,2024-10-28,social,web,Brazil,43,Marketing Manager,,465838.0
7612303,2024-01-28,organic,web,Brazil,41,Consultant,,
5220242,2024-03-30,affiliate,web,United States,43,Teacher,,210268.0
2631570,2024-12-16,paid_search,ios,Brazil,57,Software Engineer,,154886.0
4695961,2023-11-12,paid_search,ios,Brazil,44,Teacher,,771155.0
1910681,2024-11-11,paid_search,web,United States,18,Unemployed,,141090.0
1550242,2024-12-04,organic,ios,Australia,28,Student,,
4761509,2024-04-19,organic,android,India,31,Small Business Owner,,429365.0
5679020,2024-04-03,organic,web,Canada,33,Freelancer,,
6596526,2024-02-08,affiliate,web,India,36,Consultant,,832180.0
8988597,2024-03-17,paid_search,ios,United States,47,Freelancer,,818315.0
7710660,2023-07-27,referral,android,India,29,Unemployed,Employee,
4990919,2024-02-15,paid_search,android,India,25,Software Engineer,,421879.0
1976264,2024-07-10,organic,ios,United States,48,Nurse,,
9349065,2023-08-19,organic,web,United States,34,Retired,,429365.0
4597706,2023-12-18,affiliate,web,United States,18,Accountant,,291335.0
8562635,2024-06-21,organic,web,Mexico,40,Teacher,,
9840597,2024-11-25,organic,android,Canada,20,Student,,
7251936,2023-08-02,paid_search,web,United Kingdom,39,Unemployed,,154886.0
5548003,2024-08-03,organic,ios,Mexico,29,Freelancer,,
9349092,2023-07-24,paid_search,android,Germany,18,Teacher,,421879.0
6465513,2023-11-22,paid_search,android,United Kingdom,33,Freelancer,,237337.0
9480171,2024-12-09,paid_search,android,United States,42,Unemployed,,359178.0
6531052,2023-12-23,affiliate,ios,United States,45,Accountant,,221958.0
1812461,2023-09-09,organic,web,India,18,Nurse,,
7284725,2024-07-05,referral,ios,Canada,25,Accountant,Partner App,
1910775,2024-01-01,affiliate,web,Canada,43,Unemployed,,291335.0
4663289,2024-07-20,social,android,United States,29,Student,,465838.0
5777402,2023-10-06,affiliate,android,United States,24,Unemployed,,275203.0
9152513,2024-04-25,affiliate,web,United States,41,Software Engineer,,231932.0
4466689,2024-08-10,paid_search,web,Australia,25,Accountant,,164820.0
3680259,2024-09-17,paid_search,web,Australia,18,Marketing Manager,,421879.0
5777421,2024-12-07,organic,web,India,31,Small Business Owner,,
1484814,2024-02-29,affiliate,web,India,34,Retired,,231932.0
8267807,2024-04-05,social,ios,United States,25,Marketing Manager,,378167.0
6268961,2024-08-03,organic,web,Australia,18,Marketing Manager,,429365.0
1157164,2023-09-12,referral,android,United States,34,Consultant,Partner App,
7252016,2024-02-15,organic,web,Canada,18,Marketing Manager,,
6826038,2024-12-27,organic,android,Canada,45,Student,,
1353791,2024-11-22,affiliate,ios,United States,31,Unemployed,,887201.0
1615937,2024-10-29,affiliate,web,India,19,Marketing Manager,,291335.0
2271300,2023-11-10,social,ios,United States,29,Marketing Manager,,378167.0
1091656,2024-01-27,paid_search,ios,Nigeria,42,Freelancer,,771155.0
6334538,2023-11-12,organic,ios,Australia,21,Accountant,,
4761675,2024-06-21,referral,ios,United Kingdom,33,Accountant,Community Forum,
4302923,2024-08-07,affiliate,web,Brazil,36,Student,,832180.0
7743571,2024-12-19,paid_search,ios,Canada,31,Retired,,421879.0
3844180,2024-11-04,organic,ios,United States,22,Teacher,,
4335705,2024-12-05,paid_search,web,Brazil,22,Accountant,,621430.0
1550428,2024-11-24,referral,web,United States,37,Freelancer,Community Forum,
9480287,2023-11-01,affiliate,android,India,20,Sales Rep,,744167.0
1386594,2024-05-03,affiliate,ios,United States,18,Sales Rep,,887201.0
6137956,2024-10-10,affiliate,web,Brazil,40,Nurse,,291335.0
2730085,2023-04-19,affiliate,web,India,43,Unemployed,,291335.0
6629481,2024-07-02,organic,web,United States,30,Small Business Owner,,429365.0
5220459,2024-12-10,paid_search,ios,India,51,Accountant,,421879.0
5187694,2024-10-24,organic,ios,Philippines,27,Marketing Manager,,
4696176,2024-08-12,paid_search,web,Nigeria,35,Consultant,,771155.0
1976433,2024-11-27,affiliate,android,United States,45,Nurse,,221958.0
7284851,2024-02-13,social,ios,United States,29,Consultant,,378167.0
9644147,2024-07-05,affiliate,web,United States,48,Consultant,,210268.0
9676924,2024-11-16,organic,android,Canada,46,Consultant,,
2959484,2023-12-20,paid_search,ios,Mexico,43,Nurse,,141090.0
4270209,2023-11-04,affiliate,ios,United States,22,Unemployed,,832180.0
1910913,2024-05-12,referral,web,United States,46,Retired,Employee,
3057797,2023-09-05,social,web,Canada,43,Nurse,,465838.0
4827271,2023-12-15,referral,android,Canada,32,Accountant,Community Forum,
6137997,2023-09-17,social,android,Germany,24,Software Engineer,,465838.0
8956056,2024-04-27,social,android,Brazil,43,Accountant,,465838.0
4892825,2024-01-22,organic,android,United States,46,Unemployed,,
4434078,2024-08-22,social,android,Germany,31,Software Engineer,,378167.0
5941412,2024-02-23,social,ios,Canada,40,Marketing Manager,,465838.0
5712037,2024-07-05,referral,android,Australia,42,Student,Existing Customer,
7776432,2024-10-27,organic,web,Australia,20,Small Business Owner,,999159.0
3942609,2024-05-09,affiliate,ios,Philippines,46,Nurse,,210268.0
9611474,2023-05-24,affiliate,web,Nigeria,48,Sales Rep,,832180.0
5122263,2023-11-09,paid_search,web,Canada,22,Unemployed,,141090.0
5515488,2024-03-28,affiliate,web,United Kingdom,24,Marketing Manager,,210268.0
6433001,2023-06-21,affiliate,android,India,36,Freelancer,,231932.0
1255658,2024-02-01,affiliate,web,Australia,48,Consultant,,887201.0
2500844,2023-11-21,organic,web,Mexico,49,Teacher,,
8136940,2024-05-03,organic,ios,United States,21,Student,,
9513199,2024-12-06,affiliate,ios,United States,38,Retired,,210268.0
1419503,2023-12-17,affiliate,android,United States,25,Teacher,,887201.0
1321199,2024-10-11,social,android,Germany,18,Marketing Manager,,378167.0
5384432,2024-05-20,affiliate,ios,United States,39,Consultant,,221958.0
2730228,2024-04-10,organic,web,United Kingdom,37,Unemployed,,
4499701,2024-09-18,organic,ios,United Kingdom,42,Student,,999159.0
1779957,2023-02-07,organic,android,Philippines,47,Nurse,,
8071422,2024-06-19,referral,web,United States,53,Software Engineer,Employee,
9447680,2024-10-09,paid_search,ios,United States,46,Retired,,237337.0
9480473,2023-12-19,affiliate,android,United States,35,Sales Rep,,231932.0
6236441,2024-10-17,social,web,United States,39,Sales Rep,,465838.0
4303131,2024-12-08,affiliate,ios,Canada,28,Marketing Manager,,887201.0
2107677,2024-02-27,paid_search,android,United Kingdom,57,Unemployed,,621430.0
6859046,2023-07-25,affiliate,android,India,38,Consultant,,210268.0
4401447,2024-05-28,affiliate,web,United States,43,Sales Rep,,210268.0
2435367,2024-11-14,paid_search,web,Germany,30,Small Business Owner,,237337.0
2730283,2024-09-03,affiliate,ios,United States,47,Marketing Manager,,231932.0
9054515,2024-03-17,paid_search,web,Philippines,43,Sales Rep,,771155.0
7153973,2024-04-09,social,ios,United Kingdom,41,Sales Rep,,378167.0
4401461,2024-09-13,organic,android,Canada,34,Retired,,
2631993,2024-06-25,paid_search,android,United States,27,Marketing Manager,,421879.0
6007106,2024-09-15,paid_search,web,United States,48,Consultant,,818315.0
3189063,2024-04-12,organic,web,Brazil,42,Nurse,,
6269262,2024-08-28,referral,ios,Germany,18,Retired,Community Forum,
2074961,2024-05-09,social,android,Nigeria,53,Sales Rep,,378167.0
5253459,2024-10-01,organic,ios,United States,40,Sales Rep,,
2500948,2024-11-21,affiliate,android,United States,38,Marketing Manager,,210268.0
9578845,2024-08-05,affiliate,android,United States,32,Small Business Owner,,221958.0
7285088,2024-10-09,affiliate,web,United States,23,Student,,291335.0
3746153,2023-07-15,affiliate,web,United Kingdom,41,Freelancer,,291335.0
8726890,2024-09-14,organic,android,India,54,Small Business Owner,,999159.0
6170988,2024-05-19,social,android,United States,35,Student,,378167.0
9152885,2024-02-12,social,web,United States,44,Teacher,,378167.0
9677177,2024-01-20,paid_search,ios,Mexico,23,Retired,,359178.0
3090825,2024-09-09,organic,ios,United States,48,Unemployed,,
4696458,2023-10-03,organic,android,United Kingdom,27,Software Engineer,,
1517961,2023-11-27,organic,ios,Germany,40,Teacher,,
8595853,2023-11-26,referral,ios,United States,54,Student,Partner App,
1190285,2024-11-24,organic,android,United Kingdom,27,Teacher,,
8857997,2023-11-25,organic,ios,United States,18,Sales Rep,,
1583510,2024-03-30,organic,ios,United States,18,Small Business Owner,,
7514524,2024-10-02,affiliate,ios,Mexico,33,Freelancer,,291335.0
5777830,2024-04-03,affiliate,ios,Australia,24,Marketing Manager,,221958.0
3975605,2024-03-24,affiliate,web,United States,41,Small Business Owner,,291335.0
1092036,2023-03-07,social,web,United States,41,Sales Rep,,465838.0
1026505,2024-10-22,referral,android,Brazil,48,Unemployed,Community Forum,
6957515,2024-05-07,affiliate,android,Germany,40,Teacher,,210268.0
1747419,2023-02-13,organic,web,Brazil,46,Retired,,
9873895,2024-01-03,paid_search,web,Mexico,60,Retired,,621430.0
5155304,2023-07-06,organic,ios,Germany,32,Small Business Owner,,
4073961,2024-09-04,social,ios,United Kingdom,50,Marketing Manager,,465838.0
3779060,2024-01-30,organic,web,India,62,Nurse,,
8595959,2024-07-17,paid_search,ios,United States,24,Software Engineer,,421879.0
8923641,2024-03-05,organic,ios,United Kingdom,46,Nurse,,
3942905,2023-11-30,affiliate,web,Germany,27,Software Engineer,,275203.0
1092091,2024-02-05,organic,web,Mexico,33,Consultant,,
1649150,2024-06-14,paid_search,ios,India,18,Marketing Manager,,154886.0
5057025,2024-06-02,organic,web,United States,18,Marketing Manager,,999159.0
4303364,2023-11-15,affiliate,ios,United States,36,Small Business Owner,,275203.0
4631047,2023-11-16,affiliate,web,Brazil,45,Sales Rep,,210268.0
2042377,2024-10-12,organic,web,United States,36,Unemployed,,
4893193,2023-09-01,organic,ios,Mexico,45,Teacher,,
6203916,2023-12-05,organic,web,Philippines,23,Small Business Owner,,
5450252,2024-05-29,referral,android,United States,25,Student,Existing Customer,
8792590,2024-12-10,organic,ios,Australia,55,Nurse,,
8366604,2024-08-28,paid_search,ios,Mexico,26,Unemployed,,141090.0
6629905,2024-11-12,organic,android,India,33,Nurse,,
5286419,2024-10-08,organic,android,United States,29,Sales Rep,,
8301078,2024-10-20,paid_search,ios,Australia,36,Student,,154886.0
4303389,2023-12-28,social,ios,Germany,38,Sales Rep,,465838.0
6564396,2024-06-03,social,web,Mexico,34,Retired,,465838.0
8235574,2024-06-27,organic,web,Brazil,31,Nurse,,
5909047,2024-08-19,social,ios,United States,36,Nurse,,378167.0
3844664,2024-02-18,affiliate,web,India,39,Student,,887201.0
9415224,2023-11-22,referral,ios,Canada,30,Freelancer,Existing Customer,
1124932,2023-10-21,paid_search,web,United States,38,Student,,818315.0
3091013,2023-11-28,organic,ios,United States,22,Student,,
9546310,2024-12-08,paid_search,web,United Kingdom,34,Software Engineer,,187498.0
8104527,2024-12-18,affiliate,web,United States,35,Small Business Owner,,275203.0
7842385,2024-09-03,social,android,United States,38,Nurse,,465838.0
2894420,2023-09-13,paid_search,web,Australia,22,Student,,164820.0
3091028,2024-12-19,organic,web,United States,31,Freelancer,,
1288790,2024-12-25,organic,ios,United States,37,Retired,,429365.0
9153113,2024-04-01,social,web,United States,31,Marketing Manager,,378167.0
2861663,2024-03-26,organic,ios,United States,36,Marketing Manager,,429365.0
1092193,2024-11-18,affiliate,web,United States,40,Teacher,,887201.0
4303457,2024-09-10,organic,web,United States,30,Student,,
2566772,2023-09-01,organic,web,Australia,42,Accountant,,
7416438,2024-09-04,organic,android,Canada,39,Accountant,,
8727160,2023-06-17,organic,ios,Canada,37,Consultant,,
6105724,2023-10-02,paid_search,web,Nigeria,52,Unemployed,,421879.0
4041341,2023-05-14,paid_search,android,Canada,49,Small Business Owner,,237337.0
4631171,2024-04-04,organic,ios,United States,51,Student,,
2534026,2024-02-15,affiliate,web,United States,40,Nurse,,291335.0
5810833,2024-05-22,organic,ios,Mexico,25,Sales Rep,,
4860562,2024-12-08,organic,ios,United States,24,Student,,
8530577,2024-04-04,paid_search,android,Canada,42,Student,,421879.0
8694420,2024-01-26,paid_search,web,United States,50,Consultant,,187498.0
5155479,2024-08-13,organic,web,United States,45,Sales Rep,,
1288859,2023-08-19,affiliate,android,United States,53,Retired,,744167.0
9218723,2024-12-29,paid_search,web,United States,52,Retired,,359178.0
3320484,2024-11-18,paid_search,ios,Mexico,20,Accountant,,164820.0
4467366,2024-04-19,organic,web,United Kingdom,21,Freelancer,,
6236840,2024-11-25,referral,ios,Brazil,18,Software Engineer,Employee,
7908008,2023-10-19,paid_search,ios,United States,37,Consultant,,621430.0
8432300,2024-07-22,affiliate,ios,United Kingdom,26,Sales Rep,,291335.0
4205228,2024-03-13,paid_search,ios,Mexico,35,Freelancer,,421879.0
5221038,2024-07-05,organic,android,Australia,28,Consultant,,
1813168,2023-09-03,organic,web,United States,39,Software Engineer,,429365.0
8104627,2024-07-09,organic,web,Brazil,37,Small Business Owner,,
2992825,2023-12-29,organic,web,Philippines,41,Small Business Owner,,
2796218,2024-02-03,organic,android,Canada,30,Small Business Owner,,
4958905,2024-09-22,organic,web,United Kingdom,48,Freelancer,,
3648191,2024-12-27,organic,android,United States,35,Marketing Manager,,
2992834,2024-03-22,paid_search,android,Germany,28,Sales Rep,,359178.0
8760004,2023-10-02,social,web,Canada,30,Software Engineer,,465838.0
3648202,2024-11-05,affiliate,ios,Canada,44,Software Engineer,,210268.0
6728394,2024-10-10,referral,ios,United States,36,Software Engineer,Community Forum,
9120459,2024-08-22,referral,ios,Mexico,28,Teacher,Partner App,
8465106,2024-11-12,organic,web,United States,35,Student,,
2894554,2024-04-16,organic,android,Brazil,29,Sales Rep,,
3680990,2024-12-07,organic,ios,Brazil,34,Teacher,,
9480932,2024-11-24,referral,ios,Australia,59,Accountant,Community Forum,
3418853,2024-09-04,referral,web,United States,48,Marketing Manager,Partner App,
9415398,2024-01-11,referral,android,United States,41,Small Business Owner,Employee,
9415414,2023-08-24,organic,web,United States,21,Retired,,
3484413,2024-05-06,organic,web,Nigeria,18,Unemployed,,
9677571,2023-11-11,organic,ios,United States,32,Accountant,,429365.0
4139782,2024-03-11,organic,web,Canada,33,Student,,999159.0
1518349,2024-08-22,social,web,India,18,Student,,378167.0
3091219,2024-12-19,social,web,United States,41,Nurse,,465838.0
5024537,2024-06-23,paid_search,web,Mexico,18,Unemployed,,359178.0
2960155,2024-06-28,affiliate,android,Mexico,25,Teacher,,275203.0
5319453,2024-02-17,affiliate,android,United States,50,Teacher,,291335.0
1944353,2024-11-05,paid_search,web,India,27,Teacher,,359178.0
3877668,2023-04-02,organic,web,India,28,Accountant,,999159.0
8563493,2023-12-01,social,web,Germany,65,Accountant,,465838.0
3386149,2024-01-04,organic,web,Mexico,48,Teacher,,
4959015,2023-07-16,social,web,Canada,43,Unemployed,,465838.0
6040360,2024-12-30,organic,ios,United States,42,Unemployed,,
5385010,2024-11-23,paid_search,web,Nigeria,23,Accountant,,818315.0
8006451,2024-07-29,paid_search,android,United Kingdom,37,Software Engineer,,421879.0
1878835,2023-06-22,organic,web,United States,33,Sales Rep,,
8006454,2024-09-01,affiliate,ios,United States,45,Teacher,,221958.0
7580470,2023-06-16,organic,android,India,18,Sales Rep,,
3189568,2024-01-25,social,ios,United Kingdom,37,Marketing Manager,,378167.0
7514948,2024-03-31,organic,web,United States,46,Sales Rep,,
4991818,2024-05-03,social,android,United States,33,Freelancer,,465838.0
7154512,2024-03-16,organic,ios,Mexico,34,Software Engineer,,
2534227,2024-05-16,affiliate,web,India,34,Consultant,,231932.0
2534230,2024-05-29,organic,android,United States,27,Accountant,,
2960220,2024-03-31,affiliate,ios,United Kingdom,45,Teacher,,832180.0
3582814,2024-09-26,affiliate,web,United States,54,Retired,,210268.0
3976031,2024-09-27,paid_search,android,United States,18,Consultant,,237337.0
3320688,2024-01-12,organic,web,Germany,42,Student,,
8170364,2023-01-25,paid_search,android,Philippines,33,Student,,421879.0
3943295,2024-11-21,affiliate,ios,United States,21,Consultant,,744167.0
5614466,2023-12-15,paid_search,web,United States,21,Small Business Owner,,164820.0
1551238,2024-02-16,referral,ios,United States,35,Software Engineer,Community Forum,
9972618,2024-11-23,affiliate,ios,United States,32,Accountant,,291335.0
3320715,2023-08-22,organic,web,Canada,21,Nurse,,
1747852,2024-06-05,organic,ios,United States,30,Marketing Manager,,
1944461,2024-04-16,organic,ios,Canada,41,Student,,
1289102,2024-08-03,organic,android,United States,23,Teacher,,999159.0
1387405,2023-08-19,social,ios,United States,35,Marketing Manager,,378167.0
2435986,2024-01-01,affiliate,ios,United States,42,Nurse,,291335.0
1518490,2023-11-28,organic,web,Australia,31,Accountant,,429365.0
4631453,2023-09-26,paid_search,web,United States,22,Consultant,,818315.0
1780641,2024-04-15,paid_search,android,United States,38,Retired,,771155.0
9710506,2024-10-08,paid_search,web,United States,23,Sales Rep,,771155.0
3779499,2024-06-25,social,android,Canada,38,Nurse,,378167.0
1682346,2024-08-06,social,web,United States,35,Freelancer,,378167.0
2960299,2024-03-16,affiliate,ios,Mexico,46,Consultant,,887201.0
1289134,2023-09-21,affiliate,web,United Kingdom,32,Software Engineer,,210268.0
5122990,2024-02-21,paid_search,web,India,53,Accountant,,771155.0
2370485,2024-09-29,organic,ios,United Kingdom,42,Consultant,,
3681206,2024-02-16,paid_search,android,India,48,Nurse,,818315.0
4893623,2024-10-04,paid_search,android,Canada,33,Sales Rep,,154886.0
9874365,2024-12-07,organic,android,Canada,30,Freelancer,,
2862015,2024-01-23,referral,ios,United States,23,Marketing Manager,Employee,
1059778,2024-11-08,affiliate,ios,Brazil,28,Accountant,,221958.0
3288013,2024-09-06,organic,web,Mexico,33,Marketing Manager,,
9022417,2024-03-31,organic,android,Canada,44,Software Engineer,,
5876691,2024-01-05,organic,web,United States,34,Unemployed,,
8334291,2023-12-24,organic,ios,Mexico,24,Freelancer,,
8465373,2023-08-28,paid_search,web,Canada,20,Small Business Owner,,359178.0
5024733,2024-09-01,referral,ios,United States,26,Accountant,Community Forum,
8399839,2024-02-02,organic,ios,United States,25,Software Engineer,,999159.0
3222494,2024-10-01,paid_search,web,United States,47,Consultant,,164820.0
9284578,2024-10-08,paid_search,ios,Australia,30,Student,,818315.0
7318499,2024-12-04,organic,android,United States,20,Nurse,,
2599908,2024-01-10,affiliate,web,Canada,39,Consultant,,291335.0
5876709,2024-09-22,paid_search,android,United States,34,Teacher,,187498.0
2337768,2024-11-04,organic,ios,United States,37,Small Business Owner,,
1125355,2023-03-10,organic,ios,India,35,Retired,,
5090284,2024-03-31,organic,ios,India,28,Consultant,,
4402155,2024-11-19,affiliate,android,Canada,27,Teacher,,832180.0
5975026,2024-06-14,organic,web,Germany,18,Software Engineer,,429365.0
9481209,2024-01-17,paid_search,web,India,33,Freelancer,,818315.0
9120766,2024-04-20,paid_search,web,India,43,Unemployed,,164820.0
4336640,2024-11-03,organic,android,Canada,44,Unemployed,,
9677828,2023-09-13,paid_search,web,United States,27,Software Engineer,,237337.0
5975045,2023-11-09,organic,ios,United States,51,Teacher,,
2960391,2024-12-09,paid_search,android,United States,19,Sales Rep,,818315.0
4369415,2023-12-03,paid_search,android,India,34,Nurse,,141090.0
4434955,2023-10-03,paid_search,ios,United States,26,Sales Rep,,621430.0
6237196,2023-11-12,organic,web,Mexico,34,Student,,999159.0
2206751,2024-06-29,paid_search,ios,Brazil,48,Unemployed,,187498.0
2731041,2024-08-21,affiliate,web,United States,23,Student,,221958.0
3058721,2023-08-23,affiliate,android,United States,32,Accountant,,832180.0
3976242,2024-09-26,affiliate,ios,Mexico,30,Nurse,,210268.0
2468919,2024-09-14,paid_search,ios,United States,33,Nurse,,237337.0
8596537,2024-10-27,paid_search,web,United States,27,Freelancer,,771155.0
3615804,2024-04-13,organic,android,United States,40,Small Business Owner,,
1125438,2024-07-19,paid_search,android,Brazil,29,Retired,,187498.0
3255363,2024-01-24,social,android,Germany,28,Sales Rep,,465838.0
8694867,2024-06-05,social,android,Philippines,48,Accountant,,465838.0
1715295,2024-09-25,affiliate,android,Brazil,34,Nurse,,231932.0
2796641,2024-11-28,paid_search,ios,United States,28,Software Engineer,,771155.0
2927716,2024-02-25,organic,web,Canada,41,Small Business Owner,,999159.0
8596585,2024-05-31,social,web,United States,32,Teacher,,378167.0
3157098,2024-07-04,organic,ios,Brazil,30,Sales Rep,,429365.0
1158253,2024-06-09,affiliate,android,United States,38,Teacher,,221958.0
4205677,2023-12-16,affiliate,ios,Mexico,57,Consultant,,832180.0
3386488,2023-11-24,organic,ios,Canada,31,Consultant,,
7941245,2024-01-22,organic,ios,United States,38,Software Engineer,,
7318653,2024-04-14,affiliate,ios,Nigeria,34,Accountant,,275203.0
7449728,2024-08-18,social,android,Mexico,21,Consultant,,378167.0
4369538,2024-10-09,social,web,United States,25,Unemployed,,378167.0
7810183,2024-05-07,referral,web,Germany,39,Software Engineer,Existing Customer,
5876872,2023-05-24,affiliate,android,Canada,33,Consultant,,231932.0
2206861,2024-01-03,affiliate,ios,India,30,Nurse,,210268.0
9710745,2024-08-26,organic,web,Philippines,39,Marketing Manager,,
9677980,2024-09-28,social,web,United Kingdom,37,Freelancer,,378167.0
3189921,2023-06-10,affiliate,web,United States,18,Student,,210268.0
7482532,2024-03-29,paid_search,web,United States,25,Unemployed,,421879.0
9841830,2023-10-20,social,ios,Brazil,34,Teacher,,378167.0
3386537,2024-09-11,affiliate,web,United States,23,Retired,,231932.0
2829484,2024-09-03,affiliate,android,United States,47,Software Engineer,,210268.0
2698413,2024-06-08,paid_search,android,Australia,18,Accountant,,771155.0
7908531,2024-08-30,paid_search,android,United States,34,Accountant,,818315.0
7285939,2024-07-11,referral,android,Philippines,32,Student,Existing Customer,
7679155,2023-11-21,affiliate,android,Nigeria,51,Marketing Manager,,275203.0
3026110,2024-02-27,paid_search,ios,United States,35,Marketing Manager,,818315.0
1846462,2024-03-25,affiliate,ios,India,30,Retired,,221958.0
3681478,2024-09-22,organic,android,United States,25,Student,,
2960584,2024-07-31,affiliate,web,United States,39,Student,,221958.0
8989900,2024-09-17,organic,ios,United States,33,Consultant,,
1944789,2023-07-01,organic,web,India,21,Marketing Manager,,
7515350,2024-09-01,paid_search,android,Germany,40,Nurse,,237337.0
7417060,2024-02-11,affiliate,web,United States,30,Unemployed,,221958.0
3878117,2024-07-28,referral,web,United States,43,Nurse,Existing Customer,
4762853,2024-01-26,organic,android,Germany,48,Teacher,,
6761703,2024-09-21,referral,ios,United States,19,Student,Existing Customer,
8596713,2023-04-21,social,web,United States,32,Sales Rep,,378167.0
4402410,2023-11-15,paid_search,ios,Canada,37,Accountant,,621430.0
9940203,2024-11-04,organic,ios,United States,28,Small Business Owner,,
2829553,2023-09-07,organic,ios,India,36,Marketing Manager,,
3353847,2024-09-09,paid_search,ios,Mexico,24,Unemployed,,421879.0
9809147,2024-03-15,referral,web,Brazil,47,Teacher,Community Forum,
9776381,2024-06-03,organic,web,United States,47,Consultant,,
3845376,2024-12-21,organic,web,United States,27,Accountant,,
5745920,2024-07-12,organic,web,India,18,Retired,,
9186565,2024-08-13,paid_search,web,United States,30,Unemployed,,154886.0
3026182,2024-08-27,referral,ios,Canada,30,Retired,Partner App,
6499593,2024-09-21,social,ios,Brazil,41,Unemployed,,465838.0
2141452,2024-09-28,organic,web,Canada,21,Freelancer,,
5909776,2024-07-23,organic,web,United States,52,Small Business Owner,,
4828433,2023-05-27,social,android,United States,30,Retired,,378167.0
3648790,2024-04-04,organic,ios,India,36,Unemployed,,
9383190,2023-08-23,affiliate,web,United States,36,Small Business Owner,,231932.0
7417115,2024-08-29,organic,ios,Germany,47,Teacher,,429365.0
5188891,2024-08-26,organic,android,United Kingdom,43,Software Engineer,,
3157280,2023-05-09,paid_search,ios,United States,54,Marketing Manager,,771155.0
6532388,2023-11-24,social,web,Canada,30,Nurse,,378167.0
8695082,2024-03-10,paid_search,ios,United States,32,Nurse,,771155.0
9743662,2023-05-01,paid_search,ios,United States,18,Freelancer,,359178.0
5713199,2024-01-27,organic,web,United States,36,Sales Rep,,
8990001,2024-11-27,referral,web,United States,18,Teacher,Employee,
6827316,2024-07-18,social,web,United States,34,Sales Rep,,465838.0
4369720,2023-11-24,organic,android,United States,35,Small Business Owner,,429365.0
6532410,2024-08-31,organic,ios,United Kingdom,36,Software Engineer,,
9809210,2024-02-28,affiliate,web,United States,35,Retired,,887201.0
8793404,2024-07-08,organic,ios,Canada,23,Teacher,,
5385536,2024-12-13,paid_search,ios,Philippines,54,Teacher,,818315.0
7941447,2024-07-07,social,android,United States,27,Teacher,,378167.0
9547085,2023-11-03,paid_search,android,United Kingdom,45,Sales Rep,,164820.0
8170837,2024-05-28,affiliate,web,United States,59,Nurse,,744167.0
3550552,2024-06-07,organic,ios,Mexico,32,Student,,999159.0
2207068,2024-07-22,paid_search,ios,Mexico,20,Consultant,,818315.0
9284960,2024-05-25,paid_search,android,Canada,24,Student,,818315.0
2043233,2023-11-15,organic,ios,Canada,33,Teacher,,
5057893,2024-02-18,organic,web,United States,53,Freelancer,,
6630761,2024-11-09,organic,web,United States,18,Unemployed,,
5614965,2023-10-19,affiliate,web,United Kingdom,33,Small Business Owner,,832180.0
4337013,2024-04-24,affiliate,ios,Canada,30,Consultant,,291335.0
9612670,2024-06-26,paid_search,web,Canada,38,Small Business Owner,,187498.0
9776510,2023-08-19,paid_search,ios,United States,39,Nurse,,141090.0
4337031,2024-12-06,affiliate,ios,United States,37,Small Business Owner,,887201.0
8891784,2024-08-21,social,web,United States,24,Small Business Owner,,378167.0
4763024,2024-08-24,organic,ios,Germany,24,Sales Rep,,
3812753,2024-06-24,affiliate,web,India,20,Nurse,,887201.0
5713297,2023-11-23,social,web,United Kingdom,34,Small Business Owner,,465838.0
1879459,2024-05-12,affiliate,ios,United States,30,Consultant,,832180.0
5975467,2024-08-14,social,web,India,36,Small Business Owner,,465838.0
4304299,2023-10-07,affiliate,android,United States,31,Student,,231932.0
1387952,2024-11-20,social,android,Canada,55,Small Business Owner,,465838.0
2534837,2024-11-22,organic,web,United States,18,Student,,
3812789,2024-02-04,referral,web,United States,31,Nurse,Community Forum,
3681719,2023-12-27,paid_search,android,United Kingdom,19,Nurse,,187498.0
2960826,2024-06-14,social,web,United States,41,Student,,378167.0
3681722,2024-07-22,social,ios,United States,29,Teacher,,465838.0
5352892,2023-01-12,organic,web,India,27,Software Engineer,,429365.0
7581118,2024-02-18,organic,ios,United States,45,Teacher,,
4894142,2024-03-27,social,web,Mexico,23,Accountant,,465838.0
6106563,2024-08-01,organic,web,Australia,56,Nurse,,
9874883,2023-10-07,organic,web,United Kingdom,43,Nurse,,
6696390,2024-07-07,paid_search,web,United States,23,Accountant,,771155.0
8039879,2023-08-30,affiliate,web,Brazil,36,Student,,887201.0
6991305,2024-02-15,paid_search,web,United States,48,Accountant,,621430.0
2600396,2023-09-17,referral,web,Canada,65,Teacher,Employee,
3190222,2024-09-03,affiliate,web,Canada,18,Freelancer,,291335.0
5287382,2024-12-19,affiliate,web,United States,18,Unemployed,,832180.0
5811671,2024-03-19,paid_search,android,Philippines,18,Retired,,237337.0
3026393,2024-10-25,organic,android,United States,29,Retired,,
1191387,2024-09-13,affiliate,ios,Australia,23,Student,,275203.0
1125851,2023-04-02,paid_search,web,Mexico,44,Retired,,164820.0
6925803,2023-11-11,affiliate,ios,United States,18,Retired,,744167.0
7843308,2024-02-06,affiliate,ios,United States,18,Consultant,,221958.0
6991342,2023-08-26,social,ios,United States,28,Student,,465838.0
7646705,2024-12-08,organic,web,United States,33,Consultant,,
4763122,2023-11-02,organic,ios,Canada,25,Software Engineer,,
8072695,2023-10-02,social,ios,United States,32,Consultant,,465838.0
3485178,2024-06-08,paid_search,web,United States,22,Retired,,164820.0
9514493,2023-09-24,affiliate,android,United States,18,Nurse,,210268.0
4730370,2024-05-28,organic,web,Nigeria,31,Retired,,
5025282,2024-09-26,organic,ios,Canada,18,Marketing Manager,,
8793604,2023-12-30,affiliate,android,United States,35,Sales Rep,,221958.0
2731530,2024-09-27,social,web,Australia,30,Marketing Manager,,465838.0
1617423,2023-10-12,organic,ios,United States,24,Freelancer,,
4861460,2024-01-06,affiliate,web,Mexico,38,Sales Rep,,744167.0
6008341,2023-12-12,organic,ios,United States,52,Teacher,,
3911190,2024-06-05,social,android,Mexico,61,Consultant,,465838.0
5778972,2023-06-28,organic,ios,Canada,40,Freelancer,,
9678376,2024-12-21,affiliate,web,Germany,42,Teacher,,221958.0
4566568,2023-03-14,organic,android,United Kingdom,33,Retired,,
1388076,2023-12-30,paid_search,web,United Kingdom,36,Freelancer,,237337.0
8367664,2024-02-18,affiliate,web,United States,30,Nurse,,275203.0
2305585,2024-10-31,paid_search,android,United States,39,Freelancer,,154886.0
4435504,2024-08-18,paid_search,android,United States,44,Accountant,,771155.0
3288627,2024-09-02,social,web,United States,22,Freelancer,,465838.0
8334901,2024-08-26,social,web,United Kingdom,51,Software Engineer,,465838.0
4009526,2024-11-22,referral,web,United States,38,Marketing Manager,Community Forum,
1519165,2023-03-27,social,ios,United Kingdom,32,Student,,378167.0
2141766,2024-03-07,referral,android,United States,28,Accountant,Community Forum,
9973326,2024-06-10,affiliate,ios,United States,29,Marketing Manager,,231932.0
1420888,2024-10-26,organic,web,United States,37,Small Business Owner,,
3714660,2024-03-17,organic,android,United States,34,Nurse,,
3255913,2024-05-09,organic,web,United States,42,Student,,
8466027,2023-12-19,affiliate,ios,United Kingdom,41,Consultant,,291335.0
7450219,2024-12-04,social,web,United States,33,Software Engineer,,465838.0
4894325,2024-05-10,affiliate,web,United States,22,Consultant,,231932.0
1093246,2024-09-06,paid_search,web,United States,36,Software Engineer,,237337.0
9416320,2024-07-27,referral,android,Brazil,26,Nurse,Partner App,
8990340,2023-12-19,organic,ios,United States,18,Unemployed,,
3092101,2023-10-07,organic,web,Philippines,36,Marketing Manager,,
7646854,2024-07-06,referral,android,Canada,19,Small Business Owner,Partner App,
8433296,2024-01-12,organic,android,United States,25,Teacher,,999159.0
3026580,2024-04-09,organic,ios,Australia,21,Small Business Owner,,999159.0
8236694,2024-07-02,organic,ios,United States,34,Small Business Owner,,
7024293,2024-08-01,organic,ios,United States,35,Retired,,
4763302,2024-04-12,paid_search,ios,Germany,46,Marketing Manager,,621430.0
5353127,2024-10-30,paid_search,android,United States,36,Student,,771155.0
4861607,2024-08-29,social,ios,India,44,Nurse,,465838.0
9514668,2024-08-28,organic,android,United States,22,Student,,
3976877,2024-07-07,organic,web,United States,46,Freelancer,,
6106799,2024-07-16,social,ios,Philippines,22,Freelancer,,378167.0
5451441,2024-09-29,paid_search,web,Mexico,19,Software Engineer,,359178.0
5156532,2024-07-11,organic,web,India,36,Teacher,,
1978039,2024-11-17,affiliate,web,Germany,31,Teacher,,221958.0
3059385,2024-05-13,social,android,United States,30,Consultant,,378167.0
3583677,2023-08-14,affiliate,android,United States,39,Marketing Manager,,210268.0
2502337,2024-04-29,social,web,United States,23,Unemployed,,378167.0
5254849,2024-06-06,affiliate,android,United States,39,Software Engineer,,744167.0
1420993,2024-04-21,paid_search,web,Canada,32,Retired,,164820.0
9809609,2024-06-17,organic,ios,India,44,Nurse,,429365.0
3878604,2024-12-14,paid_search,android,United States,22,Sales Rep,,421879.0
7843532,2024-10-14,affiliate,android,Germany,22,Marketing Manager,,210268.0
3714766,2024-01-20,paid_search,ios,United Kingdom,53,Nurse,,359178.0
9121485,2023-12-13,organic,ios,Brazil,37,Unemployed,,999159.0
6303441,2023-10-25,referral,web,United States,29,Student,Employee,
1748692,2024-05-07,paid_search,android,United States,45,Small Business Owner,,359178.0
5222102,2023-05-03,organic,ios,Nigeria,48,Student,,
9514716,2024-10-23,paid_search,android,United States,27,Accountant,,818315.0
2928356,2024-09-02,organic,ios,United Kingdom,34,Teacher,,429365.0
4599537,2024-06-19,affiliate,web,United Kingdom,55,Retired,,221958.0
7810805,2024-09-21,referral,android,Germany,25,Freelancer,Existing Customer,
6926069,2024-12-12,organic,web,United States,25,Small Business Owner,,
4894456,2023-05-02,affiliate,ios,Germany,36,Teacher,,275203.0
6893309,2024-09-19,organic,web,United States,22,Accountant,,429365.0
9875206,2024-06-19,social,android,United States,34,Freelancer,,378167.0
4173584,2024-09-04,affiliate,ios,United States,33,Nurse,,221958.0
2600720,2024-10-27,affiliate,web,United States,21,Accountant,,832180.0
8138512,2023-07-17,organic,android,Canada,28,Retired,,
7057174,2023-12-13,social,web,Philippines,54,Unemployed,,465838.0
1519385,2024-10-04,social,android,United States,37,Marketing Manager,,378167.0
9875234,2023-06-01,organic,ios,United States,22,Sales Rep,,
9973541,2024-04-24,affiliate,ios,United States,31,Retired,,291335.0
6631213,2024-04-25,social,web,United States,44,Teacher,,465838.0
1584942,2024-10-17,organic,ios,United States,33,Teacher,,
2109229,2024-08-05,organic,web,United States,37,Retired,,
8269623,2024-10-22,organic,ios,Brazil,42,Marketing Manager,,
1126202,2024-07-02,organic,ios,Mexico,53,Unemployed,,429365.0
9776957,2023-04-13,paid_search,web,United States,36,Nurse,,164820.0
7417665,2024-08-29,organic,ios,Australia,35,Student,,
6860616,2023-05-21,affiliate,ios,Philippines,37,Consultant,,744167.0
5943114,2024-03-24,social,android,India,45,Consultant,,465838.0
4861774,2024-11-09,organic,android,Brazil,29,Student,,999159.0
7483214,2023-09-14,organic,android,United States,28,Accountant,,
1158998,2024-07-16,organic,web,United States,43,Software Engineer,,
5812056,2024-06-19,social,ios,India,47,Small Business Owner,,378167.0
9744220,2024-04-29,organic,ios,Philippines,43,Marketing Manager,,
6139743,2024-11-19,organic,ios,Philippines,40,Consultant,,
1552226,2024-05-09,paid_search,android,Nigeria,40,Accountant,,621430.0
8499043,2023-05-22,organic,android,India,44,Software Engineer,,
4009828,2023-11-15,social,ios,United Kingdom,33,Retired,,465838.0
9482084,2024-12-24,organic,web,United Kingdom,40,Teacher,,
3026793,2024-08-23,affiliate,android,Mexico,43,Accountant,,887201.0
7188343,2024-07-13,referral,android,United States,27,Nurse,Partner App,
4927352,2024-11-02,affiliate,android,Philippines,52,Unemployed,,832180.0
4829049,2024-09-01,paid_search,web,United States,41,Sales Rep,,421879.0
8499066,2023-08-10,organic,web,United States,41,Teacher,,
7155579,2023-06-22,organic,android,United Kingdom,26,Student,,999159.0
8433533,2024-07-10,affiliate,ios,Canada,42,Accountant,,887201.0
3026819,2024-05-01,paid_search,ios,India,38,Sales Rep,,164820.0
8531844,2024-06-12,social,web,United Kingdom,46,Sales Rep,,465838.0
5713797,2024-12-10,social,web,Australia,28,Retired,,465838.0
4534150,2024-09-27,organic,android,India,25,Freelancer,,
1257354,2024-10-04,social,ios,Mexico,40,Sales Rep,,465838.0
2764688,2024-12-08,paid_search,android,United States,32,Marketing Manager,,187498.0
1814422,2023-03-23,social,web,United States,38,Teacher,,465838.0
4239254,2024-02-27,referral,web,India,29,Nurse,Employee,
4403096,2023-08-14,organic,ios,United States,31,Marketing Manager,,
2764694,2024-05-27,organic,ios,United States,50,Teacher,,
1322918,2023-11-12,organic,web,India,40,Marketing Manager,,
4992942,2023-11-28,affiliate,android,Australia,55,Teacher,,221958.0
3387312,2024-03-01,organic,web,United Kingdom,41,Consultant,,
1421240,2024-12-01,paid_search,android,Australia,35,Software Engineer,,771155.0
8105924,2024-01-27,affiliate,android,Canada,43,Marketing Manager,,744167.0
9220038,2024-10-18,organic,web,Australia,42,Accountant,,
5877708,2024-07-05,organic,android,United States,36,Unemployed,,
1486799,2023-12-26,affiliate,ios,Canada,34,Small Business Owner,,210268.0
2797519,2024-08-09,organic,web,Canada,40,Software Engineer,,
6500306,2024-07-16,organic,ios,United States,30,Small Business Owner,,
2568146,2023-11-29,affiliate,android,Mexico,28,Teacher,,291335.0
9580504,2023-09-13,affiliate,ios,United Kingdom,18,Teacher,,291335.0
4304860,2023-07-24,paid_search,ios,United Kingdom,24,Small Business Owner,,359178.0
9121757,2024-09-14,social,web,Philippines,52,Small Business Owner,,465838.0
7548894,2023-08-31,organic,android,United States,22,Teacher,,999159.0
1421280,2023-06-25,social,android,Germany,57,Student,,465838.0
3485670,2024-06-22,organic,android,Nigeria,43,Marketing Manager,,
2404330,2023-09-24,paid_search,android,United States,56,Software Engineer,,141090.0
2830314,2024-01-27,organic,ios,Mexico,59,Marketing Manager,,
2863082,2023-11-09,affiliate,web,United States,32,Nurse,,210268.0
6795250,2023-03-10,organic,web,United Kingdom,31,Accountant,,
1224695,2023-11-10,organic,web,Philippines,18,Marketing Manager,,
2207739,2024-05-27,affiliate,web,Germany,27,Accountant,,832180.0
2404355,2024-03-06,affiliate,ios,United States,18,Student,,275203.0
4403209,2024-08-01,organic,android,United States,18,Small Business Owner,,
9351184,2024-04-01,organic,web,Brazil,24,Accountant,,999159.0
6336530,2024-10-16,organic,android,United States,30,Teacher,,
8138780,2024-10-29,social,ios,India,39,Teacher,,378167.0
1880096,2024-05-09,organic,ios,United Kingdom,31,Teacher,,
3256356,2024-06-01,organic,web,Germany,31,Freelancer,,
9777198,2024-08-06,affiliate,ios,United States,36,Student,,275203.0
1749045,2024-06-16,social,android,United Kingdom,31,Consultant,,465838.0
9941047,2024-04-12,paid_search,web,Canada,52,Accountant,,164820.0
4632632,2023-05-31,organic,ios,United States,47,Student,,
4599865,2024-12-30,paid_search,ios,United States,27,Accountant,,359178.0
9121849,2024-11-04,social,web,United Kingdom,32,Software Engineer,,465838.0
6369337,2024-12-28,paid_search,web,United States,37,Freelancer,,621430.0
2502718,2024-07-31,organic,ios,United States,37,Unemployed,,
2437188,2024-12-02,social,web,United States,30,Software Engineer,,465838.0
9351245,2024-06-22,social,web,United States,35,Teacher,,465838.0
8466511,2024-06-07,social,ios,Philippines,28,Software Engineer,,378167.0
5746771,2024-10-17,organic,web,United States,36,Consultant,,
3977299,2023-09-30,organic,web,Nigeria,44,Student,,
3846230,2024-06-30,social,ios,United States,31,Unemployed,,465838.0
7483485,2024-03-25,organic,web,Mexico,35,Unemployed,,
7417954,2024-12-26,paid_search,web,United States,30,Software Engineer,,164820.0
3551331,2024-11-28,paid_search,web,Mexico,27,Software Engineer,,421879.0
4010087,2023-12-24,paid_search,web,United States,37,Nurse,,818315.0
1847405,2023-11-12,organic,web,India,20,Retired,,
2732141,2023-12-27,paid_search,ios,United States,26,Unemployed,,237337.0
7942263,2024-07-27,paid_search,ios,United States,46,Retired,,164820.0
8597626,2024-12-11,organic,ios,Canada,21,Freelancer,,429365.0
6238331,2024-08-06,social,ios,Nigeria,43,Marketing Manager,,465838.0
9547900,2024-02-24,organic,ios,United Kingdom,43,Consultant,,999159.0
3846274,2023-03-31,affiliate,web,United Kingdom,33,Teacher,,887201.0
2863236,2024-08-29,affiliate,web,United States,32,Unemployed,,291335.0
5910662,2024-11-26,social,android,United States,30,Software Engineer,,378167.0
8204425,2023-07-03,affiliate,android,United States,38,Small Business Owner,,275203.0
4010129,2024-03-25,paid_search,web,India,29,Consultant,,164820.0
5025942,2023-10-14,organic,android,United Kingdom,39,Unemployed,,
7319707,2024-11-27,affiliate,ios,United Kingdom,23,Teacher,,744167.0
6205597,2024-03-22,paid_search,web,United States,46,Software Engineer,,771155.0
4501661,2024-05-14,paid_search,android,United Kingdom,40,Retired,,237337.0
9908385,2024-07-11,paid_search,ios,Germany,18,Teacher,,621430.0
2076837,2024-05-13,affiliate,web,Mexico,45,Sales Rep,,231932.0
1978534,2024-04-29,paid_search,android,United States,44,Unemployed,,187498.0
3518638,2023-10-03,paid_search,web,India,47,Sales Rep,,771155.0
4239536,2024-08-06,organic,web,Mexico,41,Student,,999159.0
3584182,2024-07-13,social,android,Mexico,41,Teacher,,378167.0
6500545,2024-02-27,referral,ios,United States,20,Nurse,Employee,
1388742,2024-12-01,organic,ios,United Kingdom,19,Unemployed,,
6303943,2024-05-17,affiliate,android,Canada,43,Sales Rep,,744167.0
6533326,2024-11-02,affiliate,web,Canada,37,Sales Rep,,832180.0
1257681,2024-08-24,organic,ios,Brazil,18,Retired,,
4862163,2024-09-26,organic,android,Nigeria,36,Accountant,,999159.0
8499412,2024-11-28,organic,android,United States,20,Software Engineer,,
6172886,2024-12-19,organic,web,United States,18,Retired,,999159.0
7778519,2024-06-26,organic,web,United States,56,Consultant,,
4239576,2023-09-06,social,android,United States,23,Unemployed,,378167.0
2404568,2024-11-03,organic,web,Mexico,18,Retired,,
6959322,2024-09-27,organic,web,United States,18,Student,,429365.0
3911898,2023-11-12,organic,web,United States,46,Sales Rep,,
1061087,2024-03-06,organic,ios,Germany,21,Unemployed,,
7647463,2024-04-21,affiliate,ios,Brazil,43,Accountant,,210268.0
2601207,2024-03-29,affiliate,web,Nigeria,38,Marketing Manager,,887201.0
6107385,2024-09-02,referral,ios,Australia,37,Retired,Partner App,
5517562,2024-03-02,organic,ios,Brazil,21,Software Engineer,,
8237310,2023-10-27,organic,android,Canada,31,Teacher,,
4337920,2023-10-23,organic,ios,Mexico,31,Sales Rep,,
4370698,2023-11-25,paid_search,android,United Kingdom,31,Student,,621430.0
2339083,2023-09-02,social,android,United States,45,Freelancer,,465838.0
2076941,2023-09-25,affiliate,web,United States,31,Accountant,,221958.0
3780877,2024-11-03,organic,ios,United States,41,Marketing Manager,,999159.0
7188753,2024-11-14,organic,web,United States,35,Student,,
2699547,2024-08-23,affiliate,web,India,21,Consultant,,221958.0
4174108,2023-09-07,paid_search,ios,United States,40,Consultant,,187498.0
4436252,2024-04-15,organic,android,Canada,42,Unemployed,,
5058848,2023-04-06,affiliate,web,India,29,Software Engineer,,275203.0
5124390,2024-01-30,affiliate,ios,United States,38,Freelancer,,221958.0
6893868,2023-11-08,organic,web,Brazil,18,Teacher,,
7713070,2024-12-17,affiliate,ios,United States,41,Unemployed,,275203.0
4108591,2023-03-10,social,android,United States,62,Unemployed,,465838.0
9548080,2024-05-23,affiliate,ios,United States,28,Nurse,,832180.0
7876913,2024-03-08,organic,ios,United States,40,Unemployed,,
7024945,2023-04-15,paid_search,ios,Mexico,30,Teacher,,818315.0
2208052,2024-07-13,organic,android,Canada,41,Software Engineer,,
8433976,2024-08-24,paid_search,ios,Canada,32,Software Engineer,,621430.0
8433980,2024-02-21,organic,ios,Mexico,21,Student,,
2208060,2023-06-23,paid_search,web,Canada,19,Marketing Manager,,818315.0
3158344,2023-11-16,paid_search,ios,United States,45,Freelancer,,141090.0
9843026,2024-08-19,paid_search,android,United States,18,Software Engineer,,771155.0
1421655,2024-06-06,organic,web,United Kingdom,41,Consultant,,429365.0
1225049,2023-12-29,social,web,United States,29,Student,,378167.0
2896220,2023-12-28,social,android,United States,42,Accountant,,465838.0
1880412,2024-09-24,organic,web,India,43,Teacher,,
6238561,2024-12-12,organic,ios,Mexico,30,Marketing Manager,,
5091685,2024-09-09,organic,android,Brazil,58,Unemployed,,
8073575,2024-04-14,referral,ios,Brazil,32,Marketing Manager,Employee,
1880432,2024-02-04,paid_search,android,United Kingdom,42,Teacher,,164820.0
4895090,2024-09-12,organic,web,United States,30,Consultant,,
5091701,2023-05-05,social,ios,United Kingdom,34,Unemployed,,378167.0
3977590,2024-05-22,paid_search,web,United States,29,Student,,818315.0
6304120,2024-04-30,paid_search,ios,United Kingdom,33,Sales Rep,,359178.0
3027320,2024-04-09,organic,android,United States,18,Software Engineer,,
9711998,2023-10-29,organic,android,United States,30,Small Business Owner,,
8532351,2024-11-14,paid_search,web,Mexico,38,Freelancer,,164820.0
9482626,2023-11-30,affiliate,ios,United States,26,Marketing Manager,,291335.0
4600200,2024-11-15,organic,android,Mexico,36,Software Engineer,,
2699660,2023-06-15,paid_search,web,India,50,Nurse,,187498.0
5157263,2023-09-07,social,android,Canada,37,Software Engineer,,465838.0
1061264,2024-04-09,affiliate,web,United Kingdom,34,Marketing Manager,,291335.0
5124499,2024-02-09,affiliate,web,India,31,Freelancer,,231932.0
3420564,2024-06-29,social,ios,Germany,31,Small Business Owner,,465838.0
5419425,2023-06-10,organic,ios,Nigeria,38,Nurse,,
6238631,2024-08-23,affiliate,web,India,30,Small Business Owner,,887201.0
7877037,2024-11-01,affiliate,web,United States,21,Consultant,,221958.0
9810351,2024-10-17,paid_search,web,United States,18,Teacher,,359178.0
2732465,2024-01-25,organic,ios,United Kingdom,42,Consultant,,
5779897,2023-09-15,organic,web,Nigeria,54,Sales Rep,,
3715514,2024-03-19,social,web,United States,51,Student,,378167.0
8892861,2024-03-09,referral,web,United States,22,Software Engineer,Existing Customer,
9318849,2024-01-04,referral,android,Australia,51,Marketing Manager,Community Forum,
1454529,2024-04-06,affiliate,web,United States,47,Retired,,744167.0
8630725,2024-06-16,affiliate,ios,United Kingdom,40,Software Engineer,,275203.0
7025095,2024-07-31,affiliate,web,United States,33,Software Engineer,,221958.0
7516616,2023-07-07,organic,ios,United Kingdom,36,Accountant,,
8040906,2024-12-15,organic,ios,United States,29,Unemployed,,
9810381,2024-12-24,organic,web,Nigeria,48,Teacher,,
3518929,2024-03-05,affiliate,android,Mexico,48,Unemployed,,887201.0
7221714,2024-01-18,paid_search,ios,United States,18,Software Engineer,,359178.0
5714386,2024-09-02,organic,web,United States,60,Marketing Manager,,
1978836,2023-08-27,social,web,United States,50,Sales Rep,,378167.0
8466897,2024-12-17,paid_search,web,United States,21,Freelancer,,164820.0
3715548,2024-02-12,organic,android,United States,36,Sales Rep,,
2372070,2024-10-15,paid_search,web,Canada,18,Small Business Owner,,771155.0
9875943,2023-08-23,paid_search,web,Brazil,35,Consultant,,141090.0
8991208,2024-04-24,organic,ios,Brazil,47,Software Engineer,,
8204776,2024-12-03,social,android,United States,19,Retired,,378167.0
9908720,2023-12-30,paid_search,android,India,37,Marketing Manager,,359178.0
4665842,2024-04-12,organic,web,India,46,Software Engineer,,
5976563,2024-05-26,referral,android,United States,29,Sales Rep,Partner App,
7746037,2023-10-19,paid_search,android,United States,41,Software Engineer,,164820.0
9449975,2023-10-01,organic,ios,United States,39,Consultant,,
8761850,2024-05-29,referral,android,United States,41,Small Business Owner,Partner App,
3518970,2024-01-18,organic,ios,United Kingdom,31,Student,,
6697469,2024-07-04,paid_search,android,Canada,34,Marketing Manager,,818315.0
7156225,2024-04-05,social,android,Philippines,34,Nurse,,465838.0
2765317,2024-06-26,organic,web,United Kingdom,38,Marketing Manager,,
6697478,2024-09-08,affiliate,web,United States,18,Unemployed,,291335.0
9286151,2024-06-19,paid_search,web,Australia,33,Accountant,,359178.0
1192458,2024-12-10,organic,ios,Canada,52,Consultant,,429365.0
9417233,2024-12-22,paid_search,android,United Kingdom,24,Teacher,,141090.0
1716756,2024-10-27,organic,web,United States,47,Retired,,
6271513,2024-12-07,social,web,India,43,Consultant,,378167.0
1618467,2024-12-16,affiliate,ios,United States,34,Unemployed,,832180.0
8663589,2024-03-28,affiliate,ios,India,37,Consultant,,231932.0
5911077,2023-09-24,organic,ios,United States,40,Small Business Owner,,
5616167,2024-11-19,social,ios,United States,32,Accountant,,465838.0
1978935,2024-06-12,organic,android,Mexico,18,Accountant,,
2961977,2024-05-07,referral,web,United States,38,Sales Rep,Existing Customer,
2241082,2024-09-09,organic,android,Philippines,20,Nurse,,
1684029,2024-06-20,affiliate,ios,United Kingdom,29,Software Engineer,,744167.0
1192512,2023-12-13,social,web,United Kingdom,33,Freelancer,,378167.0
1225281,2024-11-27,social,ios,United States,37,Software Engineer,,378167.0
7254597,2023-12-13,organic,web,United Kingdom,38,Consultant,,
4993611,2024-10-06,social,web,Germany,20,Small Business Owner,,465838.0
7778892,2024-07-03,affiliate,ios,Australia,23,Marketing Manager,,275203.0
6107742,2024-03-03,affiliate,android,Philippines,37,Small Business Owner,,744167.0
4928094,2024-08-23,affiliate,web,United States,42,Consultant,,744167.0
3322466,2024-01-31,paid_search,ios,Philippines,31,Freelancer,,164820.0
2404962,2024-09-25,social,web,Germany,33,Student,,378167.0
2667108,2024-10-24,organic,ios,United Kingdom,18,Small Business Owner,,
8827494,2024-10-21,organic,android,United States,39,Retired,,
8467048,2023-12-02,organic,android,Mexico,39,Sales Rep,,
7549546,2024-05-21,organic,web,Brazil,44,Teacher,,
7025261,2024-02-02,organic,web,United Kingdom,33,Sales Rep,,
6795886,2024-12-05,affiliate,android,United States,55,Software Engineer,,275203.0
4567675,2024-01-14,affiliate,web,India,27,Software Engineer,,275203.0
2601596,2024-04-12,social,ios,United Kingdom,35,Student,,465838.0
4928125,2024-12-05,referral,web,Nigeria,54,Student,Employee,
6369919,2024-09-18,organic,ios,Philippines,44,Small Business Owner,,
2339462,2024-08-18,affiliate,web,Brazil,35,Student,,275203.0
6926983,2024-08-10,social,web,United States,27,Accountant,,465838.0
1782409,2024-08-26,affiliate,web,Canada,18,Freelancer,,887201.0
6730385,2024-11-20,affiliate,android,Australia,22,Unemployed,,291335.0
1487510,2024-07-16,organic,web,Australia,26,Nurse,,999159.0
3322523,2023-07-09,paid_search,ios,United States,44,Software Engineer,,421879.0
1225391,2024-03-10,affiliate,ios,India,45,Student,,291335.0
4731570,2024-11-20,social,web,United Kingdom,58,Teacher,,378167.0
8270518,2023-12-01,affiliate,android,Brazil,34,Software Engineer,,291335.0
3158714,2024-04-16,social,android,United States,30,Nurse,,465838.0
3650235,2024-04-01,paid_search,ios,United Kingdom,38,Teacher,,237337.0
8467133,2024-02-16,organic,ios,United States,28,Freelancer,,
6533831,2023-12-19,organic,ios,United States,25,Small Business Owner,,
4305610,2024-12-02,paid_search,ios,Brazil,24,Retired,,154886.0
5845710,2024-09-29,organic,android,Mexico,46,Unemployed,,429365.0
4928207,2023-04-19,organic,web,India,18,Sales Rep,,
6173395,2023-09-04,referral,web,Canada,35,Marketing Manager,Partner App,
2765524,2024-11-17,paid_search,web,Canada,39,Unemployed,,187498.0
2634461,2024-04-14,organic,web,United States,28,Freelancer,,
4993767,2023-03-29,organic,web,United States,40,Marketing Manager,,429365.0
2142953,2024-03-04,paid_search,web,United States,50,Retired,,237337.0
6730482,2024-01-23,social,android,United States,24,Marketing Manager,,465838.0
5976820,2024-11-11,referral,android,India,33,Retired,Employee,
2962165,2024-01-21,affiliate,web,Philippines,26,Unemployed,,221958.0
2831094,2024-07-02,affiliate,android,United Kingdom,24,Freelancer,,221958.0
1290998,2023-07-18,social,web,Brazil,44,Student,,465838.0
8008443,2023-11-13,social,web,Philippines,33,Consultant,,378167.0
6304509,2024-02-25,organic,ios,Philippines,50,Marketing Manager,,
5092097,2024-11-30,organic,ios,United Kingdom,18,Small Business Owner,,
1913605,2024-04-03,organic,ios,Canada,31,Consultant,,999159.0
4338442,2023-11-15,paid_search,android,United States,27,Retired,,154886.0
3126028,2024-08-12,paid_search,android,United States,18,Student,,187498.0
1028885,2024-06-25,affiliate,web,India,37,Small Business Owner,,275203.0
2011930,2023-09-05,paid_search,web,Australia,32,Freelancer,,818315.0
4207393,2024-12-02,organic,web,Germany,36,Teacher,,
2863907,2024-02-21,social,ios,United States,26,Small Business Owner,,378167.0
6140709,2024-08-20,referral,ios,United States,42,Freelancer,Existing Customer,
8303398,2024-02-20,paid_search,android,United States,56,Accountant,,818315.0
4764455,2024-07-14,organic,ios,Canada,35,Accountant,,
4829994,2024-07-08,paid_search,ios,Germany,30,Sales Rep,,164820.0
9483063,2024-01-01,social,ios,India,34,Software Engineer,,465838.0
3453752,2023-12-16,organic,android,Philippines,36,Software Engineer,,
7123769,2024-07-10,social,web,Philippines,18,Student,,378167.0
8139580,2024-11-26,paid_search,web,United States,41,Accountant,,771155.0
6271810,2024-08-12,affiliate,ios,United Kingdom,31,Teacher,,221958.0
6337355,2024-11-28,organic,ios,United Kingdom,39,Retired,,
4305742,2024-03-11,affiliate,web,Australia,43,Teacher,,210268.0
7615316,2023-12-25,referral,web,United Kingdom,59,Retired,Community Forum,
8139608,2024-04-17,paid_search,ios,Nigeria,36,Freelancer,,154886.0
1487707,2024-04-17,referral,ios,United States,33,Teacher,Existing Customer,
7254887,2024-08-22,social,ios,Canada,28,Accountant,,378167.0
5911408,2024-04-19,paid_search,web,Australia,29,Student,,187498.0
6042486,2023-09-23,paid_search,android,Philippines,43,Freelancer,,771155.0
9450361,2024-10-19,paid_search,web,Nigeria,21,Software Engineer,,187498.0
6959996,2024-06-18,organic,ios,United States,42,Freelancer,,
3650432,2024-04-07,affiliate,web,Germany,35,Software Engineer,,210268.0
4567945,2023-10-18,affiliate,ios,India,40,Small Business Owner,,231932.0
5649292,2024-06-01,social,web,United States,38,Nurse,,465838.0
4502415,2024-11-01,affiliate,web,United States,43,Nurse,,291335.0
5354385,2024-01-01,referral,ios,United Kingdom,37,Sales Rep,Employee,
7615379,2024-09-15,paid_search,android,United States,38,Unemployed,,237337.0
2569123,2024-03-05,social,web,United Kingdom,37,Accountant,,378167.0
7091111,2024-11-04,affiliate,android,United States,43,Sales Rep,,221958.0
4830121,2024-03-14,paid_search,web,United States,29,Unemployed,,771155.0
9352110,2024-05-07,organic,android,India,24,Retired,,
8336302,2024-06-17,referral,ios,Brazil,66,Freelancer,Community Forum,
2110389,2024-10-31,referral,web,Germany,41,Small Business Owner,Partner App,
2995127,2023-10-29,organic,android,Brazil,41,Teacher,,
8663998,2024-06-30,paid_search,web,Brazil,30,Retired,,187498.0
4404158,2024-07-11,organic,ios,Philippines,63,Small Business Owner,,999159.0
3552192,2023-11-21,affiliate,android,United States,20,Nurse,,887201.0
8008642,2024-06-23,organic,web,Australia,21,Unemployed,,
2470851,2024-11-08,affiliate,web,Philippines,30,Retired,,231932.0
3650503,2023-11-21,organic,web,Philippines,32,Small Business Owner,,
5256146,2024-09-21,organic,web,Philippines,42,Sales Rep,,
1749971,2024-06-23,organic,web,United States,43,Small Business Owner,,
7353300,2024-12-15,organic,web,Australia,21,Sales Rep,,
9614295,2024-10-02,paid_search,android,United Kingdom,32,Sales Rep,,164820.0
3650527,2023-05-11,paid_search,web,United States,33,Accountant,,141090.0
6796260,2024-09-07,referral,web,Mexico,38,Teacher,Partner App,
1029092,2024-11-25,referral,android,United States,45,Small Business Owner,Employee,
4666344,2024-09-01,paid_search,ios,Brazil,21,Teacher,,621430.0
8827881,2024-12-02,paid_search,ios,United Kingdom,28,Freelancer,,421879.0
9745386,2023-08-23,organic,web,United States,18,Marketing Manager,,
8729578,2024-01-16,affiliate,web,United States,38,Freelancer,,210268.0
4338669,2024-08-09,paid_search,android,India,35,Student,,154886.0
9647088,2024-04-10,referral,android,United Kingdom,32,Student,Community Forum,
5354489,2024-08-23,paid_search,web,Mexico,44,Freelancer,,421879.0
8795134,2024-11-24,social,ios,Nigeria,46,Unemployed,,378167.0
7156738,2023-12-17,paid_search,web,United Kingdom,45,Small Business Owner,,771155.0
7615492,2023-03-10,affiliate,android,United States,21,Marketing Manager,,291335.0
7484427,2023-11-14,organic,ios,United States,29,Teacher,,
3519507,2024-05-14,paid_search,web,United States,36,Software Engineer,,154886.0
3781652,2024-08-17,organic,android,United States,31,Sales Rep,,
1258517,2024-08-02,affiliate,web,United States,51,Unemployed,,221958.0
5583897,2024-06-20,affiliate,android,United States,46,Software Engineer,,210268.0
4371484,2023-10-11,organic,web,United States,32,Unemployed,,
7353385,2023-03-24,affiliate,ios,United States,30,Nurse,,744167.0
1422381,2024-07-10,paid_search,ios,Germany,24,Freelancer,,421879.0
4633646,2023-11-17,referral,ios,Brazil,40,Student,Community Forum,
8303667,2024-08-31,affiliate,android,Germany,42,Nurse,,744167.0
5125186,2024-05-24,organic,web,United States,19,Marketing Manager,,
7189573,2024-06-01,social,android,United States,18,Teacher,,465838.0
8139845,2023-07-22,affiliate,web,United Kingdom,21,Teacher,,291335.0
4961352,2023-12-13,organic,web,United States,48,Freelancer,,
5682251,2024-01-21,social,ios,Australia,45,Software Engineer,,378167.0
8303693,2024-05-17,affiliate,android,Canada,36,Student,,832180.0
1782877,2024-12-04,paid_search,web,United Kingdom,36,Small Business Owner,,154886.0
4502626,2023-09-16,paid_search,android,United States,18,Consultant,,359178.0
4502630,2024-05-03,social,web,United States,55,Small Business Owner,,378167.0
2896999,2024-03-17,paid_search,web,Nigeria,48,Marketing Manager,,141090.0
4699243,2023-07-21,paid_search,web,Mexico,32,Software Engineer,,771155.0
7681134,2023-09-28,organic,web,Philippines,57,Unemployed,,
3716207,2024-12-07,paid_search,ios,United States,38,Teacher,,164820.0
1651824,2023-12-13,organic,android,Germany,29,Teacher,,
7484531,2024-06-13,organic,ios,United States,33,Retired,,
4502646,2024-06-29,affiliate,android,Australia,22,Freelancer,,275203.0
8860791,2024-05-02,organic,web,United Kingdom,33,Accountant,,
4600952,2024-05-14,organic,ios,United States,25,Teacher,,
5911672,2024-01-09,affiliate,ios,United Kingdom,32,Unemployed,,832180.0
4600957,2024-11-09,organic,ios,United States,42,Freelancer,,
3748996,2023-08-30,paid_search,android,India,23,Marketing Manager,,237337.0
9221252,2024-04-11,organic,android,United States,28,Teacher,,
7517320,2023-09-01,social,android,Mexico,18,Sales Rep,,465838.0
7550091,2023-12-11,affiliate,web,Brazil,25,Accountant,,210268.0
8238225,2024-08-07,organic,web,Philippines,44,Retired,,
4535443,2024-05-30,affiliate,web,Canada,43,Accountant,,231932.0
3585181,2024-11-22,organic,ios,Canada,32,Freelancer,,429365.0
4011165,2024-08-12,social,ios,India,37,Retired,,465838.0
2667690,2024-08-17,organic,ios,Philippines,18,Freelancer,,
4928683,2024-12-06,paid_search,android,United States,24,Freelancer,,154886.0
9876659,2024-10-10,affiliate,android,United States,22,Small Business Owner,,744167.0
4437172,2023-05-17,affiliate,ios,United States,41,Sales Rep,,291335.0
3126453,2023-06-28,organic,web,India,26,Retired,,
6403252,2024-07-17,referral,android,Canada,31,Marketing Manager,Community Forum,
1684659,2024-08-10,paid_search,web,India,49,Consultant,,771155.0
7124152,2024-05-26,social,web,United States,26,Marketing Manager,,378167.0
5944505,2024-04-23,referral,android,Brazil,18,Software Engineer,Employee,
2208957,2024-12-19,organic,android,United States,18,Student,,
4633795,2024-08-25,affiliate,android,United Kingdom,46,Teacher,,231932.0
1291464,2024-02-24,organic,android,United States,24,Sales Rep,,
4666569,2023-09-16,social,android,United States,52,Freelancer,,465838.0
5747924,2024-03-24,affiliate,ios,United Kingdom,32,Small Business Owner,,275203.0
4895958,2024-11-11,organic,web,United States,18,Consultant,,
9417944,2024-12-30,organic,android,Mexico,20,Accountant,,
6862044,2024-05-22,paid_search,web,United Kingdom,39,Teacher,,621430.0
2012384,2024-12-03,referral,web,United States,39,Freelancer,Employee,
6272225,2023-08-01,organic,web,Mexico,43,Consultant,,
8565991,2024-07-01,paid_search,android,United States,25,Teacher,,621430.0
4469992,2024-06-30,affiliate,ios,United States,28,Student,,744167.0
7353575,2024-06-11,organic,android,United States,25,Accountant,,
8205547,2024-01-20,paid_search,ios,Germany,38,Marketing Manager,,421879.0
6927613,2024-09-10,referral,web,Australia,27,Consultant,Employee,
4699391,2023-06-06,organic,ios,Canada,37,Small Business Owner,,
4240641,2024-02-19,organic,web,Australia,18,Unemployed,,
2995457,2024-10-24,affiliate,web,India,37,Nurse,,291335.0
4699397,2024-07-01,organic,web,India,36,Unemployed,,
8369434,2024-03-09,paid_search,android,Philippines,25,Accountant,,771155.0
1783066,2023-03-13,referral,web,United States,36,Freelancer,Existing Customer,
3945759,2023-04-06,affiliate,ios,Germany,18,Small Business Owner,,210268.0
7779617,2023-10-17,affiliate,android,United States,28,Consultant,,275203.0
8074533,2024-07-26,affiliate,web,Germany,22,Accountant,,210268.0
1586470,2024-12-06,organic,ios,Canada,35,Software Engineer,,
3323176,2024-01-30,organic,ios,United States,29,Sales Rep,,
6534448,2024-10-17,paid_search,web,United States,41,Nurse,,818315.0
9811249,2023-12-01,organic,web,Brazil,24,Consultant,,
6010168,2024-01-11,organic,android,Brazil,27,Student,,429365.0
4764993,2024-10-29,paid_search,ios,United States,21,Freelancer,,621430.0
7779651,2024-12-20,social,ios,India,53,Teacher,,378167.0
1455433,2024-05-12,paid_search,ios,United States,18,Freelancer,,818315.0
2274634,2024-06-12,affiliate,ios,Brazil,48,Teacher,,210268.0
4732238,2024-06-27,organic,android,United States,49,Unemployed,,
6567248,2024-11-28,organic,ios,Mexico,29,Software Engineer,,
9123155,2024-09-08,organic,ios,Mexico,26,Student,,
2798954,2024-10-18,social,android,Canada,32,Student,,378167.0
4273523,2024-12-13,social,web,United Kingdom,22,Small Business Owner,,378167.0
1914228,2024-02-22,organic,android,Brazil,29,Nurse,,
1095028,2024-07-11,organic,android,United States,44,Student,,429365.0
5027187,2024-12-18,paid_search,android,India,18,Marketing Manager,,359178.0
4765056,2024-08-20,organic,web,Mexico,40,Student,,
8304000,2024-07-03,organic,ios,India,32,Teacher,,
5584258,2023-09-19,paid_search,web,United States,57,Teacher,,771155.0
9090433,2024-10-30,paid_search,web,United States,33,Consultant,,359178.0
6600068,2024-12-07,referral,ios,Canada,24,Sales Rep,Existing Customer,
3487111,2023-07-18,paid_search,web,United States,28,Consultant,,237337.0
9778570,2024-09-19,organic,android,Philippines,29,Nurse,,
4961676,2024-04-04,paid_search,web,United States,48,Student,,818315.0
5289361,2024-12-14,organic,web,United States,32,Student,,
2635156,2024-10-07,paid_search,ios,United States,35,Student,,164820.0
8402324,2024-07-30,social,ios,United States,29,Marketing Manager,,465838.0
4404629,2023-11-04,organic,android,India,23,Sales Rep,,
8467866,2024-02-01,organic,android,Brazil,18,Nurse,,
2143647,2024-04-03,affiliate,ios,United States,49,Small Business Owner,,221958.0
7124386,2024-06-20,paid_search,android,Germany,36,Retired,,154886.0
9123236,2024-04-07,organic,android,United States,29,Student,,999159.0
5813673,2024-05-20,social,web,United States,33,Teacher,,465838.0
7321001,2024-08-10,paid_search,ios,Canada,34,Nurse,,154886.0
6010281,2024-04-02,organic,ios,United Kingdom,42,Marketing Manager,,
7615920,2023-07-06,paid_search,android,United Kingdom,22,Consultant,,141090.0
2307506,2024-12-17,social,web,Germany,45,Consultant,,465838.0
4044221,2024-02-16,organic,web,United States,28,Accountant,,
6895038,2024-08-03,affiliate,web,Philippines,35,Retired,,744167.0
9614787,2024-03-06,affiliate,ios,Canada,20,Sales Rep,,221958.0
2962889,2024-04-26,organic,ios,Germany,20,Student,,
3192271,2024-06-21,paid_search,web,United States,20,Student,,359178.0
1783258,2023-11-16,organic,ios,Brazil,18,Retired,,
2766299,2024-01-28,organic,web,United States,37,Small Business Owner,,
4994528,2024-09-19,organic,ios,Canada,33,Accountant,,
4077026,2024-04-11,social,android,Nigeria,30,Retired,,465838.0
6370807,2024-05-23,organic,android,United States,21,Student,,
2569720,2023-12-04,referral,web,United States,50,Software Engineer,Community Forum,
7714301,2024-11-17,affiliate,ios,United States,18,Teacher,,744167.0
1979907,2024-01-20,organic,web,Germany,40,Software Engineer,,
5322252,2024-02-27,social,web,Philippines,21,Marketing Manager,,465838.0
1226256,2024-11-28,organic,ios,India,39,Accountant,,
6534693,2024-05-13,paid_search,android,United Kingdom,46,Freelancer,,359178.0
2045482,2023-04-04,organic,ios,United States,25,Marketing Manager,,
4077099,2024-04-24,social,web,Germany,19,Software Engineer,,465838.0
7321136,2024-02-28,referral,android,Mexico,20,Nurse,Employee,
2897459,2023-05-10,organic,web,Brazil,33,Small Business Owner,,
6108728,2024-12-26,affiliate,web,Nigeria,33,Marketing Manager,,210268.0
8042049,2023-04-19,paid_search,web,United States,25,Software Engineer,,141090.0
1160775,2023-07-24,paid_search,ios,United States,57,Unemployed,,359178.0
4634183,2024-08-20,affiliate,web,United States,38,Accountant,,221958.0
3913293,2024-12-23,organic,ios,India,24,Unemployed,,429365.0
3126861,2024-06-16,paid_search,ios,Philippines,40,Nurse,,818315.0
5584470,2024-06-06,social,ios,Mexico,20,Freelancer,,378167.0
1521244,2024-06-17,affiliate,ios,Brazil,56,Unemployed,,231932.0
1029725,2024-07-06,social,web,United States,31,Small Business Owner,,465838.0
2897501,2024-12-26,social,web,India,27,Accountant,,378167.0
2045533,2024-09-13,organic,ios,Canada,42,Marketing Manager,,
4732517,2023-12-04,organic,web,Mexico,28,Consultant,,
4798057,2024-05-17,organic,ios,United States,38,Retired,,
9451115,2024-10-11,affiliate,ios,Australia,42,Freelancer,,832180.0
9057907,2024-08-08,social,android,Brazil,28,Consultant,,378167.0
8271476,2024-04-05,affiliate,web,United Kingdom,42,Consultant,,832180.0
4503157,2023-12-07,referral,ios,United States,32,Marketing Manager,Partner App,
6698618,2024-08-30,organic,ios,United States,38,Small Business Owner,,429365.0
6927997,2024-09-08,organic,android,United Kingdom,36,Sales Rep,,
1947272,2024-07-12,paid_search,ios,United States,49,Marketing Manager,,621430.0
4372105,2024-06-11,referral,android,United States,18,Student,Employee,
2504329,2024-02-17,social,android,United States,35,Nurse,,378167.0
4077195,2024-01-26,paid_search,android,India,21,Retired,,621430.0
9418385,2023-12-19,social,ios,Australia,48,Teacher,,465838.0
5158549,2024-05-24,organic,web,Philippines,28,Accountant,,
6305431,2023-12-06,referral,web,Germany,33,Accountant,Employee,
5912216,2024-10-12,referral,android,Germany,22,Teacher,Employee,
8795807,2024-08-12,organic,ios,Mexico,30,Small Business Owner,,
7976610,2024-11-06,organic,android,United States,18,Marketing Manager,,999159.0
5289639,2023-11-04,affiliate,ios,Mexico,18,Small Business Owner,,832180.0
6436526,2023-09-15,affiliate,ios,United States,39,Accountant,,221958.0
9090736,2023-06-13,paid_search,ios,Mexico,29,Consultant,,141090.0
5650100,2023-08-23,organic,android,United States,34,Teacher,,
1029813,2024-03-06,affiliate,android,Brazil,32,Teacher,,291335.0
8730302,2023-09-21,social,ios,United Kingdom,28,Marketing Manager,,465838.0
1652416,2024-03-07,paid_search,android,India,39,Student,,421879.0
7550670,2024-05-02,affiliate,web,United States,47,Retired,,832180.0
1881809,2023-08-10,paid_search,android,United States,21,Sales Rep,,771155.0
3225300,2023-07-22,social,android,Australia,38,Nurse,,378167.0
6207188,2024-08-17,social,ios,India,33,Sales Rep,,378167.0
3716826,2023-05-28,social,ios,United States,43,Marketing Manager,,378167.0
9582299,2024-11-15,social,ios,Mexico,18,Small Business Owner,,378167.0
8500960,2024-06-21,social,android,India,19,Software Engineer,,465838.0
1292007,2024-12-15,organic,web,United Kingdom,33,Freelancer,,999159.0
5912301,2024-08-31,referral,web,Brazil,44,Consultant,Existing Customer,
5846769,2024-07-10,paid_search,web,United States,43,Unemployed,,154886.0
5715697,2023-05-16,organic,ios,India,39,Marketing Manager,,
9910005,2024-02-21,organic,web,United States,33,Consultant,,
1750774,2024-07-06,organic,ios,United States,36,Accountant,,999159.0
4765444,2023-10-25,organic,web,Australia,31,Accountant,,
2406150,2023-11-14,organic,ios,United Kingdom,37,Freelancer,,999159.0
2930440,2023-12-15,referral,ios,United States,36,Consultant,Community Forum,
3421961,2024-10-01,paid_search,ios,United States,39,Student,,141090.0
4011786,2024-03-24,organic,android,Brazil,48,Small Business Owner,,
7517963,2024-11-27,paid_search,android,United States,18,Software Engineer,,621430.0
1783566,2024-10-11,paid_search,android,India,25,Sales Rep,,237337.0
5125903,2024-08-12,affiliate,android,United States,35,Freelancer,,887201.0
2045716,2024-06-13,affiliate,web,India,35,Student,,291335.0
2668321,2024-03-03,affiliate,web,United States,32,Consultant,,832180.0
3192614,2024-03-30,organic,ios,United States,32,Accountant,,
6371112,2023-08-07,referral,web,Brazil,56,Student,Employee,
8402731,2024-03-30,affiliate,web,United States,38,Freelancer,,231932.0
2111288,2024-11-30,paid_search,android,Germany,18,Retired,,141090.0
4175684,2024-06-20,paid_search,android,Australia,23,Student,,154886.0
9811785,2024-09-24,organic,web,Germany,49,Teacher,,999159.0
2340683,2024-07-29,paid_search,ios,United States,18,Software Engineer,,154886.0
5945169,2024-02-07,affiliate,android,United States,32,Retired,,744167.0
1685338,2024-07-29,paid_search,ios,United Kingdom,44,Sales Rep,,359178.0
6698848,2023-12-20,organic,ios,Brazil,32,Retired,,
6272864,2023-07-17,affiliate,android,United States,44,Freelancer,,744167.0
7714662,2024-03-16,affiliate,android,Australia,36,Student,,221958.0
3848039,2024-08-10,organic,web,United States,37,Sales Rep,,
5748584,2024-10-09,organic,android,Canada,18,Sales Rep,,
9582447,2024-11-10,social,ios,Mexico,30,Marketing Manager,,465838.0
8730484,2024-08-06,paid_search,web,Philippines,25,Freelancer,,771155.0
3585917,2023-05-17,referral,android,United States,37,Freelancer,Existing Customer,
9025407,2024-01-28,social,ios,United States,55,Small Business Owner,,378167.0
9451392,2024-10-20,paid_search,android,Brazil,40,Software Engineer,,154886.0
9975681,2023-06-30,social,ios,United States,43,Small Business Owner,,378167.0
5322626,2024-11-25,social,web,United States,26,Sales Rep,,465838.0
1095556,2024-04-02,organic,android,United States,41,Consultant,,
9713542,2024-01-14,organic,ios,India,18,Consultant,,
8238987,2023-11-29,social,ios,Philippines,31,Teacher,,378167.0
7681935,2023-10-12,paid_search,android,India,42,Sales Rep,,141090.0
2013071,2024-12-28,social,ios,United States,34,Freelancer,,465838.0
5453722,2024-01-27,organic,android,United Kingdom,42,Unemployed,,
2045851,2024-05-25,organic,ios,Germany,51,Unemployed,,
9975708,2024-08-18,affiliate,web,India,39,Sales Rep,,275203.0
1259425,2024-09-05,organic,ios,United States,32,Student,,
9648035,2024-09-25,affiliate,web,Germany,26,Marketing Manager,,291335.0
4732839,2024-04-03,organic,android,United States,28,Sales Rep,,
9779116,2024-10-01,organic,android,Mexico,32,Unemployed,,
2308014,2024-10-04,paid_search,ios,United States,41,Retired,,187498.0
9353135,2024-05-15,organic,android,Philippines,45,Small Business Owner,,
6895544,2024-10-14,organic,web,Germany,24,Small Business Owner,,
7944121,2023-11-25,paid_search,android,United States,33,Marketing Manager,,771155.0
9516999,2023-11-12,social,ios,Australia,18,Retired,,465838.0
3389383,2024-12-04,organic,ios,India,23,Consultant,,
8697808,2023-11-10,organic,ios,United States,36,Retired,,
8370131,2024-12-14,paid_search,web,United Kingdom,43,Student,,621430.0
8992726,2023-07-16,social,ios,United Kingdom,43,Marketing Manager,,465838.0
2602970,2024-11-21,affiliate,android,United Kingdom,55,Nurse,,210268.0
8632285,2024-12-16,paid_search,ios,Philippines,26,Teacher,,141090.0
5617631,2023-08-19,affiliate,ios,United States,26,Sales Rep,,275203.0
2406368,2024-05-30,affiliate,android,Nigeria,33,Marketing Manager,,744167.0
9811940,2024-01-02,social,web,United States,31,Sales Rep,,465838.0
4372455,2024-08-04,social,web,United States,42,Accountant,,465838.0
9844712,2024-11-08,organic,web,Australia,34,Marketing Manager,,
8140782,2024-05-07,paid_search,android,Brazil,38,Accountant,,237337.0
8435697,2023-07-20,referral,ios,Canada,34,Software Engineer,Employee,
6862835,2023-07-06,organic,web,Philippines,33,Software Engineer,,
5879797,2024-03-26,organic,web,United States,22,Marketing Manager,,
2471926,2024-02-02,paid_search,web,Mexico,31,Marketing Manager,,621430.0
4503548,2024-07-04,social,ios,India,28,Retired,,378167.0
1685503,2024-10-16,organic,ios,Philippines,56,Sales Rep,,
5322751,2023-09-02,affiliate,web,Mexico,54,Sales Rep,,832180.0
3061774,2023-09-21,referral,ios,Australia,37,Teacher,Existing Customer,
3192848,2024-08-06,affiliate,web,India,37,Marketing Manager,,291335.0
1652755,2024-09-10,organic,web,Mexico,33,Accountant,,
2406427,2024-08-14,social,web,United States,34,Consultant,,465838.0
2897951,2024-05-07,paid_search,android,Mexico,38,Software Engineer,,771155.0
1816609,2024-05-11,affiliate,web,United States,46,Consultant,,744167.0
4864044,2024-01-17,paid_search,web,United States,18,Consultant,,154886.0
8599600,2024-12-03,paid_search,android,Germany,47,Student,,141090.0
5584946,2024-05-18,organic,web,Australia,33,Small Business Owner,,
7288893,2024-09-10,organic,web,Philippines,46,Sales Rep,,
4896830,2024-05-30,organic,ios,United States,18,Student,,
9910335,2024-03-18,referral,ios,India,18,Retired,Existing Customer,
2308166,2024-11-08,paid_search,web,India,33,Sales Rep,,164820.0
9877580,2024-01-03,paid_search,web,United Kingdom,22,Student,,187498.0
6568017,2024-04-09,affiliate,ios,United States,38,Student,,231932.0
1161297,2024-11-23,affiliate,ios,United Kingdom,39,Marketing Manager,,221958.0
1063014,2023-11-27,paid_search,android,Germany,23,Retired,,621430.0
6895725,2024-04-15,organic,web,India,59,Student,,
9418865,2024-07-20,paid_search,web,Canada,47,Student,,154886.0
2963571,2024-08-07,social,web,United States,26,Teacher,,465838.0
6011002,2023-05-22,paid_search,ios,Nigeria,18,Retired,,187498.0
5978234,2024-10-02,social,android,United States,29,Software Engineer,,378167.0
5257341,2023-11-24,referral,ios,United States,39,Accountant,Partner App,
1390719,2023-05-30,referral,android,India,30,Small Business Owner,Partner App,
8272003,2024-01-30,paid_search,android,United States,18,Retired,,421879.0
3061892,2024-07-18,organic,web,India,29,Retired,,
3750025,2024-11-13,social,android,United States,53,Unemployed,,465838.0
9779340,2024-06-08,organic,ios,United Kingdom,37,Freelancer,,
7616659,2024-05-11,organic,web,Brazil,22,Small Business Owner,,
5486745,2024-12-07,organic,web,Germany,18,Nurse,,
7747741,2024-08-11,paid_search,android,United States,18,Marketing Manager,,771155.0
1554594,2024-06-13,social,web,Philippines,22,Software Engineer,,378167.0
8796324,2024-11-09,paid_search,ios,United States,23,Accountant,,818315.0
1194152,2023-02-12,organic,android,Canada,38,Software Engineer,,
4896937,2023-10-22,organic,android,United States,19,Student,,
7911596,2024-12-25,social,web,United States,59,Software Engineer,,378167.0
4208823,2023-10-20,organic,android,United States,24,Retired,,
6338744,2024-01-28,paid_search,android,Australia,44,Consultant,,141090.0
7911616,2024-10-08,organic,web,United Kingdom,57,Marketing Manager,,
9386180,2024-01-14,social,ios,United States,19,Freelancer,,378167.0
2504900,2024-07-13,organic,android,United Kingdom,44,Small Business Owner,,429365.0
1751240,2024-07-21,organic,web,United Kingdom,35,Consultant,,
3651788,2023-03-21,organic,web,United States,22,Software Engineer,,
2046161,2024-05-31,affiliate,android,United States,29,Unemployed,,221958.0
1423570,2024-12-08,organic,ios,India,36,Software Engineer,,
5191896,2024-05-09,organic,android,India,41,Software Engineer,,
3848411,2023-12-19,organic,web,Canada,33,Student,,
4733149,2023-05-17,social,web,Canada,38,Consultant,,465838.0
1161445,2024-06-07,affiliate,ios,United States,48,Consultant,,210268.0
7485671,2023-05-16,social,web,Australia,22,Accountant,,378167.0
1358062,2024-12-05,paid_search,ios,United States,39,Student,,771155.0
3848439,2024-08-27,organic,web,Brazil,23,Teacher,,
6928643,2024-11-16,affiliate,android,India,42,Marketing Manager,,291335.0
9582851,2024-06-19,referral,web,United States,29,Marketing Manager,Existing Customer,
5486856,2024-09-26,organic,android,India,41,Software Engineer,,
9713937,2024-07-07,organic,web,United Kingdom,32,Accountant,,
6437149,2023-11-10,social,web,Mexico,27,Sales Rep,,378167.0
8337694,2024-03-13,paid_search,ios,Mexico,28,Sales Rep,,771155.0
1292575,2024-07-19,affiliate,web,United Kingdom,18,Student,,832180.0
9091363,2024-07-05,referral,ios,India,32,Retired,Employee,
7026988,2023-11-06,social,web,Germany,38,Nurse,,378167.0
8927532,2024-06-20,referral,ios,United Kingdom,45,Freelancer,Partner App,
3127599,2024-07-25,affiliate,ios,Nigeria,46,Unemployed,,832180.0
7846192,2023-10-07,paid_search,web,United States,31,Small Business Owner,,154886.0
8173877,2023-12-10,paid_search,ios,United States,47,Software Engineer,,164820.0
3553589,2023-08-03,paid_search,ios,United States,54,Small Business Owner,,164820.0
6830395,2024-08-18,organic,ios,India,19,Software Engineer,,
2079037,2024-12-17,paid_search,web,India,27,Teacher,,154886.0
7878974,2024-11-18,paid_search,ios,India,56,Unemployed,,621430.0
9222462,2024-08-31,organic,web,Brazil,42,Teacher,,
4012359,2024-08-19,paid_search,ios,United Kingdom,30,Unemployed,,154886.0
8468810,2024-09-02,organic,android,Germany,32,Retired,,
9910606,2024-08-14,organic,ios,United States,44,Software Engineer,,
5716302,2024-09-21,social,android,United States,24,Nurse,,465838.0
2603344,2024-10-03,social,android,Mexico,32,Unemployed,,465838.0
8960339,2023-06-09,organic,android,India,39,Accountant,,
5847384,2024-03-05,referral,web,Philippines,36,Consultant,Existing Customer,
2734428,2023-08-22,organic,web,United States,37,Consultant,,
3029341,2024-12-09,affiliate,web,India,18,Unemployed,,832180.0
4110691,2024-06-06,paid_search,android,United States,37,Retired,,141090.0
2799971,2024-09-16,organic,android,United States,24,Retired,,
7289189,2024-04-02,affiliate,ios,United Kingdom,23,Small Business Owner,,210268.0
9222502,2024-10-10,social,android,Germany,47,Teacher,,465838.0
3946862,2024-03-02,organic,ios,Brazil,39,Accountant,,
5814647,2024-06-24,organic,ios,United States,30,Accountant,,999159.0
6338938,2024-01-25,paid_search,android,Mexico,35,Student,,154886.0
1325437,2023-12-09,paid_search,ios,India,38,Teacher,,359178.0
4372863,2024-07-26,paid_search,ios,Mexico,38,Sales Rep,,771155.0
6306175,2023-12-28,affiliate,ios,United States,42,Marketing Manager,,210268.0
9386369,2024-08-11,paid_search,android,Mexico,46,Unemployed,,621430.0
7158157,2023-11-05,paid_search,web,United States,38,Software Engineer,,154886.0
3488144,2024-09-02,paid_search,ios,Brazil,42,Software Engineer,,154886.0
8010131,2024-09-16,paid_search,ios,Mexico,18,Marketing Manager,,154886.0
3619222,2024-03-04,organic,ios,Canada,41,Nurse,,429365.0
5126553,2024-09-14,referral,ios,Germany,37,Freelancer,Employee,
5552538,2024-09-07,social,ios,United States,42,Accountant,,378167.0
2308507,2024-01-20,affiliate,web,United States,31,Retired,,744167.0
7289249,2023-11-27,affiliate,android,United States,49,Software Engineer,,887201.0
8632738,2024-11-08,organic,web,United States,19,Retired,,
5585315,2023-09-23,paid_search,web,Mexico,39,Freelancer,,141090.0
8632749,2024-07-13,organic,ios,United States,39,Software Engineer,,
7911855,2024-09-28,social,ios,India,29,Sales Rep,,465838.0
6044080,2024-11-09,organic,android,United States,29,Consultant,,
9615797,2024-05-30,social,ios,Mexico,42,Unemployed,,465838.0
7289270,2024-11-20,paid_search,web,India,22,Marketing Manager,,187498.0
8862148,2024-08-03,affiliate,ios,United States,31,Freelancer,,221958.0
3979718,2024-09-25,organic,ios,United States,18,Freelancer,,
6994376,2023-07-09,organic,android,United States,31,Retired,,
7223754,2024-07-21,affiliate,ios,India,18,Marketing Manager,,231932.0
5290447,2024-03-01,organic,ios,United States,61,Freelancer,,
1784278,2024-05-28,social,ios,United States,49,Software Engineer,,465838.0
3389911,2024-04-12,referral,web,Germany,27,Freelancer,Existing Customer,
1817052,2023-09-29,affiliate,web,United States,18,Marketing Manager,,291335.0
1751518,2023-09-05,organic,ios,Canada,39,Software Engineer,,
8337895,2024-04-02,organic,android,United States,31,Small Business Owner,,
8534504,2024-04-28,organic,android,United States,27,Sales Rep,,
9910762,2023-06-08,referral,web,India,34,Consultant,Employee,
5323242,2024-11-26,organic,android,United Kingdom,32,Teacher,,
7125488,2023-10-22,affiliate,ios,Germany,45,Accountant,,221958.0
4340216,2024-10-27,paid_search,android,Canada,25,Sales Rep,,187498.0
8370683,2024-08-26,paid_search,ios,United States,18,Accountant,,771155.0
5552636,2024-03-09,social,ios,Nigeria,43,Freelancer,,465838.0
5093886,2024-10-13,paid_search,ios,Germany,37,Small Business Owner,,237337.0
4045315,2024-03-26,paid_search,android,Germany,22,Sales Rep,,359178.0
9878023,2024-03-07,paid_search,web,Brazil,23,Marketing Manager,,621430.0
7911957,2024-05-27,paid_search,web,Canada,22,Small Business Owner,,141090.0
4438550,2023-10-23,affiliate,ios,Nigeria,31,Freelancer,,291335.0
5421590,2024-03-03,affiliate,ios,United States,56,Freelancer,,887201.0
7191081,2024-05-24,social,ios,Australia,48,Sales Rep,,465838.0
5618219,2024-09-19,social,web,United States,28,Nurse,,378167.0
2767413,2023-09-15,paid_search,web,United States,51,Freelancer,,187498.0
6404672,2024-06-15,affiliate,web,Nigeria,23,Small Business Owner,,887201.0
9910852,2024-12-24,social,ios,India,30,Consultant,,465838.0
3979845,2024-03-19,organic,ios,Nigeria,31,Nurse,,
1260102,2023-10-03,social,web,United States,59,Consultant,,378167.0
9779788,2023-06-22,paid_search,android,United States,19,Teacher,,237337.0
1260116,2023-12-27,paid_search,web,Mexico,41,Freelancer,,187498.0
4438618,2024-12-15,organic,web,United States,28,Nurse,,
4405851,2024-03-01,organic,android,United States,33,Consultant,,
2472542,2024-07-12,organic,android,Canada,23,Small Business Owner,,
3226217,2024-07-28,social,ios,United States,32,Teacher,,465838.0
7354986,2024-07-28,social,android,United States,48,Unemployed,,465838.0
4831854,2024-02-02,paid_search,web,United Kingdom,18,Freelancer,,621430.0
7158382,2024-01-27,affiliate,ios,United States,33,Software Engineer,,832180.0
2538112,2023-10-04,organic,android,United Kingdom,18,Nurse,,999159.0
2570889,2023-09-26,paid_search,web,United States,46,Sales Rep,,359178.0
7846539,2024-09-04,paid_search,web,United States,18,Student,,187498.0
4110997,2024-09-20,affiliate,android,United States,21,Student,,231932.0
6044316,2023-09-02,referral,android,United States,47,Sales Rep,Community Forum,
6666912,2024-01-23,referral,web,Canada,29,Student,Partner App,
4569769,2023-04-25,paid_search,web,United States,30,Nurse,,141090.0
6994602,2024-12-07,social,ios,Canada,31,Sales Rep,,378167.0
5421740,2024-01-23,social,web,United States,31,Student,,378167.0
2931375,2023-11-26,organic,ios,United States,27,Retired,,
3816112,2023-11-15,affiliate,ios,Canada,52,Teacher,,221958.0
8567476,2023-12-10,organic,web,United States,50,Student,,
6306490,2024-01-11,affiliate,android,Brazil,30,Marketing Manager,,210268.0
5290697,2024-02-11,organic,web,Germany,18,Marketing Manager,,
4602571,2024-07-11,referral,ios,Canada,39,Accountant,Existing Customer,
9026261,2024-03-30,affiliate,android,United States,32,Sales Rep,,832180.0
4045529,2024-12-01,affiliate,ios,Australia,29,Accountant,,744167.0
9878234,2024-01-31,organic,web,United States,28,Sales Rep,,
4340444,2024-07-26,affiliate,android,United States,31,Retired,,291335.0
5257950,2024-11-03,affiliate,ios,United States,20,Sales Rep,,887201.0
2243294,2024-12-14,organic,android,Brazil,26,Software Engineer,,
3422952,2024-09-22,organic,web,Philippines,18,Unemployed,,
2931441,2023-12-10,paid_search,web,Germany,40,Small Business Owner,,421879.0
1686268,2024-09-09,affiliate,ios,Germany,59,Unemployed,,832180.0
4438780,2023-07-18,paid_search,android,United States,60,Consultant,,141090.0
5028604,2024-06-06,affiliate,android,Mexico,37,Small Business Owner,,887201.0
3521279,2024-07-04,paid_search,web,United States,24,Retired,,141090.0
8076042,2024-11-19,paid_search,android,United Kingdom,36,Marketing Manager,,164820.0
1850122,2023-12-05,referral,web,United States,53,Nurse,Employee,
6077198,2023-11-19,organic,web,United States,43,Marketing Manager,,
1686290,2024-07-23,organic,web,Philippines,29,Accountant,,
4307735,2024-08-22,organic,web,United States,29,Student,,
6929191,2024-04-13,organic,android,United Kingdom,18,Student,,
8239914,2023-12-21,paid_search,web,Brazil,38,Software Engineer,,421879.0
5684013,2023-05-22,affiliate,web,United States,46,Consultant,,221958.0
4242222,2024-10-23,organic,ios,Brazil,31,Nurse,,999159.0
7387952,2024-07-05,social,ios,United States,24,Freelancer,,378167.0
3881777,2023-03-05,affiliate,web,United States,48,Nurse,,887201.0
2898739,2024-08-12,social,web,United Kingdom,47,Sales Rep,,378167.0
8731445,2023-10-23,organic,android,Germany,24,Software Engineer,,429365.0
7387958,2024-12-16,paid_search,ios,United States,24,Freelancer,,818315.0
4373307,2023-07-09,referral,web,India,45,Retired,Existing Customer,
1424190,2024-10-02,affiliate,ios,United States,31,Sales Rep,,210268.0
5782337,2024-10-24,affiliate,ios,India,33,Freelancer,,744167.0
9288515,2024-02-11,affiliate,ios,Canada,37,Nurse,,231932.0
9190219,2023-05-08,organic,ios,Australia,36,Freelancer,,
2702159,2023-10-17,referral,ios,Germany,21,Student,Partner App,
7093073,2024-09-18,affiliate,android,United States,22,Retired,,231932.0
7060319,2024-09-15,paid_search,ios,United States,43,Small Business Owner,,164820.0
3062624,2024-12-29,organic,ios,United States,27,Software Engineer,,
1424226,2024-11-23,organic,android,Germany,46,Freelancer,,
2079600,2023-06-15,referral,web,Brazil,46,Small Business Owner,Partner App,
3914611,2024-03-23,social,ios,United States,28,Software Engineer,,465838.0
1915767,2024-10-31,paid_search,ios,India,33,Teacher,,141090.0
4668280,2024-06-29,organic,ios,Philippines,39,Sales Rep,,429365.0
4275072,2024-08-01,social,web,United Kingdom,33,Teacher,,465838.0
2636675,2024-07-24,affiliate,ios,Australia,35,Teacher,,231932.0
5913478,2024-02-20,referral,android,United States,43,Sales Rep,Community Forum,
3849095,2024-03-08,social,web,United States,37,Student,,465838.0
4504473,2024-06-26,affiliate,web,Australia,22,Accountant,,231932.0
1751972,2024-11-24,affiliate,web,Germany,53,Accountant,,210268.0
1653668,2024-03-15,affiliate,android,Germany,25,Sales Rep,,291335.0
3455918,2024-05-21,organic,ios,India,29,Retired,,
1751993,2024-09-06,social,android,United Kingdom,39,Freelancer,,465838.0
8698812,2024-10-22,organic,android,Germany,35,Sales Rep,,
9976766,2024-11-11,organic,web,Canada,18,Marketing Manager,,
6798273,2024-09-03,organic,ios,Mexico,39,Marketing Manager,,
6241218,2024-04-28,organic,web,United Kingdom,25,Teacher,,
4471750,2024-06-14,affiliate,android,United States,28,Software Engineer,,221958.0
6831052,2024-07-16,organic,web,United States,23,Small Business Owner,,
7617488,2024-07-05,referral,android,United States,35,Marketing Manager,Employee,
9354207,2023-10-27,social,android,Canada,25,Unemployed,,378167.0
1850350,2024-11-03,referral,android,United Kingdom,54,Nurse,Community Forum,
8928248,2024-10-06,paid_search,web,India,44,Freelancer,,818315.0
7486460,2024-06-30,organic,android,United States,45,Consultant,,
3161088,2023-06-30,organic,web,Germany,29,Software Engineer,,
2178049,2024-05-15,affiliate,web,Nigeria,57,Small Business Owner,,291335.0
9681921,2024-03-25,social,ios,Germany,33,Freelancer,,465838.0
3881990,2024-02-15,affiliate,web,United States,35,Freelancer,,210268.0
5749766,2024-12-17,organic,ios,Mexico,32,Sales Rep,,
8436754,2024-09-05,social,ios,Mexico,36,Sales Rep,,465838.0
7355421,2024-06-26,affiliate,web,United States,53,Student,,231932.0
9485356,2023-11-29,organic,android,United States,37,Unemployed,,
8764461,2023-10-19,affiliate,android,India,19,Unemployed,,210268.0
1391670,2024-12-21,organic,android,United States,44,Student,,
1653817,2024-05-05,social,ios,United States,37,Student,,465838.0
3456070,2024-02-08,social,ios,Australia,26,Student,,465838.0
4471888,2023-10-09,organic,web,Canada,39,Small Business Owner,,
6896721,2024-04-13,social,android,Brazil,33,Unemployed,,465838.0
3095637,2024-03-06,paid_search,ios,India,31,Teacher,,359178.0
2702424,2023-09-24,social,android,United States,33,Student,,378167.0
7879771,2024-11-03,organic,android,United States,39,Consultant,,
2899054,2023-10-16,referral,ios,Canada,34,Retired,Partner App,
1719407,2023-11-12,affiliate,web,India,36,Freelancer,,275203.0
5422201,2023-10-12,organic,ios,United States,38,Software Engineer,,999159.0
5684346,2024-04-02,organic,ios,United States,32,Nurse,,429365.0
3357821,2024-10-05,social,android,Canada,26,Accountant,,378167.0
7814276,2024-06-27,paid_search,ios,Canada,19,Software Engineer,,621430.0
3619980,2023-10-21,referral,ios,United States,46,Student,Community Forum,
9976973,2023-03-25,affiliate,web,India,39,Freelancer,,291335.0
7814285,2023-12-16,paid_search,ios,India,46,Retired,,771155.0
1424528,2024-04-17,social,android,United Kingdom,35,Retired,,378167.0
4439187,2024-02-04,paid_search,android,Brazil,49,Unemployed,,621430.0
7978140,2024-01-13,affiliate,ios,United States,40,Teacher,,221958.0
6044829,2024-07-10,social,ios,United States,28,Software Engineer,,378167.0
7453859,2024-09-06,organic,web,United States,26,Teacher,,
9649318,2024-05-11,paid_search,web,United States,27,Student,,141090.0
6044842,2023-05-17,referral,ios,Canada,37,Nurse,Community Forum,
6864049,2024-08-27,organic,web,United States,36,Marketing Manager,,
7453877,2024-01-13,organic,ios,India,30,Retired,,
4144311,2024-10-28,social,ios,Brazil,23,Teacher,,378167.0
6995134,2024-03-06,affiliate,ios,United States,36,Consultant,,275203.0
1916094,2024-06-20,organic,web,United States,37,Sales Rep,,
6864075,2023-10-09,social,ios,United States,44,Consultant,,378167.0
9714892,2024-11-12,referral,ios,Australia,18,Retired,Community Forum,
2604243,2024-01-14,organic,android,United Kingdom,35,Small Business Owner,,999159.0
2571480,2023-11-03,organic,web,Germany,22,Accountant,,
7847129,2024-07-24,organic,web,United States,24,Marketing Manager,,
5848287,2024-04-06,paid_search,web,United States,25,Teacher,,771155.0
4603110,2024-07-16,social,android,Australia,18,Marketing Manager,,378167.0
6962413,2024-11-20,social,web,United States,37,Unemployed,,378167.0
1195246,2023-08-30,organic,android,India,35,Nurse,,
2964724,2023-09-14,organic,web,United States,28,Nurse,,
5291256,2024-06-02,paid_search,android,United Kingdom,35,Accountant,,237337.0
4439289,2024-07-27,affiliate,android,United States,36,Accountant,,231932.0
9813240,2024-07-07,organic,ios,United States,31,Student,,
5127436,2024-03-03,paid_search,ios,Australia,19,Marketing Manager,,818315.0
5422375,2024-12-13,organic,web,United States,32,Student,,999159.0
2276647,2024-12-08,affiliate,web,United Kingdom,18,Marketing Manager,,832180.0
1883435,2024-10-10,organic,web,Brazil,35,Accountant,,
8863020,2024-02-26,organic,web,Mexico,38,Software Engineer,,
7126319,2024-10-25,organic,android,United States,24,Nurse,,
3226941,2024-09-05,affiliate,web,Canada,28,Accountant,,291335.0
7322954,2024-08-06,affiliate,web,United States,46,Software Engineer,,832180.0
2407757,2024-12-24,organic,ios,United States,41,Teacher,,429365.0
2473300,2024-03-22,social,android,United States,36,Consultant,,378167.0
9977182,2024-02-16,organic,android,United States,31,Retired,,
4210016,2024-07-18,paid_search,web,Germany,18,Student,,237337.0
4144480,2024-09-16,organic,web,Germany,18,Retired,,
7519585,2024-03-14,paid_search,ios,India,20,Accountant,,621430.0
5782883,2024-09-23,organic,web,Germany,21,Marketing Manager,,
5193060,2024-02-14,organic,web,United States,49,Teacher,,999159.0
6274413,2024-08-15,organic,web,Mexico,45,Sales Rep,,
5455214,2024-07-21,organic,ios,United States,18,Sales Rep,,
2047343,2024-07-02,paid_search,web,United States,20,Unemployed,,359178.0
1555839,2023-07-04,organic,web,Canada,35,Accountant,,
3980672,2024-03-05,affiliate,ios,Australia,35,Marketing Manager,,275203.0
9125248,2024-07-03,organic,android,Nigeria,32,Unemployed,,
1064323,2024-09-21,social,web,Mexico,36,Student,,465838.0
9256327,2023-07-29,organic,android,United States,45,Unemployed,,
4898190,2024-06-26,paid_search,web,Canada,34,Sales Rep,,154886.0
5225872,2024-07-27,organic,android,United States,36,Sales Rep,,
6241684,2024-08-31,affiliate,web,United States,39,Freelancer,,832180.0
5914005,2024-07-13,paid_search,web,Canada,46,Small Business Owner,,818315.0
4963735,2024-12-23,organic,web,Nigeria,39,Accountant,,
3227039,2024-10-13,organic,web,United States,25,Accountant,,
5225889,2024-10-21,organic,android,United States,38,Sales Rep,,
2506145,2024-09-18,paid_search,ios,India,25,Teacher,,164820.0
7650723,2024-11-24,affiliate,web,Philippines,42,Retired,,744167.0
4177326,2023-08-16,organic,ios,United Kingdom,42,Small Business Owner,,
7912880,2024-08-22,affiliate,web,Australia,20,Sales Rep,,275203.0
1359281,2024-02-13,organic,android,Mexico,24,Consultant,,
1981883,2023-01-10,affiliate,android,United States,50,Software Engineer,,887201.0
7126463,2023-10-22,organic,android,India,30,Software Engineer,,999159.0
1686976,2023-09-03,paid_search,android,India,38,Consultant,,154886.0
4668866,2024-08-25,organic,ios,Brazil,49,Unemployed,,
4079042,2024-11-08,organic,android,United States,30,Consultant,,
8895945,2024-11-02,affiliate,ios,United Kingdom,34,Consultant,,221958.0
7814612,2024-08-11,affiliate,ios,Australia,18,Retired,,210268.0
4636119,2024-02-19,affiliate,ios,Australia,33,Accountant,,291335.0
3587551,2023-03-24,referral,web,United States,27,Marketing Manager,Employee,
5914082,2024-12-12,paid_search,android,United States,27,Unemployed,,421879.0
3653093,2024-01-27,social,web,Mexico,40,Teacher,,465838.0
6569451,2024-12-24,organic,ios,India,47,Accountant,,
1785332,2024-05-02,paid_search,ios,United Kingdom,27,Consultant,,141090.0
8797698,2024-11-09,affiliate,ios,United States,39,Sales Rep,,231932.0
6897162,2024-12-03,organic,web,United Kingdom,18,Teacher,,
3325452,2023-08-22,organic,web,Nigeria,18,Teacher,,
2768407,2024-11-19,referral,web,Germany,43,Consultant,Community Forum,
4308505,2024-09-30,affiliate,android,United States,22,Teacher,,231932.0
6929949,2023-03-20,affiliate,android,Canada,29,Consultant,,275203.0
4767263,2024-07-29,affiliate,android,United Kingdom,18,Small Business Owner,,221958.0
5914150,2024-12-25,social,ios,United States,24,Small Business Owner,,465838.0
8568370,2024-05-13,social,android,Mexico,26,Teacher,,378167.0
7683635,2023-03-26,organic,web,Mexico,40,Student,,
6766140,2024-04-16,organic,ios,United States,34,Software Engineer,,
5488198,2024-11-19,organic,web,United States,57,Student,,
2932303,2024-04-25,social,web,Mexico,40,Student,,465838.0
5062224,2024-04-10,affiliate,android,United States,31,Marketing Manager,,887201.0
6798946,2024-01-15,organic,web,United States,34,Software Engineer,,
3948134,2024-10-25,affiliate,ios,United Kingdom,32,Small Business Owner,,275203.0
8863353,2023-05-14,organic,web,United States,48,Small Business Owner,,
7126664,2024-12-11,paid_search,ios,United States,25,Accountant,,771155.0
9944718,2024-03-24,organic,ios,Canada,30,Accountant,,
4243087,2023-11-06,organic,ios,Australia,44,Freelancer,,
6831759,2023-02-12,social,web,United States,22,Freelancer,,378167.0
8371858,2024-12-10,referral,ios,India,18,Freelancer,Partner App,
4144787,2023-11-28,social,web,United States,30,Student,,378167.0
7847575,2024-09-29,paid_search,web,United Kingdom,33,Software Engineer,,771155.0
5652124,2024-11-29,social,android,United States,29,Nurse,,465838.0
6569634,2023-09-13,organic,android,Brazil,18,Student,,
5095077,2024-05-08,organic,web,India,34,Consultant,,
6962859,2024-09-17,organic,web,Germany,21,Freelancer,,
5226156,2024-06-27,organic,ios,United States,26,Freelancer,,999159.0
5062316,2024-08-06,organic,ios,Australia,20,Software Engineer,,
9486014,2024-07-14,paid_search,web,United States,20,Teacher,,237337.0
2244289,2023-09-13,social,android,United States,32,Nurse,,465838.0
8863426,2024-12-18,social,web,Philippines,39,Teacher,,465838.0
5881539,2024-04-12,affiliate,web,Philippines,31,Teacher,,210268.0
5390020,2024-03-29,affiliate,ios,Mexico,20,Teacher,,210268.0
8863438,2024-11-11,paid_search,android,United Kingdom,22,Marketing Manager,,421879.0
2014929,2024-06-15,referral,web,United States,19,Accountant,Existing Customer,
4832978,2024-07-14,paid_search,web,United Kingdom,25,Student,,141090.0
4570834,2023-10-12,referral,android,Philippines,24,Unemployed,Existing Customer,
2539219,2024-07-23,organic,ios,United Kingdom,22,Marketing Manager,,
8568538,2024-03-21,paid_search,ios,Canada,58,Small Business Owner,,187498.0
6242029,2024-12-14,organic,android,United States,34,Student,,
7257838,2024-09-30,affiliate,android,India,50,Teacher,,744167.0
7978737,2024-12-12,affiliate,web,Australia,27,Teacher,,291335.0
1621747,2024-05-30,social,ios,United States,25,Teacher,,465838.0
6242042,2024-11-20,organic,web,United States,32,Nurse,,
2244360,2023-12-29,organic,web,Nigeria,34,Nurse,,
7061266,2024-11-02,referral,android,United Kingdom,25,Consultant,Existing Customer,
2670357,2024-04-10,organic,android,Canada,40,Student,,
8961813,2024-05-07,social,ios,United Kingdom,39,Marketing Manager,,465838.0
1851161,2024-07-15,social,ios,United States,41,Consultant,,465838.0
6438684,2024-09-13,organic,android,Canada,34,Software Engineer,,
9551646,2024-12-03,affiliate,ios,United States,26,Small Business Owner,,887201.0
5422880,2023-07-14,affiliate,ios,United States,22,Student,,887201.0
7192357,2024-05-31,affiliate,web,Australia,29,Small Business Owner,,291335.0
5422888,2023-09-19,organic,android,Mexico,42,Marketing Manager,,
4898606,2023-07-10,referral,ios,United States,20,Student,Employee,
8240947,2024-03-05,social,ios,Australia,31,Software Engineer,,378167.0
2768693,2024-10-23,paid_search,ios,United States,50,Retired,,164820.0
6766392,2024-06-01,referral,android,United States,18,Marketing Manager,Employee,
4800315,2024-09-10,affiliate,ios,Mexico,19,Unemployed,,887201.0
5816129,2023-09-14,organic,ios,Mexico,43,Teacher,,
7913283,2023-10-10,social,android,Brazil,38,Student,,465838.0
7356228,2024-03-26,paid_search,web,Canada,49,Nurse,,359178.0
1326916,2024-02-26,organic,web,United States,42,Marketing Manager,,
9158470,2024-10-21,organic,web,United Kingdom,62,Teacher,,
7651143,2024-09-23,affiliate,android,United States,25,Freelancer,,231932.0
7651154,2024-10-01,affiliate,ios,United States,31,Retired,,210268.0
2408277,2023-10-27,social,android,Brazil,44,Software Engineer,,378167.0
6897498,2024-05-23,referral,ios,United States,36,Unemployed,Existing Customer,
6995802,2024-12-03,paid_search,ios,United States,48,Accountant,,818315.0
1130334,2024-02-05,organic,android,United Kingdom,24,Teacher,,
9879391,2023-01-25,affiliate,web,United States,49,Freelancer,,231932.0
3096419,2023-10-10,social,android,United States,26,Marketing Manager,,465838.0
6438757,2024-06-02,paid_search,ios,United Kingdom,39,Marketing Manager,,237337.0
2572138,2024-02-11,paid_search,web,Germany,35,Freelancer,,154886.0
1261420,2024-07-10,referral,android,United States,35,Student,Community Forum,
3227503,2024-08-21,paid_search,android,United States,38,Student,,818315.0
5324660,2023-11-05,social,web,Philippines,18,Freelancer,,378167.0
4472696,2024-05-15,paid_search,web,Canada,32,Accountant,,818315.0
8470396,2024-10-15,paid_search,web,United States,26,Student,,154886.0
7552901,2024-11-25,affiliate,android,Mexico,33,Accountant,,275203.0
4112261,2024-06-22,paid_search,ios,United States,35,Accountant,,164820.0
8142727,2023-07-12,paid_search,android,United States,42,Retired,,621430.0
3751821,2024-06-26,social,ios,United Kingdom,18,Marketing Manager,,378167.0
5193616,2024-05-16,organic,ios,United States,38,Small Business Owner,,
8896403,2024-05-09,affiliate,web,United States,18,Marketing Manager,,887201.0
8011673,2024-07-10,affiliate,android,Philippines,41,Teacher,,744167.0
8273820,2023-12-25,paid_search,web,Canada,22,Unemployed,,771155.0
6143901,2023-05-21,organic,android,United Kingdom,32,Marketing Manager,,999159.0
2998173,2024-02-18,organic,ios,United States,26,Nurse,,
4177825,2024-12-16,affiliate,web,Australia,18,Student,,275203.0
6111142,2024-06-11,organic,web,Philippines,41,Software Engineer,,
9715633,2024-12-01,organic,ios,United States,34,Nurse,,
9551795,2024-11-17,affiliate,web,United Kingdom,36,Nurse,,832180.0
2375607,2024-10-18,paid_search,web,United States,25,Marketing Manager,,187498.0
1785786,2024-10-29,social,web,Germany,30,Software Engineer,,378167.0
8437693,2024-12-21,paid_search,ios,United Kingdom,34,Sales Rep,,621430.0
6504381,2024-05-16,social,ios,Philippines,18,Consultant,,465838.0
6963135,2024-04-20,paid_search,ios,Mexico,18,Software Engineer,,818315.0
8732605,2023-12-26,referral,ios,United States,39,Software Engineer,Existing Customer,
9027522,2024-11-03,organic,web,United States,18,Student,,
9093068,2024-06-14,paid_search,ios,Mexico,37,Accountant,,771155.0
6275034,2023-09-04,social,web,Brazil,18,Small Business Owner,,378167.0
7356381,2023-09-21,organic,ios,India,39,Sales Rep,,
2375645,2024-09-13,referral,ios,Mexico,36,Nurse,Community Forum,
4734942,2023-07-19,paid_search,web,India,18,Consultant,,154886.0
8667105,2024-11-11,social,ios,United States,34,Unemployed,,465838.0
7323617,2023-08-24,organic,ios,United States,39,Small Business Owner,,
5980137,2024-12-01,organic,web,Mexico,26,Nurse,,
8503276,2023-05-30,organic,ios,Brazil,28,Student,,
4177902,2023-10-15,social,android,United Kingdom,27,Student,,378167.0
2899955,2024-02-06,organic,android,United States,25,Freelancer,,999159.0
7913462,2024-06-12,social,ios,Canada,39,Small Business Owner,,378167.0
6701048,2024-01-14,affiliate,web,Philippines,39,Teacher,,275203.0
8208387,2023-08-16,organic,web,Australia,19,Unemployed,,
4833284,2024-05-13,affiliate,web,United States,46,Student,,832180.0
9551881,2024-07-31,paid_search,ios,United States,31,Accountant,,237337.0
3358730,2024-08-06,social,web,United States,37,Sales Rep,,465838.0
1294358,2024-07-23,organic,ios,United States,57,Freelancer,,
4177945,2024-03-27,affiliate,web,United States,31,Accountant,,275203.0
6242329,2023-06-04,organic,web,United States,32,Freelancer,,
1785890,2023-11-27,referral,web,Germany,28,Retired,Employee,
7323686,2023-12-05,referral,ios,Australia,18,Retired,Community Forum,
5881909,2024-08-02,organic,android,United Kingdom,27,Marketing Manager,,
1490999,2024-05-16,social,ios,Germany,27,Small Business Owner,,378167.0
3522620,2024-11-19,organic,ios,United States,18,Unemployed,,
8831038,2024-07-09,organic,android,United States,24,Teacher,,
2768967,2024-01-06,organic,web,United States,20,Teacher,,429365.0
4898888,2024-07-06,paid_search,ios,United States,27,Accountant,,359178.0
4177993,2024-09-01,organic,ios,United States,21,Sales Rep,,
9060426,2024-10-06,social,web,United States,43,Retired,,378167.0
8732752,2024-01-05,organic,android,Canada,29,Small Business Owner,,
2539600,2024-07-18,social,android,Canada,23,Nurse,,378167.0
5980249,2023-10-03,affiliate,ios,United States,44,Sales Rep,,231932.0
1491036,2024-01-31,paid_search,web,United States,38,Marketing Manager,,237337.0
9093212,2024-05-04,paid_search,android,United States,26,Sales Rep,,237337.0
3719269,2023-04-19,affiliate,ios,United Kingdom,20,Freelancer,,744167.0
4341861,2024-12-13,referral,ios,Canada,49,Freelancer,Existing Customer,
2867306,2023-10-03,paid_search,web,United Kingdom,29,Sales Rep,,154886.0
6570090,2024-10-19,organic,ios,United States,38,Unemployed,,429365.0
8601709,2024-11-24,organic,ios,United States,41,Unemployed,,
9814131,2023-10-26,organic,web,Philippines,59,Marketing Manager,,429365.0
8503416,2024-07-17,paid_search,ios,United States,28,Nurse,,164820.0
1458298,2024-11-08,paid_search,android,Canada,27,Student,,818315.0
8601723,2024-01-03,social,ios,Brazil,28,Nurse,,465838.0
7389308,2024-11-20,organic,ios,United Kingdom,35,Accountant,,
9158781,2024-05-31,paid_search,android,United States,41,Small Business Owner,,154886.0
1491072,2024-07-21,social,ios,India,21,Consultant,,465838.0
4374659,2024-08-27,organic,ios,United Kingdom,38,Retired,,
2605196,2024-05-05,organic,android,Philippines,28,Unemployed,,
2343054,2024-09-30,organic,ios,United Kingdom,34,Student,,
8601748,2024-10-29,organic,web,Australia,49,Student,,
3457184,2024-06-11,referral,android,United States,41,Unemployed,Community Forum,
9355425,2024-07-28,social,ios,United Kingdom,48,Small Business Owner,,378167.0
1851563,2024-05-14,organic,ios,United States,28,Marketing Manager,,429365.0
2048173,2024-08-25,affiliate,web,United States,50,Retired,,231932.0
5783725,2024-10-08,affiliate,ios,Mexico,43,Unemployed,,221958.0
1196211,2024-06-06,affiliate,web,United Kingdom,33,Unemployed,,231932.0
2638004,2024-12-14,affiliate,ios,Brazil,49,Accountant,,832180.0
3326133,2024-09-25,affiliate,web,United States,38,Teacher,,832180.0
7848120,2024-06-26,affiliate,web,Canada,29,Freelancer,,744167.0
7356605,2024-12-25,referral,web,United States,29,Sales Rep,Existing Customer,
7094467,2024-04-03,organic,ios,India,36,Marketing Manager,,429365.0
9715912,2024-06-09,social,ios,Nigeria,39,Marketing Manager,,465838.0
5325001,2024-03-19,organic,android,United Kingdom,42,Software Engineer,,
8995018,2024-08-13,social,android,Brazil,22,Consultant,,465838.0
4931792,2023-12-20,affiliate,ios,United Kingdom,36,Small Business Owner,,210268.0
4702418,2024-03-02,organic,android,Brazil,29,Accountant,,
3326168,2023-06-26,affiliate,web,Australia,30,Unemployed,,210268.0
9945309,2024-11-13,affiliate,ios,United States,22,Consultant,,231932.0
2965730,2023-11-28,referral,web,Philippines,22,Small Business Owner,Employee,
9945326,2024-05-18,organic,ios,India,18,Teacher,,429365.0
4374775,2024-07-23,affiliate,web,United States,34,Marketing Manager,,291335.0
4800760,2024-09-12,affiliate,android,United States,47,Unemployed,,210268.0
4571387,2024-06-01,paid_search,web,Canada,18,Accountant,,154886.0
1327359,2023-11-19,social,web,United Kingdom,43,Teacher,,465838.0
9289985,2024-08-10,organic,web,Mexico,41,Nurse,,
4833538,2024-02-20,paid_search,ios,Mexico,33,Consultant,,187498.0
8536324,2024-01-12,paid_search,web,United States,42,Retired,,359178.0
9715978,2024-04-11,organic,web,India,43,Student,,
9879823,2024-03-11,organic,web,Australia,39,Consultant,,999159.0
7913744,2023-12-19,paid_search,android,Nigeria,41,Student,,359178.0
3784975,2023-11-09,paid_search,android,Canada,36,Sales Rep,,359178.0
5357847,2024-10-16,social,android,Philippines,49,Sales Rep,,378167.0
2801951,2024-06-03,social,web,India,32,Teacher,,465838.0
3621158,2024-03-24,paid_search,web,Brazil,40,Accountant,,154886.0
5062958,2024-02-18,social,android,Mexico,37,Retired,,378167.0
5423408,2024-05-10,organic,web,United States,26,Accountant,,
9126198,2024-10-05,affiliate,web,United States,27,Sales Rep,,832180.0
4931895,2023-11-24,organic,web,India,30,Nurse,,999159.0
8962366,2024-12-29,organic,android,Australia,49,Consultant,,
2900302,2023-11-21,referral,ios,United States,31,Marketing Manager,Partner App,
8438096,2023-02-10,paid_search,web,Nigeria,47,Teacher,,154886.0
5587281,2024-11-13,organic,ios,United States,36,Retired,,
7749977,2023-12-30,organic,web,United States,36,Student,,429365.0
5259622,2024-03-21,organic,web,United States,33,Teacher,,
2703728,2023-10-14,social,ios,India,52,Software Engineer,,378167.0
5423475,2023-12-26,social,web,Canada,32,Nurse,,465838.0
7094645,2024-09-23,social,web,United Kingdom,53,Nurse,,378167.0
3260791,2024-08-16,affiliate,android,India,18,Small Business Owner,,221958.0
8339838,2024-09-26,affiliate,web,Philippines,24,Small Business Owner,,231932.0
4702590,2024-02-19,organic,ios,Canada,41,Sales Rep,,999159.0
6439296,2024-07-08,affiliate,android,Nigeria,45,Teacher,,744167.0
7520645,2024-03-19,affiliate,android,India,41,Software Engineer,,887201.0
6275463,2023-08-09,organic,web,Canada,23,Marketing Manager,,
3326344,2024-12-20,paid_search,web,Canada,31,Unemployed,,771155.0
5947796,2024-12-17,referral,web,United States,24,Student,Partner App,
1786261,2024-04-06,affiliate,ios,Philippines,49,Teacher,,887201.0
1753494,2023-11-05,social,ios,Australia,23,Teacher,,378167.0
8274324,2024-03-16,organic,android,Mexico,42,Software Engineer,,
1294746,2023-10-22,organic,web,United States,18,Freelancer,,
5063068,2024-06-24,referral,web,Philippines,34,Sales Rep,Existing Customer,
9781664,2024-08-26,social,ios,United States,46,Retired,,465838.0
3883427,2023-07-20,organic,android,United States,24,Software Engineer,,
9683376,2024-07-19,paid_search,ios,Germany,32,Teacher,,621430.0
1360306,2024-01-23,organic,web,Nigeria,29,Sales Rep,,
7979451,2024-02-11,social,web,Canada,31,Accountant,,378167.0
2572732,2024-06-03,organic,ios,United States,26,Nurse,,
6209995,2024-08-12,paid_search,ios,India,35,Retired,,818315.0
6439381,2024-05-25,affiliate,android,Mexico,47,Accountant,,744167.0
4800986,2024-03-03,organic,web,United States,35,Retired,,
2834907,2023-11-01,affiliate,web,United States,41,Consultant,,887201.0
7356895,2024-06-09,organic,web,United Kingdom,34,Accountant,,429365.0
9388512,2024-10-27,organic,ios,United States,35,Student,,
9060833,2024-08-10,paid_search,web,United States,51,Consultant,,818315.0
3490272,2024-04-10,organic,android,India,42,Software Engineer,,
3293673,2024-09-06,affiliate,web,Mexico,69,Student,,291335.0
4735466,2024-04-12,organic,web,United States,35,Marketing Manager,,
9191922,2024-08-27,organic,ios,United Kingdom,31,Software Engineer,,999159.0
7684601,2024-12-12,organic,web,India,25,Software Engineer,,999159.0
7389690,2023-09-12,organic,ios,United States,32,Software Engineer,,
7488000,2024-10-03,organic,web,United States,39,Student,,
7324167,2024-10-04,affiliate,ios,United States,30,Student,,231932.0
6439433,2024-11-12,organic,web,India,38,Nurse,,
9650699,2023-08-12,referral,android,India,19,Teacher,Community Forum,
5554704,2023-11-25,organic,web,India,46,Teacher,,
5849617,2023-04-25,organic,web,United States,24,Software Engineer,,
3850774,2024-11-24,organic,web,United States,31,Freelancer,,
3129885,2023-07-27,organic,ios,United States,26,Small Business Owner,,
1917472,2024-10-02,affiliate,web,United States,41,Consultant,,275203.0
3719713,2024-01-29,social,web,Philippines,34,Retired,,465838.0
1393186,2024-05-07,paid_search,web,Germany,43,Student,,771155.0
1688105,2024-04-18,organic,web,United States,39,Student,,999159.0
4801065,2024-11-20,social,web,United Kingdom,37,Unemployed,,465838.0
6996522,2024-03-06,organic,web,Germany,26,Accountant,,
2114100,2023-08-21,organic,web,United States,44,Accountant,,
9552442,2024-12-23,organic,android,United Kingdom,30,Teacher,,
4801082,2024-04-02,paid_search,android,Nigeria,34,Consultant,,141090.0
9421374,2024-09-10,affiliate,android,Mexico,45,Nurse,,231932.0
8372801,2023-06-05,paid_search,android,Mexico,25,Marketing Manager,,164820.0
5849666,2024-01-14,organic,ios,Nigeria,35,Software Engineer,,
4080201,2024-07-03,organic,ios,United States,36,Consultant,,
7881289,2024-12-07,affiliate,ios,United States,48,Accountant,,221958.0
6537803,2024-10-19,social,ios,Australia,30,Accountant,,465838.0
1851980,2024-08-19,organic,web,United States,22,Accountant,,
4080202,2024-12-08,affiliate,android,India,50,Sales Rep,,744167.0
8503888,2024-01-17,social,android,United States,38,Sales Rep,,378167.0
5128784,2024-01-24,referral,web,United States,43,Student,Partner App,
1983061,2024-12-19,paid_search,android,Canada,37,Teacher,,237337.0
6668889,2024-03-02,social,ios,United States,38,Student,,465838.0
9126492,2024-07-30,organic,android,United States,38,Freelancer,,
1000037,2024-03-06,affiliate,ios,India,48,Software Engineer,,210268.0
5948008,2024-07-22,affiliate,web,United States,53,Sales Rep,,275203.0
9683565,2024-07-28,organic,web,Canada,30,Sales Rep,,
7062133,2024-03-18,affiliate,android,Canada,37,Accountant,,221958.0
1262199,2024-07-12,social,web,United Kingdom,31,Accountant,,465838.0
8766074,2024-11-14,organic,web,India,18,Software Engineer,,
8733308,2023-07-26,affiliate,web,United Kingdom,37,Consultant,,291335.0
2474620,2023-05-11,affiliate,web,Canada,47,Retired,,231932.0
8602242,2024-11-24,affiliate,ios,United States,34,Marketing Manager,,210268.0
1458819,2023-06-11,organic,android,Brazil,27,Marketing Manager,,
2507394,2023-07-14,referral,ios,United States,37,Software Engineer,Partner App,
6079111,2023-11-20,social,web,United States,38,Teacher,,465838.0
8864394,2024-07-29,referral,web,United States,36,Teacher,Partner App,
5063309,2024-05-14,organic,ios,Australia,36,Consultant,,
3162766,2024-11-22,paid_search,android,Brazil,55,Nurse,,818315.0
7717526,2024-12-23,referral,web,United States,34,Unemployed,Existing Customer,
8045209,2023-12-21,organic,web,India,28,Nurse,,
6832801,2023-10-23,organic,web,Brazil,22,Accountant,,
7914152,2024-01-25,organic,android,United States,32,Student,,
4211369,2024-03-23,organic,web,United States,52,Freelancer,,
1163944,2024-03-19,social,web,United States,31,Marketing Manager,,465838.0
9519792,2024-07-30,social,web,United States,19,Sales Rep,,378167.0
5685942,2023-09-30,social,android,Brazil,33,Freelancer,,378167.0
2605752,2024-12-11,organic,ios,Canada,38,Teacher,,
8536765,2023-09-25,social,android,Canada,40,Small Business Owner,,465838.0
9257668,2024-10-23,paid_search,web,Brazil,48,Small Business Owner,,421879.0
1721037,2024-07-19,organic,web,United States,35,Teacher,,
4211407,2024-10-08,social,web,Germany,38,Teacher,,465838.0
4047569,2024-11-14,social,android,Australia,36,Unemployed,,378167.0
8667857,2024-01-17,paid_search,web,Germany,54,Student,,359178.0
2769617,2024-11-05,affiliate,web,United Kingdom,59,Sales Rep,,275203.0
7127764,2023-07-25,organic,ios,United States,29,Freelancer,,
6931161,2024-05-29,paid_search,ios,United States,41,Consultant,,818315.0
7979740,2024-05-03,organic,android,United Kingdom,52,Unemployed,,
3949281,2023-12-12,paid_search,web,Australia,46,Nurse,,187498.0
4801250,2023-12-12,social,web,India,22,Student,,378167.0
5227234,2024-07-29,organic,android,Mexico,38,Nurse,,
6275820,2023-06-29,affiliate,android,United States,34,Freelancer,,291335.0
3752690,2023-08-29,referral,ios,United States,70,Unemployed,Partner App,
9945850,2023-05-26,paid_search,android,United States,42,Teacher,,771155.0
7357182,2024-10-25,organic,web,Germany,18,Unemployed,,
6636289,2024-02-17,referral,web,Philippines,33,Nurse,Employee,
6210307,2024-11-08,paid_search,android,United States,28,Student,,187498.0
4080389,2023-12-04,organic,android,India,29,Consultant,,
3130118,2024-07-31,affiliate,ios,United States,27,Retired,,275203.0
3326729,2023-11-01,paid_search,android,Germany,45,Student,,771155.0
5980939,2023-11-30,referral,android,Brazil,18,Freelancer,Partner App,
3883791,2024-11-14,referral,android,Australia,41,Retired,Community Forum,
6570771,2023-08-24,affiliate,ios,Philippines,38,Nurse,,832180.0
1164053,2024-12-15,paid_search,android,Germany,44,Accountant,,154886.0
7193367,2024-02-28,social,web,United States,37,Teacher,,378167.0
9388823,2024-06-19,paid_search,ios,United States,18,Freelancer,,818315.0
9454364,2024-07-15,organic,android,Philippines,34,Nurse,,999159.0
4440863,2024-06-12,affiliate,android,United Kingdom,31,Teacher,,291335.0
4440866,2024-10-23,organic,android,Canada,44,Nurse,,
2802466,2024-04-21,affiliate,web,United States,27,Freelancer,,275203.0
4768553,2023-08-16,referral,ios,United States,34,Nurse,Existing Customer,
3195690,2024-08-02,affiliate,web,Germany,38,Retired,,887201.0
1786667,2024-08-20,paid_search,web,United States,48,Sales Rep,,154886.0
2147116,2024-11-12,affiliate,ios,United States,25,Small Business Owner,,832180.0
1164074,2024-03-30,paid_search,android,India,47,Consultant,,359178.0
4604724,2023-11-15,paid_search,web,India,42,Marketing Manager,,154886.0
3916596,2024-02-25,referral,ios,Mexico,36,Software Engineer,Partner App,
6046528,2024-10-15,affiliate,android,Nigeria,24,Freelancer,,221958.0
3457856,2024-07-24,organic,android,United States,36,Unemployed,,
2802502,2024-10-29,organic,ios,United States,19,Software Engineer,,999159.0
5817167,2024-02-06,organic,ios,Brazil,39,Student,,429365.0
8110928,2023-04-18,paid_search,web,India,40,Marketing Manager,,164820.0
4932441,2023-12-24,organic,web,United States,53,Consultant,,
6243174,2024-11-16,social,ios,United Kingdom,37,Accountant,,465838.0
8110953,2024-08-07,organic,android,United States,21,Software Engineer,,
9519981,2024-09-28,affiliate,ios,United States,29,Teacher,,231932.0
7160686,2023-11-28,affiliate,ios,Canada,23,Unemployed,,744167.0
6701934,2023-08-09,organic,android,Mexico,40,Student,,
7848829,2024-01-01,organic,android,United States,44,Consultant,,
5718912,2023-10-20,affiliate,web,Canada,19,Teacher,,832180.0
9356164,2024-12-05,affiliate,ios,Philippines,28,Small Business Owner,,210268.0
8536968,2024-04-26,referral,ios,United States,66,Retired,Partner App,
1065867,2024-07-03,organic,ios,Germany,28,Software Engineer,,
7816080,2024-07-14,organic,ios,Mexico,34,Retired,,
3490706,2024-04-27,organic,web,Canada,34,Software Engineer,,
4637588,2024-12-16,paid_search,android,United States,31,Software Engineer,,187498.0
3687328,2023-12-22,social,web,Australia,38,Freelancer,,465838.0
5620650,2024-09-14,affiliate,ios,Mexico,38,Accountant,,744167.0
2048939,2024-03-09,organic,ios,United States,35,Sales Rep,,
7422892,2024-02-07,affiliate,web,Mexico,48,Marketing Manager,,221958.0
8930221,2024-04-27,affiliate,web,India,49,Marketing Manager,,275203.0
7553968,2024-08-23,social,ios,United States,42,Small Business Owner,,378167.0
1524658,2024-08-19,affiliate,ios,United States,34,Unemployed,,832180.0
6538166,2024-10-23,social,web,India,29,Freelancer,,465838.0
7619511,2023-06-04,affiliate,android,United States,32,Teacher,,744167.0
4834242,2024-01-29,social,android,United States,40,Unemployed,,378167.0
2048966,2024-06-16,paid_search,android,United States,32,Unemployed,,421879.0
2278343,2024-08-09,organic,android,Germany,49,Small Business Owner,,429365.0
9389012,2024-05-31,organic,android,Mexico,23,Small Business Owner,,
2999254,2023-05-24,referral,android,United States,37,Software Engineer,Existing Customer,
9454561,2023-09-28,affiliate,android,Philippines,23,Student,,221958.0
3621872,2024-07-26,organic,android,United States,24,Small Business Owner,,999159.0
7652346,2024-05-07,affiliate,web,Philippines,31,Consultant,,221958.0
2638846,2023-02-27,social,android,United Kingdom,26,Nurse,,378167.0
6210558,2024-05-28,paid_search,web,United States,42,Teacher,,164820.0
4932613,2024-09-11,social,android,Philippines,18,Small Business Owner,,465838.0
3851274,2024-01-01,organic,web,Mexico,28,Student,,
1721384,2023-01-31,paid_search,android,United Kingdom,25,Student,,141090.0
5391401,2023-09-10,paid_search,android,United States,25,Accountant,,771155.0
1131562,2024-12-28,organic,ios,United States,41,Small Business Owner,,429365.0
8504361,2023-10-27,affiliate,web,Canada,41,Nurse,,291335.0
8668216,2024-02-19,paid_search,android,United Kingdom,44,Student,,359178.0
5620792,2024-02-24,organic,web,United States,46,Consultant,,
4146243,2024-03-29,affiliate,web,India,36,Retired,,231932.0
3982410,2023-06-30,organic,web,United States,20,Small Business Owner,,
1590348,2024-12-08,paid_search,web,United States,28,Freelancer,,164820.0
8537165,2024-09-01,affiliate,ios,India,33,Accountant,,231932.0
5981262,2023-06-13,organic,android,United States,31,Nurse,,
5162065,2024-10-27,paid_search,android,Nigeria,42,Nurse,,164820.0
7324758,2023-10-06,affiliate,ios,United States,32,Teacher,,231932.0
2344027,2024-01-30,organic,ios,United States,18,Marketing Manager,,
4244571,2024-03-25,paid_search,android,India,41,Retired,,187498.0
9847905,2024-09-09,referral,android,Canada,20,Consultant,Existing Customer,
6014049,2023-08-21,organic,ios,United States,27,Sales Rep,,
4113506,2024-09-15,affiliate,android,United States,28,Teacher,,832180.0
9421928,2024-12-18,paid_search,web,Canada,33,Freelancer,,164820.0
8373356,2024-08-01,organic,ios,United States,30,Student,,
9978989,2024-07-05,paid_search,web,Canada,30,Marketing Manager,,187498.0
3097711,2024-03-11,affiliate,android,Canada,36,Student,,832180.0
5850224,2024-04-25,organic,ios,Mexico,50,Unemployed,,
3327089,2024-12-17,paid_search,web,Philippines,18,Sales Rep,,771155.0
2245749,2024-08-18,organic,ios,Brazil,18,Retired,,
4080761,2024-10-18,organic,ios,United States,50,Marketing Manager,,
4637820,2024-03-21,paid_search,ios,United States,44,Unemployed,,154886.0
8373372,2024-05-20,affiliate,ios,Brazil,40,Student,,887201.0
4113534,2023-12-10,organic,ios,India,22,Sales Rep,,
3916933,2023-01-26,paid_search,web,United Kingdom,31,Accountant,,818315.0
4703367,2023-11-20,paid_search,ios,India,38,Small Business Owner,,621430.0
4932747,2024-01-14,affiliate,ios,United States,30,Software Engineer,,210268.0
8144013,2023-07-12,organic,ios,United States,18,Retired,,999159.0
9651347,2023-06-17,paid_search,android,Canada,22,Small Business Owner,,771155.0
1688725,2023-09-08,organic,ios,United States,22,Consultant,,
1983638,2024-04-09,organic,android,United States,28,Freelancer,,
2344091,2024-06-24,affiliate,android,United States,29,Consultant,,887201.0
6800545,2024-08-02,organic,ios,United States,32,Unemployed,,429365.0
1066150,2024-07-27,organic,web,Canada,38,Small Business Owner,,
2540710,2024-11-15,paid_search,ios,Brazil,22,Teacher,,164820.0
6440107,2024-03-24,organic,android,United States,32,Marketing Manager,,
2540724,2023-09-27,organic,android,United States,32,Marketing Manager,,
3654837,2023-12-23,paid_search,android,Philippines,45,Accountant,,154886.0
4768950,2024-01-10,organic,android,United States,26,Software Engineer,,
5948600,2024-10-31,affiliate,android,Nigeria,27,Marketing Manager,,275203.0
2999482,2023-10-29,organic,android,United States,25,Unemployed,,
5588156,2024-12-12,paid_search,web,Canada,35,Software Engineer,,359178.0
6898885,2024-07-21,paid_search,android,India,31,Sales Rep,,359178.0
1950922,2024-10-19,paid_search,web,Mexico,43,Software Engineer,,771155.0
6309068,2024-11-05,social,android,United States,27,Sales Rep,,465838.0
6243534,2023-04-03,organic,android,United States,37,Nurse,,
6210766,2023-10-27,organic,web,India,37,Freelancer,,
9127125,2024-06-28,affiliate,ios,United States,27,Marketing Manager,,275203.0
9323735,2024-06-13,paid_search,android,United States,26,Student,,771155.0
7095513,2023-11-28,organic,web,United States,28,Consultant,,
4867293,2024-04-06,referral,web,Germany,24,Sales Rep,Employee,
3392735,2024-09-02,organic,ios,Nigeria,43,Retired,,
5784808,2024-05-26,affiliate,web,United Kingdom,30,Student,,887201.0
1885421,2024-05-05,paid_search,web,Nigeria,38,Accountant,,164820.0
1295599,2023-08-15,organic,android,Germany,34,Retired,,
8570095,2024-09-16,organic,web,Mexico,18,Marketing Manager,,
9815282,2023-11-21,paid_search,web,Canada,40,Accountant,,621430.0
6898931,2024-03-27,paid_search,ios,United States,20,Marketing Manager,,164820.0
8537330,2024-05-21,organic,web,India,33,Small Business Owner,,
6800629,2024-08-12,affiliate,web,United States,47,Software Engineer,,221958.0
5260538,2024-08-14,social,android,United States,39,Software Engineer,,465838.0
7390459,2023-07-05,organic,web,United States,46,Nurse,,
7849221,2024-03-03,organic,web,United States,46,Accountant,,
7095561,2024-07-13,social,web,United States,37,Sales Rep,,465838.0
9913613,2024-03-21,organic,web,United States,31,Small Business Owner,,429365.0
8242447,2023-11-08,affiliate,android,India,26,Small Business Owner,,275203.0
4637967,2024-12-16,organic,android,United States,44,Small Business Owner,,
2278673,2024-04-27,affiliate,ios,United States,43,Student,,832180.0
3818767,2023-08-31,social,web,United States,24,Sales Rep,,465838.0
7357718,2024-05-24,affiliate,web,United States,24,Freelancer,,744167.0
4998422,2024-05-10,organic,android,United States,32,Accountant,,
5195031,2024-12-26,paid_search,ios,United States,18,Nurse,,141090.0
6604065,2024-02-03,organic,android,United States,18,Small Business Owner,,
5391649,2024-05-13,paid_search,android,Australia,40,Accountant,,818315.0
7226659,2023-11-23,referral,web,United States,18,Retired,Community Forum,
7062825,2023-05-21,organic,ios,United States,38,Small Business Owner,,
4277560,2024-10-21,organic,web,United States,30,Nurse,,
5063997,2024-05-19,social,android,United States,23,Teacher,,465838.0
8439103,2024-04-25,organic,ios,Germany,41,Teacher,,
5621056,2024-02-01,organic,ios,Brazil,51,Nurse,,
7030079,2023-06-15,organic,android,Australia,26,Student,,
1819973,2024-11-19,organic,android,Germany,47,Accountant,,
4244811,2024-04-03,paid_search,android,United States,36,Accountant,,621430.0
8045900,2024-08-12,organic,android,United Kingdom,35,Nurse,,
7816525,2024-04-14,organic,web,United States,50,Teacher,,429365.0
7259471,2024-07-12,affiliate,web,United States,59,Nurse,,887201.0
9979219,2023-10-07,social,web,United Kingdom,25,Teacher,,378167.0
3949908,2023-03-30,organic,android,Canada,38,Retired,,
6735193,2024-07-31,social,ios,United States,37,Accountant,,465838.0
7193956,2024-11-10,paid_search,android,Philippines,29,Freelancer,,359178.0
7128420,2024-12-10,paid_search,web,Philippines,31,Unemployed,,771155.0
8996198,2024-03-09,social,ios,United States,56,Freelancer,,465838.0
8045927,2024-05-26,organic,ios,Canada,28,Student,,
8766824,2024-09-10,paid_search,ios,Brazil,21,Sales Rep,,818315.0
9323880,2023-12-07,social,android,Canada,43,Teacher,,378167.0
5588334,2023-11-04,affiliate,android,United States,24,Retired,,832180.0
3196274,2023-12-28,referral,web,Mexico,50,Small Business Owner,Partner App,
9979250,2023-12-04,affiliate,ios,Philippines,44,Marketing Manager,,291335.0
7062903,2024-08-28,referral,web,Canada,18,Retired,Employee,
5424507,2024-04-28,paid_search,web,India,47,Nurse,,164820.0
2409854,2024-07-04,paid_search,ios,India,58,Small Business Owner,,141090.0
3622280,2023-11-07,referral,android,Australia,32,Small Business Owner,Partner App,
5784973,2024-06-20,organic,ios,United States,18,Freelancer,,
9913742,2024-05-15,affiliate,web,United States,18,Freelancer,,210268.0
1721747,2024-11-16,affiliate,ios,Australia,39,Freelancer,,832180.0
4375957,2024-09-09,paid_search,ios,United States,46,Nurse,,818315.0
8734102,2023-06-01,social,web,Brazil,32,Freelancer,,465838.0
3392919,2024-02-16,referral,web,United Kingdom,52,Freelancer,Existing Customer,
7521689,2023-09-30,affiliate,ios,Australia,24,Student,,291335.0
2770330,2024-03-19,affiliate,ios,United States,43,Student,,275203.0
9749917,2024-10-24,organic,android,United States,18,Software Engineer,,
1131936,2023-09-08,paid_search,web,United States,47,Nurse,,154886.0
9061792,2023-08-09,organic,web,United States,24,Consultant,,
5227939,2024-01-13,social,web,India,29,Marketing Manager,,465838.0
9127333,2023-06-17,organic,web,Canada,22,Teacher,,
9094566,2024-09-27,organic,android,Germany,37,Student,,
4867500,2023-12-07,referral,web,Canada,27,Software Engineer,Partner App,
8734125,2024-09-12,paid_search,ios,Brazil,39,Consultant,,164820.0
6243762,2024-02-26,affiliate,web,Nigeria,28,Freelancer,,744167.0
1885621,2024-05-28,organic,ios,Germany,34,Small Business Owner,,999159.0
7456182,2023-10-09,organic,web,United States,21,Teacher,,
5457335,2024-04-27,paid_search,web,United States,33,Teacher,,237337.0
4998585,2023-08-31,referral,android,India,39,Teacher,Existing Customer,
8635836,2024-12-22,social,android,United States,18,Consultant,,465838.0
2868670,2024-05-04,referral,web,Brazil,38,Consultant,Existing Customer,
8406465,2024-05-30,paid_search,web,Philippines,55,Teacher,,237337.0
4081091,2023-07-05,paid_search,ios,Australia,53,Student,,187498.0
7292357,2024-06-14,paid_search,android,Mexico,18,Software Engineer,,164820.0
9815496,2024-03-25,affiliate,web,United States,45,Nurse,,291335.0
2311629,2023-10-02,social,web,United States,18,Student,,465838.0
1000917,2024-03-30,paid_search,android,United States,37,Marketing Manager,,421879.0
5096920,2024-03-08,organic,web,Philippines,33,Accountant,,
5227995,2024-08-09,organic,web,United States,38,Freelancer,,
2835932,2024-02-16,organic,web,India,40,Teacher,,
6637025,2024-06-02,organic,web,Canada,38,Small Business Owner,,
4703713,2023-07-13,paid_search,ios,United States,25,Accountant,,154886.0
2770403,2024-09-27,organic,android,India,18,Small Business Owner,,
4277746,2024-11-08,paid_search,android,United States,38,Accountant,,154886.0
7259635,2024-12-25,organic,ios,United States,42,Student,,
5817842,2024-09-24,organic,ios,Nigeria,27,Software Engineer,,
1295866,2024-09-23,organic,android,Australia,33,Small Business Owner,,
5031419,2024-08-22,referral,web,United States,40,Nurse,Employee,
3229180,2024-10-24,organic,ios,United States,18,Software Engineer,,
7620090,2024-02-17,organic,ios,United States,18,Student,,999159.0
1426941,2024-10-07,affiliate,ios,India,28,Nurse,,887201.0
4244998,2024-04-17,paid_search,android,United Kingdom,54,Nurse,,237337.0
1033734,2023-07-16,paid_search,ios,United States,34,Marketing Manager,,421879.0
9061896,2024-04-16,affiliate,android,United States,31,Student,,832180.0
4507145,2024-10-13,affiliate,android,United States,41,Student,,887201.0
6604297,2023-11-20,paid_search,android,Mexico,34,Teacher,,771155.0
4015624,2024-12-27,social,android,United States,44,Small Business Owner,,465838.0
7849486,2024-06-01,referral,web,Canada,18,Consultant,Employee,
9881111,2024-03-13,social,web,India,24,Nurse,,378167.0
7980571,2024-12-16,organic,ios,Philippines,50,Marketing Manager,,
4441628,2024-02-21,organic,web,United States,30,Student,,429365.0
4900379,2024-11-17,organic,web,United States,26,Student,,
9684509,2024-06-11,organic,web,Canada,30,Retired,,
6604327,2024-02-12,organic,ios,Germany,29,Teacher,,
5031464,2024-07-14,organic,android,Canada,47,Retired,,
5719607,2024-07-27,social,android,Australia,25,Marketing Manager,,378167.0
5817911,2024-11-13,paid_search,ios,United States,18,Marketing Manager,,771155.0
5228087,2024-12-29,social,android,United States,34,Retired,,465838.0
1951302,2024-03-11,social,web,Germany,48,Freelancer,,378167.0
9946694,2023-08-06,referral,web,Philippines,30,Unemployed,Partner App,
8701516,2024-03-29,affiliate,android,Australia,47,Accountant,,291335.0
3032656,2024-07-13,organic,web,Canada,28,Nurse,,
6768212,2024-08-04,social,android,India,48,Marketing Manager,,378167.0
7915096,2024-11-15,social,ios,United States,34,Sales Rep,,465838.0
9782882,2024-11-03,affiliate,android,United States,28,Freelancer,,275203.0
1787494,2024-07-16,paid_search,android,United Kingdom,39,Freelancer,,187498.0
7292518,2024-07-10,affiliate,web,Nigeria,18,Marketing Manager,,291335.0
7194224,2023-08-06,paid_search,ios,United States,63,Small Business Owner,,237337.0
2836082,2023-08-22,affiliate,web,United States,36,Consultant,,275203.0
6276728,2024-01-09,paid_search,android,United States,42,Nurse,,818315.0
7095929,2024-01-21,paid_search,web,United States,18,Consultant,,621430.0
4802177,2024-04-29,paid_search,android,United States,52,Teacher,,237337.0
3131018,2023-06-29,referral,web,Nigeria,30,Accountant,Existing Customer,
7227018,2024-09-02,organic,web,United Kingdom,22,Student,,
6801038,2023-06-09,referral,ios,United States,47,Small Business Owner,Community Forum,
6506126,2024-10-11,organic,web,Nigeria,22,Marketing Manager,,
7620241,2023-11-15,referral,web,Mexico,34,Consultant,Partner App,
5064337,2024-09-08,social,web,United States,34,Freelancer,,465838.0
1984156,2023-12-20,paid_search,ios,United States,49,Marketing Manager,,154886.0
6538917,2024-04-10,paid_search,web,Australia,48,Unemployed,,237337.0
6276776,2024-05-27,social,web,Australia,36,Accountant,,465838.0
3819182,2024-02-01,organic,ios,United States,35,Accountant,,
4081328,2023-12-29,social,android,Australia,23,Teacher,,378167.0
4769457,2024-07-11,organic,android,India,37,Teacher,,
1328821,2023-08-06,referral,android,United States,60,Nurse,Existing Customer,
9717429,2023-07-13,paid_search,web,United States,31,Unemployed,,187498.0
1296063,2023-11-29,organic,ios,Mexico,21,Teacher,,
3163843,2024-08-23,paid_search,ios,United Kingdom,18,Student,,187498.0
5850825,2024-06-14,organic,android,United States,24,Nurse,,
4769484,2023-03-25,organic,android,Germany,18,Software Engineer,,
6211276,2024-10-02,paid_search,ios,Brazil,52,Accountant,,818315.0
1197775,2024-09-04,social,ios,United States,61,Teacher,,378167.0
1787600,2024-11-07,paid_search,ios,United Kingdom,34,Teacher,,621430.0
4081362,2023-10-11,affiliate,ios,United States,41,Retired,,744167.0
8537812,2024-11-15,paid_search,web,United States,40,Freelancer,,154886.0
6866645,2024-11-22,organic,web,United States,37,Freelancer,,
7030489,2023-06-18,paid_search,ios,Mexico,23,Nurse,,141090.0
1853159,2023-07-24,organic,android,United States,37,Unemployed,,
2901737,2024-05-03,organic,android,Germany,37,Retired,,
6637291,2024-12-19,organic,web,India,28,Unemployed,,
2901740,2024-07-04,organic,web,Mexico,40,Sales Rep,,
5588727,2024-11-05,organic,web,Brazil,28,Sales Rep,,
2180859,2024-09-16,organic,web,Mexico,44,Accountant,,
6539004,2023-10-22,affiliate,android,United States,37,Accountant,,744167.0
9127678,2024-12-05,social,ios,United States,40,Nurse,,465838.0
1230596,2024-05-29,paid_search,web,India,29,Consultant,,141090.0
8963845,2024-07-17,organic,web,Germany,46,Student,,
6735630,2024-10-20,affiliate,ios,Philippines,28,Small Business Owner,,832180.0
3426062,2024-11-03,social,android,Mexico,39,Consultant,,378167.0
2180887,2023-10-07,affiliate,android,United Kingdom,24,Teacher,,210268.0
6113050,2024-10-08,affiliate,ios,Nigeria,43,Sales Rep,,210268.0
5228316,2024-05-07,organic,ios,United States,24,Sales Rep,,
7554845,2024-12-25,organic,web,United States,54,Retired,,
5883680,2024-03-18,social,ios,United States,46,Teacher,,465838.0
1427244,2024-09-17,paid_search,web,Philippines,29,Unemployed,,818315.0
6997804,2024-07-23,organic,web,United States,33,Accountant,,
9226036,2024-10-27,organic,android,United Kingdom,25,Freelancer,,999159.0
7685941,2024-07-23,paid_search,android,Brazil,26,Accountant,,621430.0
3426105,2024-10-22,paid_search,web,United States,34,Accountant,,621430.0
2705215,2024-12-03,affiliate,android,Australia,33,Freelancer,,887201.0
9127747,2023-11-23,organic,android,India,43,Student,,
7423827,2024-12-13,paid_search,ios,Australia,22,Small Business Owner,,164820.0
7030613,2024-09-07,organic,web,United States,20,Freelancer,,999159.0
1886040,2024-05-10,affiliate,android,United States,31,Sales Rep,,887201.0
5982042,2024-07-22,referral,ios,United States,35,Freelancer,Community Forum,
2705243,2023-09-21,organic,web,United States,18,Nurse,,999159.0
6178652,2024-05-05,referral,web,Australia,30,Consultant,Existing Customer,
7063389,2024-07-07,referral,web,Australia,38,Sales Rep,Existing Customer,
9750364,2023-10-09,affiliate,android,United Kingdom,25,Sales Rep,,832180.0
6506336,2023-10-04,organic,web,Philippines,19,Retired,,
7423841,2023-06-06,affiliate,android,Canada,44,Software Engineer,,744167.0
8505191,2023-10-07,social,android,United States,23,Freelancer,,465838.0
9783148,2023-12-22,organic,web,Australia,36,Consultant,,
8177545,2023-07-17,organic,web,United States,34,Sales Rep,,999159.0
3491721,2024-04-07,referral,ios,Brazil,31,Teacher,Partner App,
9652111,2024-11-08,paid_search,ios,United States,37,Accountant,,187498.0
5654419,2024-06-19,referral,android,United States,42,Small Business Owner,Community Forum,
9324436,2024-06-21,paid_search,android,United States,46,Unemployed,,771155.0
5949331,2024-10-19,organic,android,Canada,43,Student,,
6309792,2024-03-26,referral,ios,United States,37,Retired,Employee,
7817123,2024-07-14,affiliate,ios,India,30,Nurse,,275203.0
9324454,2024-05-23,organic,android,United States,38,Nurse,,429365.0
5228456,2024-12-16,organic,android,Australia,18,Retired,,
9324458,2024-03-08,organic,ios,United States,32,Retired,,
9815995,2024-11-17,organic,web,Canada,35,Small Business Owner,,999159.0
6473660,2023-11-09,organic,ios,Germany,55,Software Engineer,,999159.0
4376513,2023-09-14,affiliate,android,United Kingdom,36,Consultant,,221958.0
9586625,2024-07-04,social,ios,United States,36,Retired,,465838.0
7129026,2024-12-30,organic,android,Philippines,35,Nurse,,
1853392,2024-05-12,paid_search,ios,United States,38,Nurse,,421879.0
1689556,2023-10-12,paid_search,ios,Brazil,20,Student,,818315.0
7423959,2024-04-05,affiliate,web,United States,34,Software Engineer,,231932.0
7555035,2024-12-09,paid_search,web,India,23,Teacher,,421879.0
9029598,2024-07-11,social,android,Germany,29,Small Business Owner,,465838.0
3426277,2024-07-20,paid_search,web,Australia,28,Marketing Manager,,621430.0
1755111,2024-12-27,paid_search,web,United States,27,Nurse,,154886.0
7882727,2023-12-27,social,web,India,32,Marketing Manager,,465838.0
4999143,2024-04-26,paid_search,ios,United States,47,Consultant,,359178.0
3196916,2024-02-01,organic,android,United States,38,Consultant,,
4278262,2024-01-09,paid_search,web,United Kingdom,37,Teacher,,164820.0
5720058,2023-08-14,organic,ios,Canada,37,Software Engineer,,
6211593,2024-04-26,social,android,India,29,Consultant,,378167.0
9652233,2023-09-23,organic,web,United Kingdom,36,Software Engineer,,
9816087,2024-11-04,organic,android,Germany,18,Freelancer,,
1296412,2024-08-07,affiliate,web,United States,30,Student,,744167.0
1198110,2024-04-13,affiliate,android,India,30,Software Engineer,,887201.0
2967582,2023-07-20,paid_search,android,United Kingdom,27,Student,,141090.0
3328033,2024-03-03,social,ios,United States,49,Retired,,465838.0
9095213,2024-06-04,organic,web,United Kingdom,40,Small Business Owner,,999159.0
7882799,2024-10-15,organic,ios,United Kingdom,52,Sales Rep,,
5851188,2024-08-02,paid_search,ios,United States,41,Sales Rep,,621430.0
3754036,2023-11-17,referral,web,Philippines,44,Marketing Manager,Existing Customer,
5949499,2023-06-17,affiliate,android,Canada,44,Marketing Manager,,231932.0
4343867,2024-01-15,referral,web,United States,44,Unemployed,Existing Customer,
7817281,2024-06-21,social,ios,United Kingdom,22,Consultant,,378167.0
5589058,2024-05-22,affiliate,web,United States,22,Freelancer,,744167.0
9914438,2024-04-09,paid_search,web,United Kingdom,49,Marketing Manager,,771155.0
1624135,2023-03-20,social,web,India,18,Sales Rep,,465838.0
1984588,2024-09-29,social,web,Australia,42,Software Engineer,,378167.0
7194702,2024-10-31,referral,android,Germany,39,Freelancer,Employee,
5523535,2024-07-03,organic,web,Mexico,33,Unemployed,,999159.0
6441039,2024-12-13,referral,web,United States,50,Retired,Existing Customer,
9783376,2023-11-15,affiliate,ios,Germany,31,Freelancer,,887201.0
9291860,2023-08-22,organic,android,United States,37,Consultant,,999159.0
6932572,2024-04-28,affiliate,ios,Canada,19,Retired,,744167.0
2017375,2024-06-28,referral,web,United States,40,Sales Rep,Partner App,
3098729,2024-10-18,social,ios,Brazil,39,Small Business Owner,,465838.0
4311149,2024-03-01,referral,web,United States,18,Consultant,Partner App,
9783406,2024-06-15,organic,web,Philippines,20,Retired,,999159.0
9521267,2024-12-28,paid_search,web,Brazil,48,Software Engineer,,164820.0
8210547,2024-07-02,organic,ios,United States,40,Software Engineer,,
1656951,2024-11-05,organic,ios,Australia,42,Unemployed,,
7686269,2023-11-01,organic,web,United Kingdom,33,Teacher,,429365.0
9914501,2024-11-04,social,ios,Nigeria,18,Software Engineer,,465838.0
3360901,2023-11-21,social,web,United States,29,Accountant,,378167.0
2443401,2024-07-12,organic,ios,India,29,Retired,,
9291923,2024-11-30,social,ios,United States,37,Teacher,,465838.0
4212883,2023-11-03,referral,web,Australia,18,Marketing Manager,Community Forum,
2017433,2024-08-02,organic,android,Canada,33,Retired,,
3786905,2024-08-13,social,web,United States,22,Unemployed,,465838.0
5752989,2024-07-09,organic,web,United Kingdom,32,Accountant,,
1919134,2024-08-21,organic,web,Canada,32,Teacher,,
3590310,2024-10-18,social,web,United Kingdom,33,Student,,378167.0
7456942,2024-02-25,social,ios,United States,38,Nurse,,378167.0
8997043,2023-05-03,paid_search,ios,Mexico,56,Accountant,,771155.0
6080692,2024-10-21,organic,ios,Canada,26,Small Business Owner,,
4933817,2024-01-13,paid_search,web,Philippines,57,Teacher,,164820.0
6310074,2024-06-26,affiliate,web,Canada,35,Retired,,275203.0
2017481,2024-01-18,organic,android,United States,28,Student,,
4344014,2024-11-25,paid_search,web,United States,39,Teacher,,771155.0
3164367,2024-12-13,paid_search,web,United States,19,Sales Rep,,154886.0
6998223,2024-09-21,organic,web,India,18,Teacher,,
1558745,2024-05-08,affiliate,web,United States,18,Marketing Manager,,231932.0
7489759,2024-06-28,social,web,United States,30,Nurse,,465838.0
7784672,2023-12-08,organic,ios,United States,36,Accountant,,
4114659,2024-04-01,social,android,India,18,Small Business Owner,,465838.0
8603876,2024-07-06,organic,android,Germany,51,Retired,,
7719142,2024-11-15,organic,ios,United Kingdom,49,Consultant,,999159.0
7194868,2024-08-01,paid_search,android,United States,32,Consultant,,164820.0
5294329,2024-10-18,social,ios,United States,18,Teacher,,465838.0
3164412,2024-12-02,organic,web,United Kingdom,36,Nurse,,
8833276,2023-10-19,paid_search,ios,Brazil,18,Small Business Owner,,421879.0
1427709,2024-05-29,organic,web,United States,44,Consultant,,
6047999,2024-12-30,affiliate,android,United States,38,Nurse,,887201.0
6506761,2023-11-08,affiliate,android,United States,41,Freelancer,,291335.0
5654798,2024-07-08,organic,web,Canada,37,Sales Rep,,
4835598,2024-08-06,affiliate,ios,United Kingdom,52,Retired,,887201.0
2705692,2024-04-04,affiliate,web,United Kingdom,24,Student,,832180.0
4999453,2024-05-18,organic,web,United Kingdom,29,Freelancer,,
6768927,2023-10-16,affiliate,android,Brazil,33,Retired,,744167.0
3000609,2024-10-07,social,ios,United States,42,Freelancer,,378167.0
6703394,2024-12-01,paid_search,web,Brazil,41,Freelancer,,237337.0
3655971,2023-09-09,affiliate,android,Australia,28,Software Engineer,,291335.0
6277420,2024-11-29,organic,web,United Kingdom,23,Nurse,,
2935090,2024-10-04,organic,ios,United States,27,Freelancer,,
8276281,2024-07-27,organic,web,United States,31,Unemployed,,429365.0
8374592,2024-01-05,affiliate,web,Germany,41,Small Business Owner,,210268.0
1689925,2024-07-06,affiliate,web,United States,34,Small Business Owner,,291335.0
6605126,2024-12-02,affiliate,web,Brazil,51,Small Business Owner,,744167.0
8669510,2024-11-21,social,ios,United States,19,Marketing Manager,,465838.0
6408520,2024-07-13,organic,web,Philippines,50,Nurse,,
6146386,2024-11-16,organic,web,India,42,Student,,
7850322,2023-08-05,affiliate,web,United States,22,Retired,,231932.0
8079701,2024-11-27,paid_search,web,United States,18,Consultant,,187498.0
7424342,2024-12-14,social,web,United States,32,Nurse,,378167.0
2804053,2023-12-25,organic,android,United States,37,Marketing Manager,,
8964443,2023-05-18,organic,android,United States,44,Small Business Owner,,
7227740,2024-04-21,paid_search,web,Australia,21,Teacher,,154886.0
7129439,2024-06-08,social,android,United States,25,Software Engineer,,465838.0
5261663,2024-02-20,affiliate,web,Germany,43,Student,,231932.0
8374626,2024-02-11,affiliate,web,United States,28,Retired,,744167.0
5785956,2024-05-25,organic,ios,United States,35,Student,,
4868452,2023-09-25,organic,web,Germany,29,Sales Rep,,
1657191,2024-06-14,social,web,Philippines,46,Student,,378167.0
3656040,2023-05-05,referral,ios,United States,35,Retired,Partner App,
6670706,2024-10-01,organic,ios,United Kingdom,29,Teacher,,
7096696,2024-09-07,organic,ios,India,28,Unemployed,,
5589369,2024-08-30,social,ios,United States,37,Accountant,,465838.0
6474106,2023-11-08,organic,android,Canada,36,Software Engineer,,
1821052,2024-11-19,social,web,United States,29,Nurse,,465838.0
5818750,2024-09-10,organic,ios,Mexico,47,Nurse,,
7981440,2024-08-11,organic,web,United Kingdom,38,Student,,429365.0
8636805,2024-07-05,organic,ios,Germany,22,Marketing Manager,,
4770183,2024-12-02,organic,android,United States,46,Accountant,,
5884299,2023-09-05,referral,web,United States,24,Consultant,Existing Customer,
1558924,2023-06-12,organic,ios,India,26,Freelancer,,429365.0
3164563,2024-05-26,affiliate,android,Germany,25,Nurse,,231932.0
6769049,2024-01-09,organic,android,Brazil,33,Freelancer,,
6244761,2024-12-13,social,android,Germany,30,Teacher,,465838.0
5261725,2023-05-19,affiliate,web,Canada,26,Unemployed,,231932.0
4049316,2023-10-09,organic,ios,Nigeria,23,Nurse,,429365.0
4934053,2024-05-05,paid_search,web,India,49,Consultant,,141090.0
4802986,2023-10-17,social,web,United States,46,Consultant,,378167.0
6244786,2023-11-07,paid_search,android,United States,42,Student,,421879.0
5032371,2023-06-04,social,ios,India,36,Sales Rep,,465838.0
6834611,2023-09-26,referral,android,Philippines,27,Retired,Employee,
6506933,2024-05-28,organic,android,United States,30,Marketing Manager,,429365.0
3459507,2023-02-18,paid_search,ios,United States,30,Teacher,,164820.0
4704697,2024-02-18,organic,android,India,31,Unemployed,,
4344250,2024-07-18,referral,web,Germany,25,Marketing Manager,Community Forum,
3361216,2024-03-18,organic,android,United States,45,Retired,,
6113728,2024-09-01,referral,web,Canada,43,Nurse,Existing Customer,
2443717,2024-12-07,organic,ios,Canada,26,Marketing Manager,,
1558981,2024-07-24,paid_search,ios,United States,27,Unemployed,,154886.0
6408647,2024-07-17,paid_search,ios,United States,31,Small Business Owner,,359178.0
3656138,2024-06-27,organic,android,Mexico,34,Nurse,,999159.0
5294539,2024-12-06,referral,web,India,35,Sales Rep,Employee,
5327308,2024-03-12,paid_search,android,Nigeria,33,Software Engineer,,187498.0
9423309,2023-09-30,affiliate,android,Philippines,32,Software Engineer,,221958.0
5753292,2024-08-02,paid_search,android,United States,18,Software Engineer,,621430.0
2279898,2024-06-02,organic,android,United States,29,Sales Rep,,
3328476,2024-01-03,paid_search,web,India,34,Small Business Owner,,154886.0
5065183,2024-02-11,paid_search,android,United States,30,Accountant,,141090.0
4245988,2023-08-15,affiliate,web,Germany,40,Software Engineer,,744167.0
9325032,2023-12-30,social,android,Canada,39,Retired,,378167.0
1559031,2024-10-29,organic,web,Nigeria,36,Marketing Manager,,
2607618,2024-07-09,organic,ios,United States,45,Software Engineer,,
4803074,2024-08-18,affiliate,ios,United States,50,Student,,231932.0
5458434,2024-01-11,organic,ios,Nigeria,52,Accountant,,
8112646,2023-05-19,social,android,United Kingdom,18,Unemployed,,465838.0
5982732,2024-05-22,affiliate,ios,Australia,33,Marketing Manager,,275203.0
7457294,2024-06-26,organic,android,United States,46,Consultant,,
4999694,2023-11-25,organic,ios,India,27,Software Engineer,,
6998544,2024-12-14,referral,web,United Kingdom,46,Freelancer,Partner App,
9751063,2024-12-28,paid_search,ios,Mexico,38,Retired,,237337.0
1788443,2024-10-16,affiliate,web,United States,32,Accountant,,231932.0
4901403,2024-11-27,social,ios,United Kingdom,26,Retired,,378167.0
2968093,2023-08-27,social,android,United States,63,Nurse,,465838.0
5556766,2024-10-30,paid_search,ios,United States,37,Unemployed,,187498.0
3656222,2024-08-26,affiliate,web,Canada,18,Consultant,,291335.0
8079903,2023-09-28,affiliate,web,Australia,25,Student,,832180.0
7850529,2023-12-09,organic,ios,United States,27,Sales Rep,,
3459622,2024-12-01,affiliate,web,Australia,44,Consultant,,744167.0
2312743,2024-10-12,social,android,United States,43,Student,,378167.0
6867504,2024-03-11,organic,ios,United States,26,Retired,,
6408753,2024-09-09,organic,ios,Philippines,52,Sales Rep,,
7227952,2024-11-23,social,ios,United States,29,Marketing Manager,,465838.0
3361331,2024-11-30,paid_search,ios,United States,27,Freelancer,,164820.0
4377136,2024-12-11,affiliate,android,United Kingdom,18,Student,,275203.0
1231414,2024-01-24,referral,android,United States,30,Retired,Employee,
9521722,2024-05-30,organic,ios,Canada,43,Marketing Manager,,
7195196,2024-03-07,organic,web,United States,32,Retired,,
1460796,2024-10-01,social,web,Philippines,47,Student,,378167.0
5491260,2024-12-24,affiliate,android,Germany,29,Unemployed,,231932.0
6015551,2024-03-30,organic,android,United States,33,Retired,,
7195200,2024-05-23,social,ios,United States,37,Retired,,378167.0
1854016,2024-02-07,paid_search,web,United Kingdom,33,Teacher,,187498.0
5720642,2023-11-23,paid_search,ios,Philippines,18,Consultant,,237337.0
2509390,2024-09-07,paid_search,web,United Kingdom,44,Small Business Owner,,421879.0
9947727,2024-10-19,social,ios,United States,34,Marketing Manager,,378167.0
6048336,2024-02-19,organic,android,United States,52,Nurse,,
6408792,2023-11-17,paid_search,web,United States,34,Freelancer,,154886.0
9063001,2023-05-10,social,ios,United States,49,Accountant,,378167.0
3852889,2024-03-15,social,web,Brazil,32,Unemployed,,465838.0
9652831,2024-11-07,social,web,United States,54,Marketing Manager,,465838.0
4475488,2023-01-22,organic,ios,India,45,Marketing Manager,,
1264237,2024-12-23,affiliate,android,United States,39,Freelancer,,275203.0
8997488,2023-11-19,social,ios,Mexico,18,Student,,465838.0
6703737,2024-07-24,affiliate,web,United Kingdom,37,Sales Rep,,231932.0
5261946,2024-10-10,affiliate,ios,United States,48,Marketing Manager,,887201.0
4344443,2024-09-16,organic,android,Canada,29,Student,,
7162492,2023-10-09,social,ios,United States,18,Consultant,,378167.0
2378369,2023-05-30,organic,ios,Canada,25,Accountant,,
8440449,2024-10-28,paid_search,ios,United States,30,Sales Rep,,771155.0
9357956,2024-05-29,paid_search,ios,India,42,Retired,,237337.0
3721864,2024-09-07,affiliate,android,Philippines,58,Unemployed,,887201.0
5524105,2024-02-17,organic,web,Australia,43,Unemployed,,
1067661,2024-02-08,organic,ios,United States,32,Freelancer,,
5229215,2023-11-20,paid_search,ios,Germany,26,Consultant,,237337.0
8604323,2024-09-25,paid_search,ios,United States,52,Software Engineer,,141090.0
5229228,2024-09-20,paid_search,ios,United States,34,Teacher,,141090.0
9357998,2024-08-07,organic,android,Brazil,31,Unemployed,,
2116271,2024-12-17,organic,web,United States,32,Unemployed,,
4147887,2024-07-14,affiliate,web,United Kingdom,38,Retired,,221958.0
8014511,2023-10-02,organic,android,Philippines,32,Marketing Manager,,
7097020,2024-08-29,affiliate,ios,Canada,26,Retired,,231932.0
6507200,2024-07-04,paid_search,android,United States,48,Unemployed,,141090.0
5819075,2024-10-12,affiliate,ios,United States,30,Marketing Manager,,832180.0
1624773,2024-09-16,organic,android,United Kingdom,35,Nurse,,429365.0
5032654,2024-07-19,affiliate,ios,Philippines,33,Nurse,,275203.0
8899284,2024-06-07,organic,web,United States,36,Small Business Owner,,
5589716,2024-04-28,affiliate,ios,United States,20,Teacher,,210268.0
4672214,2023-09-18,social,ios,Canada,20,Freelancer,,465838.0
5327576,2024-09-15,social,web,Canada,32,Marketing Manager,,465838.0
1985257,2024-12-21,social,web,Philippines,58,Small Business Owner,,378167.0
8211179,2024-04-24,referral,ios,Australia,28,Sales Rep,Employee,
8637174,2023-09-29,organic,web,Philippines,32,Consultant,,
7097091,2024-08-15,paid_search,ios,United States,23,Sales Rep,,621430.0
5589764,2024-03-10,paid_search,ios,Brazil,39,Sales Rep,,141090.0
6212360,2024-03-15,organic,ios,Canada,28,Nurse,,
7555851,2023-11-18,affiliate,web,Australia,20,Small Business Owner,,832180.0
9194253,2024-06-10,social,android,Canada,27,Consultant,,465838.0
4672277,2024-08-19,paid_search,ios,United States,27,Freelancer,,818315.0
7129877,2023-10-26,organic,ios,United States,41,Marketing Manager,,999159.0
6802199,2023-04-13,affiliate,web,India,23,Nurse,,832180.0
9325344,2024-07-09,social,ios,Mexico,29,Consultant,,378167.0
6540070,2024-03-28,affiliate,web,Canada,31,Retired,,832180.0
8506161,2023-12-01,organic,android,United Kingdom,24,Consultant,,
5622580,2024-08-25,paid_search,web,Australia,23,Sales Rep,,237337.0
7850807,2024-03-07,affiliate,web,United States,29,Unemployed,,210268.0
1624913,2023-12-12,referral,android,United Kingdom,31,Unemployed,Community Forum,
3558231,2023-03-29,social,web,United Kingdom,32,Sales Rep,,378167.0
2902871,2024-11-16,paid_search,ios,United Kingdom,19,Student,,164820.0
9161562,2024-10-05,paid_search,android,United States,31,Small Business Owner,,164820.0
2902897,2024-12-03,affiliate,web,Philippines,40,Software Engineer,,291335.0
1264500,2024-02-27,affiliate,android,United States,42,Consultant,,887201.0
5884797,2023-07-05,organic,ios,United States,31,Sales Rep,,
7555968,2024-12-14,referral,ios,Mexico,18,Retired,Partner App,
1461122,2024-09-12,social,web,Canada,28,Retired,,465838.0
4246417,2024-08-26,organic,ios,United States,42,Student,,999159.0
7523229,2024-11-08,organic,web,United States,18,Small Business Owner,,999159.0
5721005,2024-09-11,affiliate,android,Canada,25,Nurse,,291335.0
1756079,2024-06-30,affiliate,web,United States,33,Marketing Manager,,744167.0
5229491,2023-11-03,organic,android,United States,35,Teacher,,
4737973,2024-05-16,affiliate,web,Mexico,37,Student,,210268.0
1985461,2023-09-16,paid_search,android,Australia,18,Retired,,421879.0
5163960,2024-12-12,paid_search,android,Philippines,33,Nurse,,621430.0
5327802,2023-10-31,organic,web,Philippines,34,Marketing Manager,,
2935740,2024-06-06,referral,android,United States,26,Teacher,Employee,
1493948,2023-06-30,affiliate,android,United States,41,Nurse,,832180.0
1100734,2024-06-23,affiliate,ios,United States,22,Marketing Manager,,887201.0
3230653,2024-09-19,social,web,India,42,Sales Rep,,465838.0
2804673,2024-12-12,organic,web,United States,34,Consultant,,
9161665,2023-06-24,paid_search,ios,United Kingdom,21,Sales Rep,,818315.0
3263429,2023-11-28,paid_search,web,Germany,31,Accountant,,421879.0
5327819,2024-10-23,paid_search,ios,Philippines,25,Sales Rep,,359178.0
4770771,2024-07-08,organic,ios,United States,22,Accountant,,
8932310,2024-03-03,organic,ios,Canada,35,Teacher,,
2935772,2024-06-05,organic,ios,United States,43,Software Engineer,,999159.0
4606940,2024-10-19,referral,web,United States,57,Teacher,Partner App,
6081502,2024-06-16,organic,web,United States,20,Retired,,
9882600,2023-08-02,organic,web,India,26,Retired,,
5327858,2024-06-17,organic,ios,United States,34,Unemployed,,
6900726,2024-09-19,paid_search,ios,United States,45,Retired,,154886.0
5622776,2024-02-03,paid_search,ios,Philippines,18,Freelancer,,164820.0
9849851,2023-08-30,affiliate,ios,United States,27,Consultant,,221958.0
5131279,2024-04-16,paid_search,web,Germany,27,Sales Rep,,154886.0
4344849,2024-08-11,paid_search,web,United States,49,Freelancer,,187498.0
2444315,2024-09-27,paid_search,web,Australia,45,Small Business Owner,,154886.0
6278172,2024-02-29,social,android,United States,27,Nurse,,465838.0
5098535,2024-01-05,organic,android,United States,26,Student,,
4017193,2024-09-18,organic,web,United States,27,Accountant,,
5426219,2024-11-18,organic,android,United States,32,Sales Rep,,
4541483,2024-02-13,affiliate,web,United States,32,Freelancer,,832180.0
7130158,2024-08-15,organic,android,United States,42,Accountant,,429365.0
3755063,2024-09-21,organic,web,Australia,18,Teacher,,
7982137,2024-04-11,affiliate,android,Philippines,37,Teacher,,887201.0
9227323,2024-09-03,organic,web,United States,28,Teacher,,
8834112,2024-10-19,social,web,Canada,40,Teacher,,465838.0
3165251,2023-09-10,organic,android,United States,31,Student,,
3263557,2023-05-08,organic,web,United States,44,Student,,
6638663,2024-08-21,affiliate,ios,Canada,26,Software Engineer,,291335.0
2247752,2024-04-27,organic,ios,Canada,28,Nurse,,
9817164,2024-08-28,organic,android,Brazil,18,Sales Rep,,
9325648,2024-08-09,paid_search,ios,Australia,31,Sales Rep,,141090.0
2903124,2024-08-20,social,ios,Australia,18,Freelancer,,378167.0
4934740,2024-05-28,affiliate,web,Philippines,36,Teacher,,210268.0
5753954,2023-05-26,social,android,Nigeria,42,Student,,378167.0
3951720,2023-09-04,affiliate,ios,United States,43,Retired,,744167.0
9096297,2023-10-14,referral,web,United States,44,Unemployed,Existing Customer,
8637547,2023-06-27,social,ios,United States,54,Nurse,,378167.0
1920114,2023-09-26,affiliate,web,United States,45,Accountant,,210268.0
8801402,2024-05-17,organic,android,India,38,Nurse,,
7425148,2023-12-08,paid_search,ios,Germany,31,Small Business Owner,,237337.0
1297542,2024-09-17,social,ios,Germany,30,Student,,465838.0
9555080,2024-06-08,affiliate,android,United Kingdom,34,Small Business Owner,,887201.0
1526925,2023-08-19,organic,web,Mexico,42,Student,,
7621778,2023-03-16,social,web,United States,55,Teacher,,465838.0
1658003,2023-11-27,social,android,Germany,25,Student,,465838.0
9718936,2024-05-30,affiliate,ios,United States,43,Nurse,,887201.0
1690778,2024-02-12,referral,web,United Kingdom,34,Marketing Manager,Community Forum,
5622942,2024-09-01,organic,ios,United States,42,Teacher,,
5688482,2023-07-30,paid_search,web,Canada,46,Unemployed,,237337.0
6507683,2024-07-04,social,android,India,21,Unemployed,,465838.0
5033123,2024-03-22,paid_search,web,United States,23,Marketing Manager,,359178.0
9948331,2023-07-03,organic,android,Canada,39,Sales Rep,,
7982252,2024-11-05,organic,web,Canada,55,Sales Rep,,
5262511,2024-02-09,paid_search,ios,United States,43,Software Engineer,,359178.0
1297584,2024-03-21,organic,ios,Philippines,25,Marketing Manager,,
4377778,2024-10-16,organic,android,United States,35,Nurse,,
3853501,2024-05-01,organic,android,Nigeria,41,Student,,
7490750,2024-09-05,social,web,India,25,Student,,465838.0
1494209,2024-07-26,organic,web,United States,30,Accountant,,
4345026,2024-11-25,social,ios,Germany,39,Small Business Owner,,378167.0
3853507,2024-11-27,organic,android,United Kingdom,24,Retired,,999159.0
8277186,2024-09-14,organic,ios,United Kingdom,32,Marketing Manager,,
2575557,2024-02-28,organic,ios,United States,28,Student,,
3427540,2024-06-20,paid_search,web,Canada,38,Accountant,,164820.0
4410580,2024-06-04,paid_search,ios,United States,31,Marketing Manager,,237337.0
8703189,2023-08-01,organic,web,United States,25,Teacher,,
5131479,2024-05-12,organic,web,India,28,Software Engineer,,429365.0
2673879,2024-09-30,social,web,United Kingdom,42,Teacher,,465838.0
1789148,2023-11-09,organic,web,United States,40,Retired,,
9227489,2024-02-20,paid_search,ios,India,36,Unemployed,,141090.0
5360866,2024-11-23,paid_search,web,United States,18,Accountant,,187498.0
6016239,2024-11-22,affiliate,web,India,34,Teacher,,744167.0
2018543,2023-05-11,paid_search,web,United States,34,Nurse,,187498.0
6311154,2024-10-13,organic,ios,Nigeria,29,Accountant,,
1821939,2024-09-24,social,ios,India,36,Software Engineer,,378167.0
1920243,2024-02-23,social,android,Mexico,35,Software Engineer,,465838.0
5623037,2024-08-31,paid_search,android,United States,30,Student,,359178.0
3394820,2024-12-18,paid_search,ios,United States,44,Teacher,,621430.0
7326981,2024-01-11,social,web,United States,39,Sales Rep,,378167.0
9817353,2024-12-19,paid_search,android,United States,31,Marketing Manager,,141090.0
9686283,2024-01-25,affiliate,android,United States,38,Sales Rep,,221958.0
1854741,2024-12-04,paid_search,ios,United Kingdom,27,Unemployed,,359178.0
5197079,2024-07-19,paid_search,android,United Kingdom,48,Sales Rep,,187498.0
5885211,2023-10-13,paid_search,web,India,41,Teacher,,359178.0
6081820,2024-12-21,affiliate,web,Mexico,48,Consultant,,221958.0
1658139,2024-05-14,social,web,Philippines,18,Software Engineer,,465838.0
9325857,2024-05-14,organic,ios,Mexico,46,Freelancer,,
7589154,2023-05-02,paid_search,android,United States,40,Teacher,,359178.0
7753008,2024-10-19,organic,ios,Philippines,26,Nurse,,
7163185,2023-09-03,affiliate,android,United States,29,Accountant,,887201.0
1592632,2024-08-24,referral,ios,Canada,25,Retired,Community Forum,
3689784,2024-06-13,organic,ios,United Kingdom,26,Sales Rep,,
4017465,2023-07-06,referral,web,Australia,52,Nurse,Existing Customer,
8473915,2024-12-19,social,web,India,22,Nurse,,465838.0
7556410,2024-04-21,organic,web,United States,39,Software Engineer,,429365.0
6081857,2024-09-21,organic,web,United States,28,Student,,
4246849,2024-11-07,paid_search,ios,United States,29,Student,,187498.0
5262663,2024-12-24,organic,web,United States,19,Small Business Owner,,
3788107,2023-10-18,social,android,Mexico,21,Software Engineer,,465838.0
3427667,2024-05-31,social,web,India,42,Teacher,,378167.0
8736085,2024-10-15,social,ios,Australia,49,Marketing Manager,,378167.0
2968921,2024-04-21,paid_search,ios,Canada,33,Accountant,,237337.0
4607323,2024-12-30,referral,web,United States,21,Unemployed,Partner App,
8310108,2024-04-07,paid_search,web,Germany,31,Student,,237337.0
1953122,2024-09-21,paid_search,android,United States,32,Freelancer,,818315.0
7654754,2024-07-16,paid_search,ios,Canada,47,Student,,164820.0
7949666,2024-11-02,organic,ios,United States,39,Software Engineer,,
7327090,2024-10-21,affiliate,ios,Germany,45,Teacher,,832180.0
3100021,2024-07-07,affiliate,ios,United States,41,Sales Rep,,275203.0
4541815,2023-11-19,referral,web,Australia,32,Student,Employee,
8899963,2024-11-01,organic,android,Canada,23,Teacher,,
2346365,2024-11-24,organic,ios,Philippines,21,Student,,
8015232,2023-12-20,organic,web,Nigeria,53,Teacher,,
1265033,2024-01-16,paid_search,web,United States,38,Sales Rep,,187498.0
1265039,2024-12-08,affiliate,web,Mexico,30,Unemployed,,291335.0
5623190,2023-09-26,organic,web,United States,35,Freelancer,,
3755423,2023-11-15,organic,ios,Canada,43,Freelancer,,
6147501,2023-08-06,paid_search,ios,United Kingdom,24,Software Engineer,,154886.0
9817518,2024-03-08,organic,web,India,35,Nurse,,
4443571,2024-01-12,affiliate,web,Mexico,43,Teacher,,221958.0
3952053,2024-12-15,referral,web,United States,37,Small Business Owner,Employee,
1199542,2024-09-13,organic,android,Canada,31,Freelancer,,
5230013,2024-09-20,social,ios,Brazil,34,Software Engineer,,378167.0
7785932,2024-10-20,organic,ios,Brazil,51,Small Business Owner,,
1723858,2024-10-29,paid_search,web,India,20,Marketing Manager,,237337.0
3493330,2024-11-19,organic,android,United States,18,Teacher,,999159.0
8179156,2024-06-12,organic,web,Mexico,37,Small Business Owner,,
4443609,2024-07-16,organic,web,India,44,Marketing Manager,,
1297883,2023-05-09,organic,ios,United States,34,Marketing Manager,,
9457123,2024-07-13,paid_search,android,Australia,18,Marketing Manager,,154886.0
1134055,2024-08-02,organic,ios,Germany,44,Accountant,,
1723879,2024-11-03,paid_search,android,Canada,48,Marketing Manager,,154886.0
9358827,2024-02-01,social,web,United Kingdom,28,Teacher,,465838.0
4509163,2024-05-20,organic,android,Australia,35,Consultant,,
7687666,2024-01-13,referral,android,Philippines,18,Student,Existing Customer,
2706930,2023-06-29,organic,web,United States,20,Small Business Owner,,
5688827,2024-05-13,affiliate,ios,United States,37,Software Engineer,,832180.0
1428988,2024-02-21,organic,android,United States,52,Student,,
7818753,2023-08-07,paid_search,ios,Germany,41,Small Business Owner,,818315.0
3821058,2024-01-21,paid_search,android,Canada,26,Student,,359178.0
3788302,2023-10-05,affiliate,ios,Canada,43,Sales Rep,,887201.0
2215442,2024-09-04,paid_search,web,Canada,18,Software Engineer,,359178.0
9752084,2024-03-30,paid_search,web,United States,18,Sales Rep,,164820.0
5000737,2023-03-11,social,web,United Kingdom,32,Marketing Manager,,465838.0
5000740,2024-04-04,organic,web,United States,50,Nurse,,
5197355,2024-09-24,affiliate,ios,United States,55,Accountant,,744167.0
9915948,2024-08-20,organic,web,India,23,Retired,,
3821105,2024-05-12,organic,android,Philippines,24,Marketing Manager,,
5754417,2024-09-16,organic,android,Mexico,18,Freelancer,,
1494592,2024-08-30,paid_search,android,United States,38,Retired,,818315.0
9686594,2023-06-04,organic,ios,United States,18,Student,,
2707017,2023-10-21,organic,web,Canada,18,Accountant,,
6311499,2024-10-30,paid_search,android,United Kingdom,28,Student,,154886.0
3788363,2024-03-16,organic,web,Canada,38,Sales Rep,,
2379339,2023-08-20,organic,ios,Australia,29,Small Business Owner,,
2215502,2024-04-28,organic,web,United States,43,Teacher,,
6868555,2024-02-20,paid_search,android,United Kingdom,45,Sales Rep,,154886.0
8900171,2024-09-23,organic,android,United States,24,Student,,
7687764,2024-06-09,affiliate,ios,United Kingdom,35,Retired,,291335.0
3657303,2023-05-04,organic,web,United States,57,Freelancer,,
1527409,2023-07-07,organic,web,Canada,49,Freelancer,,
8539769,2024-11-28,paid_search,web,United States,26,Student,,164820.0
4640377,2023-05-06,social,ios,Nigeria,20,Software Engineer,,378167.0
5557885,2024-10-21,organic,web,United States,27,Software Engineer,,
6573694,2024-11-02,organic,web,United States,41,Software Engineer,,
5230207,2024-09-16,affiliate,android,United States,23,Freelancer,,275203.0
5525121,2023-11-04,paid_search,ios,United States,55,Accountant,,237337.0
6409861,2023-04-28,social,web,Australia,21,Retired,,378167.0
3985032,2024-04-09,organic,web,United States,35,Software Engineer,,
3591822,2024-11-01,social,web,United States,20,Freelancer,,465838.0
1166991,2024-06-12,affiliate,web,Germany,18,Nurse,,231932.0
6049425,2024-07-06,organic,android,United States,44,Accountant,,
3526297,2023-10-23,affiliate,ios,Australia,39,Freelancer,,887201.0
3100326,2024-11-19,organic,android,United States,38,Sales Rep,,429365.0
1298090,2024-02-07,organic,ios,Australia,20,Retired,,
7818922,2024-09-29,paid_search,web,United States,44,Nurse,,421879.0
6737580,2023-09-11,affiliate,android,Canada,30,Consultant,,221958.0
8441521,2024-11-06,social,android,United States,50,Unemployed,,465838.0
5983926,2024-09-19,affiliate,ios,Nigeria,42,Student,,744167.0
1003196,2024-01-24,social,web,United States,31,Unemployed,,378167.0
8179391,2024-12-18,social,android,United States,37,Software Engineer,,465838.0
8441537,2023-05-04,paid_search,android,Australia,35,Retired,,187498.0
5590723,2023-01-03,organic,ios,India,41,Accountant,,429365.0
6115011,2024-10-01,organic,ios,United States,29,Unemployed,,
7491280,2024-03-01,referral,web,Australia,42,Retired,Community Forum,
5525208,2024-05-02,organic,web,United States,24,Unemployed,,
2805468,2024-08-24,paid_search,ios,United States,35,Freelancer,,164820.0
9260768,2024-02-28,affiliate,ios,United States,46,Marketing Manager,,210268.0
8736484,2024-10-02,paid_search,android,United States,39,Nurse,,818315.0
9785064,2023-07-15,social,web,United States,30,Consultant,,465838.0
6082281,2024-10-29,paid_search,web,Mexico,38,Accountant,,187498.0
3428081,2024-12-24,social,ios,Mexico,32,Consultant,,465838.0
4968178,2023-11-25,organic,web,United States,29,Unemployed,,
6934261,2024-02-28,affiliate,web,United States,23,Retired,,832180.0
1920759,2024-09-28,organic,ios,United States,50,Unemployed,,
5590778,2024-09-23,paid_search,web,Nigeria,30,Sales Rep,,187498.0
5754619,2024-07-09,organic,web,India,29,Unemployed,,
2117374,2023-10-21,affiliate,android,United States,39,Student,,744167.0
6606594,2024-09-24,organic,ios,Mexico,36,Sales Rep,,
5197571,2024-05-01,paid_search,android,Canada,42,Nurse,,771155.0
9457411,2024-09-13,referral,web,India,37,Sales Rep,Community Forum,
2805518,2023-07-11,referral,web,United States,32,Student,Community Forum,
9391893,2024-08-07,referral,web,Canada,32,Nurse,Community Forum,
7851803,2024-09-26,organic,web,India,50,Nurse,,
9064220,2024-12-03,affiliate,web,United States,24,Freelancer,,210268.0
5394203,2024-07-01,organic,ios,United States,46,Accountant,,
1888036,2024-11-27,paid_search,android,Philippines,54,Freelancer,,154886.0
3854119,2024-05-13,affiliate,android,India,28,Student,,231932.0
2281258,2023-09-12,organic,android,India,24,Consultant,,999159.0
5689133,2024-11-06,social,web,Germany,36,Nurse,,465838.0
4345647,2024-06-11,organic,ios,United States,28,Unemployed,,
3854135,2024-11-26,organic,web,United States,37,Retired,,
4804409,2024-07-14,referral,ios,Philippines,21,Unemployed,Existing Customer,
8605502,2024-12-12,organic,web,Canada,24,Accountant,,
8605503,2023-11-11,affiliate,web,Mexico,27,Nurse,,275203.0
6967106,2024-10-12,paid_search,web,Australia,22,Marketing Manager,,818315.0
8474447,2024-10-10,organic,ios,Germany,46,Freelancer,,
5623636,2023-08-07,organic,ios,Mexico,32,Consultant,,999159.0
5427036,2024-10-24,organic,ios,United States,28,Student,,
6180703,2023-05-04,paid_search,ios,United States,23,Sales Rep,,818315.0
9326435,2023-09-14,affiliate,android,India,48,Student,,887201.0
1822564,2024-10-04,organic,web,United States,31,Freelancer,,429365.0
3559272,2023-12-21,affiliate,ios,Canada,30,Marketing Manager,,832180.0
1134445,2024-11-17,organic,android,India,22,Marketing Manager,,
3854190,2023-08-09,referral,web,Philippines,24,Unemployed,Community Forum,
5001070,2024-05-15,organic,android,United States,34,Consultant,,
4050798,2023-09-17,paid_search,ios,Australia,24,Consultant,,237337.0
6934385,2024-08-09,paid_search,android,Australia,23,Nurse,,621430.0
6573945,2023-06-21,affiliate,android,Mexico,37,Accountant,,291335.0
5066621,2024-09-15,organic,android,Mexico,44,Nurse,,
1036160,2024-03-20,affiliate,web,United States,63,Nurse,,210268.0
4476808,2024-11-22,affiliate,web,United Kingdom,29,Sales Rep,,210268.0
7720841,2024-11-16,organic,ios,Mexico,18,Software Engineer,,999159.0
7262094,2023-10-21,organic,web,United States,18,Marketing Manager,,
8998799,2024-01-06,affiliate,ios,United Kingdom,34,Software Engineer,,887201.0
8245136,2024-05-08,referral,android,United Kingdom,39,Consultant,Existing Customer,
7262105,2023-11-02,organic,ios,United States,28,Software Engineer,,
1953692,2024-03-20,organic,ios,Mexico,56,Small Business Owner,,429365.0
2150311,2024-01-11,affiliate,web,Australia,34,Teacher,,832180.0
5263272,2024-02-13,paid_search,web,United States,25,Small Business Owner,,771155.0
1494955,2024-09-06,paid_search,web,Australia,23,Software Engineer,,359178.0
5197739,2024-08-20,referral,ios,United States,47,Nurse,Community Forum,
7622575,2024-01-07,organic,android,Canada,29,Nurse,,429365.0
4444084,2024-10-03,organic,ios,Mexico,27,Teacher,,
8507324,2023-07-08,social,ios,Australia,28,Sales Rep,,378167.0
8867791,2023-03-11,social,ios,United States,21,Marketing Manager,,378167.0
3002324,2024-09-29,paid_search,android,Nigeria,43,Teacher,,359178.0
6672354,2023-05-09,social,ios,Philippines,35,Retired,,378167.0
8998883,2024-01-16,social,ios,United States,43,Sales Rep,,465838.0
4902908,2023-12-26,paid_search,ios,United States,46,Small Business Owner,,154886.0
2838524,2024-07-17,organic,android,United States,23,Sales Rep,,
2478081,2024-12-11,social,web,United States,43,Small Business Owner,,378167.0
7917571,2024-06-19,social,ios,United States,33,Sales Rep,,465838.0
7524367,2024-12-18,social,ios,India,29,Freelancer,,378167.0
8638483,2024-09-15,organic,ios,United States,41,Retired,,
8867863,2024-07-19,social,web,United States,18,Unemployed,,378167.0
2609184,2023-04-22,paid_search,web,Canada,36,Marketing Manager,,421879.0
3362854,2024-04-08,social,web,Philippines,19,Sales Rep,,465838.0
5165100,2023-11-15,organic,ios,United States,33,Retired,,
2248749,2024-02-11,affiliate,ios,United Kingdom,51,Unemployed,,887201.0
2805808,2023-10-21,organic,web,United States,51,Consultant,,
4050999,2024-08-20,organic,web,Canada,45,Nurse,,
2773055,2023-12-09,referral,web,United Kingdom,43,Sales Rep,Existing Customer,
4214850,2024-03-09,paid_search,ios,Canada,36,Consultant,,154886.0
1101894,2023-12-02,social,android,United States,27,Consultant,,465838.0
2707542,2024-01-03,referral,android,Canada,39,Consultant,Existing Customer,
9424990,2023-08-20,organic,android,United States,27,Small Business Owner,,999159.0
4837478,2023-07-04,social,android,United States,18,Accountant,,465838.0
2871403,2024-11-12,organic,android,United States,62,Software Engineer,,
1691757,2024-03-20,social,web,United States,38,Unemployed,,378167.0
7164014,2024-08-20,paid_search,android,Brazil,50,Small Business Owner,,421879.0
7622766,2024-10-23,affiliate,ios,Canada,29,Retired,,221958.0
7688304,2024-08-21,affiliate,android,India,50,Student,,221958.0
4182132,2024-05-28,social,ios,Canada,33,Student,,378167.0
8081530,2023-09-01,social,ios,India,40,Student,,378167.0
3592316,2023-12-29,paid_search,web,United Kingdom,28,Unemployed,,164820.0
7393404,2024-04-24,paid_search,web,United States,23,Nurse,,154886.0
9425021,2024-09-18,organic,ios,United States,38,Nurse,,
2379904,2024-08-29,referral,web,Germany,59,Sales Rep,Community Forum,
9654406,2023-08-26,social,android,United States,50,Teacher,,465838.0
9261195,2024-04-26,affiliate,web,Australia,31,Software Engineer,,231932.0
3723408,2024-11-23,organic,ios,Canada,27,Sales Rep,,
3166354,2024-07-07,affiliate,web,India,39,Accountant,,221958.0
2936983,2023-11-18,organic,android,United States,51,Consultant,,429365.0
5132443,2024-07-17,paid_search,android,United States,27,Software Engineer,,154886.0
6672540,2024-10-21,paid_search,web,United States,38,Accountant,,237337.0
4477084,2024-06-28,social,android,Mexico,34,Accountant,,378167.0
3657885,2024-04-04,affiliate,android,United States,32,Small Business Owner,,832180.0
4149409,2024-02-02,paid_search,ios,United States,37,Teacher,,621430.0
1953959,2024-09-29,organic,web,United States,36,Accountant,,999159.0
9556135,2024-11-02,paid_search,android,Germany,32,Student,,164820.0
1855656,2023-01-13,affiliate,ios,United States,22,Freelancer,,275203.0
8343728,2024-06-03,affiliate,web,Nigeria,49,Retired,,291335.0
5984445,2023-10-20,affiliate,ios,United States,48,Marketing Manager,,291335.0
3887296,2023-12-23,organic,ios,United States,19,Accountant,,
6181057,2024-07-12,referral,ios,United States,32,Software Engineer,Existing Customer,
2347203,2024-05-23,affiliate,ios,India,21,Unemployed,,291335.0
2543812,2024-06-09,organic,ios,United States,34,Nurse,,
5361862,2023-06-12,paid_search,web,United States,30,Software Engineer,,187498.0
7655623,2024-11-06,affiliate,web,Philippines,42,Retired,,221958.0
8376519,2024-09-03,paid_search,ios,India,25,Unemployed,,237337.0
6017226,2023-12-15,referral,web,Canada,45,Unemployed,Employee,
2576590,2024-04-10,paid_search,ios,Philippines,31,Sales Rep,,154886.0
7524559,2024-08-16,organic,web,India,35,Accountant,,429365.0
1855695,2024-01-15,organic,ios,United States,25,Software Engineer,,
3264719,2024-11-29,organic,android,Brazil,24,Freelancer,,
5394643,2024-05-31,referral,web,Germany,20,Nurse,Existing Customer,
6672605,2024-06-11,organic,android,United Kingdom,44,Freelancer,,
6967520,2024-03-07,organic,android,United States,21,Nurse,,
5722340,2024-04-11,social,ios,United States,25,Student,,378167.0
5066981,2024-08-16,organic,android,United States,33,Teacher,,429365.0
4509934,2023-08-01,social,ios,United States,22,Accountant,,378167.0
7426288,2023-04-20,affiliate,android,Nigeria,42,Retired,,275203.0
7360756,2024-10-16,affiliate,android,United States,38,Teacher,,275203.0
3592440,2024-08-10,referral,ios,Brazil,30,Unemployed,Employee,
5886202,2024-06-26,organic,ios,Canada,45,Sales Rep,,
6770938,2024-10-05,social,web,United States,21,Marketing Manager,,465838.0
4411647,2023-07-18,affiliate,web,Canada,20,Sales Rep,,231932.0
4018439,2024-11-18,referral,android,United States,38,Software Engineer,Existing Customer,
6050058,2024-08-08,paid_search,ios,Canada,21,Teacher,,187498.0
9949454,2024-01-23,paid_search,ios,Mexico,28,Unemployed,,187498.0
3821839,2023-12-28,paid_search,android,United States,60,Sales Rep,,164820.0
2609425,2023-10-23,paid_search,android,Germany,37,Software Engineer,,359178.0
6476049,2023-08-28,affiliate,ios,India,36,Unemployed,,291335.0
9556255,2023-11-18,paid_search,ios,United Kingdom,69,Freelancer,,164820.0
3985696,2024-01-10,paid_search,ios,Philippines,52,Marketing Manager,,154886.0
4346145,2024-08-17,social,ios,Canada,33,Student,,465838.0
9195810,2024-09-23,referral,android,United States,41,Freelancer,Existing Customer,
2314532,2024-08-09,paid_search,ios,United States,26,Small Business Owner,,621430.0
7491878,2024-09-20,paid_search,web,United States,33,Retired,,421879.0
3166503,2024-03-15,paid_search,ios,Nigeria,41,Retired,,164820.0
3526954,2024-07-23,organic,ios,United States,28,Marketing Manager,,
2937135,2024-12-24,affiliate,web,United States,24,Teacher,,832180.0
5460276,2024-09-04,organic,ios,Mexico,44,Student,,
9654584,2024-12-23,paid_search,web,United States,34,Freelancer,,621430.0
2183493,2024-09-17,referral,android,Mexico,28,Small Business Owner,Existing Customer,
7065925,2024-01-03,paid_search,ios,Australia,36,Nurse,,187498.0
2052425,2024-06-02,paid_search,web,Australia,26,Software Engineer,,154886.0
8966473,2023-05-07,social,web,United States,34,Consultant,,465838.0
3199318,2024-06-08,paid_search,ios,Philippines,36,Retired,,771155.0
3592536,2024-01-17,social,android,Australia,20,Unemployed,,465838.0
3363162,2024-09-03,affiliate,ios,United States,49,Teacher,,291335.0
7721308,2024-08-26,organic,web,Australia,18,Student,,
1298783,2024-12-14,organic,web,United Kingdom,30,Software Engineer,,
9916776,2024-04-28,social,web,Nigeria,43,Freelancer,,465838.0
4641141,2023-10-24,affiliate,ios,United States,48,Teacher,,275203.0
2543992,2024-12-27,paid_search,android,United States,18,Retired,,237337.0
6279548,2024-12-01,organic,web,United States,25,Freelancer,,
5099906,2024-06-15,social,ios,United States,42,Accountant,,378167.0
9982339,2023-12-21,paid_search,ios,India,39,Unemployed,,141090.0
3953028,2023-10-28,referral,ios,United States,27,Consultant,Existing Customer,
9752967,2024-01-26,affiliate,android,United States,23,Unemployed,,210268.0
5230987,2024-02-07,affiliate,ios,Mexico,37,Nurse,,275203.0
4739469,2024-02-24,affiliate,ios,Canada,35,Sales Rep,,210268.0
7623063,2024-04-11,social,web,United States,29,Nurse,,378167.0
2380188,2024-12-03,affiliate,web,Australia,50,Marketing Manager,,744167.0
9785780,2024-06-01,paid_search,android,United States,35,Consultant,,141090.0
9687479,2024-04-21,paid_search,android,United Kingdom,33,Sales Rep,,771155.0
1888698,2023-12-17,social,android,Australia,28,Student,,378167.0
9228736,2024-10-25,organic,android,Philippines,50,Marketing Manager,,
7295425,2024-06-23,organic,android,Philippines,46,Retired,,
2806210,2024-09-22,paid_search,android,Mexico,24,Nurse,,237337.0
4280772,2024-05-31,organic,android,United States,40,Accountant,,
5788109,2024-08-24,social,ios,United States,39,Consultant,,378167.0
1069518,2024-10-30,referral,ios,Mexico,40,Software Engineer,Partner App,
6312399,2023-10-11,organic,ios,United States,37,Software Engineer,,
2576845,2024-03-30,affiliate,ios,United Kingdom,18,Student,,231932.0
3887569,2024-09-13,organic,android,United States,30,Sales Rep,,
2707923,2024-11-28,affiliate,android,India,40,Accountant,,275203.0
3592670,2024-06-08,social,ios,Mexico,32,Retired,,465838.0
1364446,2024-06-11,affiliate,ios,United States,18,Small Business Owner,,275203.0
6246880,2024-03-27,organic,android,United States,41,Freelancer,,
5034464,2024-06-26,referral,web,United States,35,Freelancer,Existing Customer,
7557601,2024-02-26,organic,web,Australia,39,Marketing Manager,,429365.0
9654758,2023-03-16,paid_search,android,United States,33,Retired,,621430.0
1004011,2024-12-08,organic,ios,Germany,38,Sales Rep,,
8770032,2024-06-25,affiliate,ios,Philippines,51,Small Business Owner,,887201.0
8081905,2024-02-18,organic,ios,Mexico,42,Teacher,,999159.0
5329394,2024-09-02,social,web,Mexico,56,Student,,378167.0
7983604,2024-10-29,organic,ios,United States,37,Marketing Manager,,
6869494,2023-11-10,social,android,India,28,Small Business Owner,,465838.0
6181377,2023-08-22,social,ios,Canada,35,Marketing Manager,,465838.0
7557642,2024-08-22,paid_search,ios,United States,35,Small Business Owner,,359178.0
4346386,2023-12-09,organic,android,Nigeria,26,Accountant,,
6312470,2024-02-07,social,ios,United States,29,Teacher,,378167.0
4149783,2024-10-23,social,android,United States,27,Small Business Owner,,378167.0
4772380,2024-08-06,affiliate,web,Canada,41,Software Engineer,,744167.0
7098915,2024-01-08,organic,web,Philippines,44,Student,,
9359922,2024-09-15,organic,web,United States,30,Freelancer,,
1233462,2024-08-28,social,android,United States,53,Student,,465838.0
6607414,2024-05-01,affiliate,web,United States,29,Student,,275203.0
3822136,2024-11-21,paid_search,ios,Canada,18,Unemployed,,421879.0
2675259,2024-03-28,paid_search,web,Australia,52,Software Engineer,,164820.0
6410812,2024-09-25,social,web,Philippines,18,Sales Rep,,465838.0
6607423,2024-09-17,affiliate,web,Australia,48,Small Business Owner,,221958.0
5952075,2024-07-01,paid_search,ios,United States,18,Small Business Owner,,154886.0
5755469,2024-09-16,social,ios,Philippines,39,Marketing Manager,,465838.0
3887698,2024-07-02,affiliate,web,Germany,45,Consultant,,744167.0
6050405,2024-03-22,paid_search,ios,United States,60,Freelancer,,237337.0
9163365,2024-09-24,organic,web,India,18,Marketing Manager,,
7557734,2023-07-10,organic,ios,Philippines,37,Teacher,,
4674153,2024-10-04,social,web,United States,38,Sales Rep,,378167.0
1004138,2023-04-19,organic,web,Germany,26,Marketing Manager,,
6509165,2024-06-25,affiliate,web,United States,34,Retired,,210268.0
7754350,2024-09-10,affiliate,ios,Canada,38,Accountant,,221958.0
9032304,2024-05-04,organic,web,United Kingdom,26,Consultant,,
3297905,2024-10-19,organic,android,United Kingdom,18,Consultant,,
6017650,2024-02-25,organic,ios,Australia,38,Sales Rep,,
1593975,2024-11-22,organic,web,Australia,18,Freelancer,,
9523838,2023-05-26,social,ios,Germany,21,Teacher,,378167.0
6476420,2024-03-16,organic,web,United Kingdom,38,Unemployed,,
7197323,2023-12-10,social,ios,India,40,Small Business Owner,,465838.0
3887757,2024-04-14,affiliate,web,United States,49,Teacher,,744167.0
8442510,2024-09-08,organic,ios,India,40,Consultant,,
6410897,2024-11-13,organic,ios,United States,46,Accountant,,
3986068,2024-09-18,paid_search,android,India,29,Retired,,237337.0
7328404,2024-10-12,social,ios,Canada,40,Software Engineer,,378167.0
2806423,2023-04-28,organic,ios,Canada,20,Software Engineer,,
1626776,2024-11-03,organic,android,India,35,Consultant,,429365.0
5034649,2024-06-06,organic,web,United States,38,Freelancer,,999159.0
7721635,2024-09-13,affiliate,ios,United Kingdom,45,Marketing Manager,,275203.0
4772515,2024-09-10,affiliate,android,United States,18,Small Business Owner,,275203.0
8311460,2023-10-03,organic,web,United States,38,Student,,429365.0
4051622,2024-04-24,organic,ios,Germany,26,Sales Rep,,
1954480,2024-11-19,social,ios,United States,31,Unemployed,,465838.0
2478768,2024-08-11,paid_search,ios,United States,33,Student,,187498.0
4117172,2024-08-26,paid_search,web,Mexico,54,Marketing Manager,,818315.0
4117173,2024-06-12,paid_search,web,Mexico,40,Small Business Owner,,359178.0
8704694,2024-08-30,organic,web,United States,32,Marketing Manager,,
3035848,2023-12-02,organic,web,United Kingdom,29,Marketing Manager,,
8082122,2023-08-19,affiliate,web,India,26,Consultant,,887201.0
6574807,2024-12-21,social,web,India,27,Student,,465838.0
1463001,2024-01-26,affiliate,ios,United States,40,Software Engineer,,887201.0
8016611,2024-04-17,paid_search,ios,Germany,28,Unemployed,,421879.0
2085610,2024-04-18,referral,android,United Kingdom,18,Retired,Partner App,
8639214,2024-02-22,social,ios,United States,18,Software Engineer,,465838.0
1299189,2024-01-26,paid_search,web,Germany,37,Teacher,,154886.0
4510463,2024-03-03,referral,android,Canada,20,Student,Employee,
1135370,2024-04-18,organic,web,India,26,Unemployed,,
6279947,2024-12-23,affiliate,web,United States,41,Retired,,275203.0
3691276,2024-03-15,paid_search,web,United States,33,Accountant,,359178.0
1921806,2024-09-13,social,android,United States,19,Nurse,,378167.0
4018967,2023-07-30,paid_search,ios,Australia,44,Small Business Owner,,771155.0
7983896,2024-01-09,paid_search,web,United States,37,Student,,421879.0
9753373,2024-08-30,organic,ios,India,18,Teacher,,
3429151,2024-01-22,social,ios,India,18,Student,,465838.0
5100321,2024-07-30,social,ios,United States,45,Student,,378167.0
8082212,2024-12-17,referral,ios,United States,29,Software Engineer,Partner App,
4838187,2024-12-06,paid_search,web,United States,52,Marketing Manager,,187498.0
9392939,2024-12-22,paid_search,web,Nigeria,29,Freelancer,,818315.0
4346668,2024-10-08,organic,ios,Germany,29,Nurse,,
2020154,2024-10-25,referral,web,India,34,Student,Employee,
8639298,2023-11-04,paid_search,web,United States,22,Nurse,,359178.0
3658571,2024-03-29,organic,ios,India,36,Unemployed,,
6116176,2023-08-02,social,web,United States,18,Marketing Manager,,465838.0
5854042,2024-11-10,organic,ios,United Kingdom,43,Student,,
1397595,2024-03-12,referral,web,United States,25,Nurse,Community Forum,
3593050,2024-01-19,organic,ios,United Kingdom,33,Accountant,,
2872154,2024-08-23,paid_search,web,United States,24,Marketing Manager,,237337.0
5591901,2024-06-02,organic,web,United States,42,Unemployed,,
2511710,2024-10-22,social,ios,United States,23,Teacher,,378167.0
7852902,2024-04-24,social,web,Brazil,30,Consultant,,465838.0
5657448,2024-07-19,social,web,Brazil,39,Student,,378167.0
4871018,2024-04-11,social,web,United States,35,Nurse,,465838.0
9884527,2023-10-22,paid_search,android,United States,18,Teacher,,359178.0
1233782,2023-12-05,paid_search,web,Canada,37,Nurse,,421879.0
2839433,2024-07-14,organic,web,United States,40,Teacher,,
1528714,2023-12-16,social,android,United States,26,Software Engineer,,378167.0
8639377,2024-01-29,organic,ios,Australia,41,Consultant,,
4772763,2024-11-14,organic,ios,Mexico,18,Accountant,,
2806684,2023-09-09,social,web,United States,18,Freelancer,,465838.0
6738852,2023-03-31,paid_search,web,United Kingdom,27,Student,,771155.0
7590828,2024-10-10,referral,web,India,27,Marketing Manager,Existing Customer,
8016812,2023-10-11,referral,android,United States,40,Teacher,Community Forum,
4379569,2023-10-05,organic,android,Philippines,18,Consultant,,
7689142,2024-06-06,affiliate,web,United States,31,Teacher,,291335.0
5297084,2024-03-28,social,android,United States,41,Small Business Owner,,378167.0
9786301,2023-10-11,affiliate,android,India,25,Teacher,,744167.0
9982913,2024-10-14,social,ios,United States,47,Marketing Manager,,465838.0
4936642,2023-02-20,organic,android,United States,36,Consultant,,
4969411,2024-09-23,social,android,United States,22,Marketing Manager,,465838.0
3593157,2024-02-17,social,web,United States,46,Software Engineer,,378167.0
4772811,2024-11-08,organic,android,United States,39,Unemployed,,
6837196,2024-07-06,organic,web,Nigeria,39,Sales Rep,,
1561548,2023-05-03,organic,android,United States,36,Accountant,,
1397710,2024-04-07,organic,ios,India,26,Software Engineer,,
4477899,2024-07-03,social,web,Canada,41,Freelancer,,378167.0
7197649,2023-12-26,affiliate,web,India,20,Marketing Manager,,887201.0
4674515,2024-05-10,paid_search,ios,Brazil,19,Sales Rep,,621430.0
4182999,2024-11-14,affiliate,ios,Philippines,33,Freelancer,,231932.0
5198811,2024-06-13,affiliate,android,United States,29,Unemployed,,291335.0
6280156,2023-10-31,organic,web,Brazil,40,Small Business Owner,,999159.0
5985248,2023-04-08,organic,ios,India,33,Small Business Owner,,
6444003,2024-06-15,affiliate,ios,Philippines,40,Nurse,,231932.0
2544613,2023-09-22,affiliate,android,Mexico,38,Teacher,,291335.0
4641771,2024-11-06,social,ios,United States,28,Consultant,,378167.0
6345708,2024-10-08,organic,ios,United States,28,Teacher,,
6214636,2024-05-13,affiliate,ios,United States,42,Teacher,,210268.0
8737777,2024-05-09,paid_search,android,United Kingdom,22,Software Engineer,,421879.0
3724274,2024-01-07,social,ios,India,37,Accountant,,465838.0
9589747,2024-03-16,social,ios,Germany,33,Small Business Owner,,378167.0
6935537,2023-12-09,organic,web,India,35,Marketing Manager,,
5952505,2024-03-07,social,android,Germany,34,Retired,,378167.0
2020346,2024-08-10,social,android,United States,42,Teacher,,378167.0
6411263,2024-03-30,paid_search,web,Mexico,27,Sales Rep,,621430.0
2577415,2024-10-16,paid_search,android,Canada,26,Retired,,818315.0
5067784,2024-11-21,organic,ios,Germany,18,Software Engineer,,
6968333,2024-10-18,organic,web,United States,32,Freelancer,,
2937878,2024-08-21,referral,web,Australia,32,Consultant,Employee,
7427095,2024-08-25,affiliate,web,Germany,30,Sales Rep,,291335.0
5592087,2024-07-06,affiliate,ios,United States,35,Software Engineer,,221958.0
2348055,2024-02-28,affiliate,web,India,31,Nurse,,832180.0
9491485,2024-08-25,organic,android,United Kingdom,34,Nurse,,
4477983,2024-11-05,referral,web,Germany,60,Sales Rep,Partner App,
3396640,2024-09-06,organic,ios,Canada,30,Small Business Owner,,
5264423,2024-03-06,referral,web,India,40,Student,Existing Customer,
6181930,2024-07-29,referral,ios,United States,32,Accountant,Partner App,
1037361,2023-05-12,organic,ios,United States,37,Marketing Manager,,
9622587,2024-05-02,organic,web,United States,49,Nurse,,
8705092,2024-09-15,organic,android,Nigeria,36,Unemployed,,
5100612,2024-12-17,organic,android,United States,26,Teacher,,
7722055,2024-08-07,affiliate,web,Australia,44,Small Business Owner,,744167.0
5755976,2024-08-21,organic,web,India,29,Accountant,,
9294919,2024-07-14,organic,android,United States,29,Student,,
7558221,2023-09-26,paid_search,ios,Nigeria,46,Accountant,,818315.0
1234000,2024-04-25,affiliate,ios,United States,40,Marketing Manager,,744167.0
8377426,2024-06-30,organic,web,Philippines,35,Unemployed,,
5657693,2023-11-30,affiliate,web,Germany,43,Accountant,,887201.0
5755997,2024-03-03,affiliate,web,United States,20,Unemployed,,291335.0
6607968,2024-07-25,organic,web,Germany,35,Marketing Manager,,
4772962,2024-12-30,organic,web,India,20,Unemployed,,
2217060,2024-02-25,social,android,United States,50,Retired,,378167.0
5756004,2024-12-05,organic,android,United Kingdom,33,Student,,
5297255,2024-03-09,organic,web,Canada,45,Small Business Owner,,
7722090,2024-09-07,organic,web,United Kingdom,25,Student,,
3396716,2024-02-11,referral,ios,United States,30,Retired,Partner App,
4609134,2024-04-26,organic,android,United States,25,Small Business Owner,,
7820399,2023-02-27,affiliate,ios,Mexico,26,Marketing Manager,,210268.0
3429488,2024-08-02,social,android,Brazil,20,Unemployed,,465838.0
3167354,2024-12-10,organic,ios,Mexico,38,Student,,
1856636,2024-04-12,organic,ios,Philippines,23,Retired,,
6345854,2023-06-19,organic,ios,India,40,Marketing Manager,,
5100673,2024-07-27,organic,ios,United Kingdom,51,Nurse,,999159.0
2675843,2024-10-03,organic,web,United States,35,Consultant,,
1397891,2024-12-16,paid_search,web,Brazil,28,Student,,421879.0
1004677,2023-07-12,social,ios,United States,37,Software Engineer,,378167.0
2643083,2023-10-20,social,ios,Philippines,23,Unemployed,,465838.0
6214802,2024-05-02,affiliate,android,Canada,32,Software Engineer,,221958.0
9262236,2024-07-01,affiliate,ios,Mexico,28,Teacher,,275203.0
3363999,2023-09-24,referral,web,United Kingdom,32,Consultant,Community Forum,
9622693,2023-12-18,organic,ios,Philippines,52,Student,,
5264550,2023-09-23,organic,ios,United States,27,Consultant,,
1496232,2024-09-19,referral,ios,United States,38,Unemployed,Partner App,
7984297,2023-06-02,organic,android,Germany,44,Sales Rep,,
6542511,2024-04-29,organic,android,Australia,32,Unemployed,,
9524405,2024-07-26,social,web,Mexico,39,Nurse,,378167.0
7787702,2024-11-19,affiliate,web,United States,33,Student,,744167.0
6083769,2024-01-09,affiliate,ios,Brazil,48,Retired,,210268.0
2118844,2023-09-28,organic,web,Germany,53,Nurse,,
1594557,2024-12-19,affiliate,ios,Canada,32,Consultant,,291335.0
4445376,2024-11-08,affiliate,android,United States,41,Software Engineer,,291335.0
5166289,2024-01-28,organic,android,Germany,24,Sales Rep,,
6182101,2024-08-26,affiliate,android,Canada,20,Freelancer,,744167.0
6083801,2023-12-20,affiliate,web,Nigeria,43,Teacher,,744167.0
5461213,2023-08-24,affiliate,web,Australia,38,Accountant,,887201.0
4314344,2024-02-26,affiliate,ios,United Kingdom,30,Software Engineer,,744167.0
3593449,2023-11-16,organic,ios,United States,23,Consultant,,
7099628,2024-02-26,organic,web,India,46,Retired,,
9983212,2024-09-19,paid_search,web,Brazil,38,Accountant,,237337.0
4478192,2024-06-30,organic,web,Brazil,31,Small Business Owner,,999159.0
1398008,2024-06-19,paid_search,ios,India,42,Software Engineer,,237337.0
5657851,2024-07-06,paid_search,ios,United States,28,Sales Rep,,164820.0
1692924,2023-10-15,organic,web,United States,32,Unemployed,,
6378750,2024-10-06,paid_search,android,United States,18,Consultant,,237337.0
4576511,2024-12-08,organic,ios,Germany,34,Freelancer,,
5821699,2024-01-01,paid_search,ios,United States,57,Consultant,,154886.0
8049926,2024-08-21,paid_search,web,United States,33,Retired,,141090.0
6149387,2023-10-21,organic,web,Canada,38,Student,,
7918863,2023-08-23,paid_search,web,United States,39,Student,,421879.0
3331348,2024-12-11,paid_search,ios,Canada,18,Marketing Manager,,621430.0
5854487,2024-02-04,paid_search,ios,India,31,Small Business Owner,,621430.0
7132446,2024-11-30,organic,web,United States,18,Nurse,,
6477093,2024-04-17,social,web,United States,27,Sales Rep,,378167.0
9557286,2024-05-08,affiliate,android,Mexico,28,Software Engineer,,887201.0
7918889,2024-10-15,paid_search,ios,United Kingdom,35,Nurse,,154886.0
6182190,2024-07-20,organic,web,Brazil,18,Retired,,
5264694,2024-05-04,paid_search,web,Canada,52,Sales Rep,,141090.0
6968633,2024-08-05,organic,web,Canada,39,Sales Rep,,
6313280,2024-12-30,organic,ios,United States,18,Software Engineer,,
8049985,2024-03-14,organic,android,India,19,Student,,
3429700,2024-03-14,paid_search,ios,United States,29,Nurse,,141090.0
3659083,2024-02-08,paid_search,ios,Brazil,42,Small Business Owner,,164820.0
7689558,2023-08-23,paid_search,web,United States,30,Sales Rep,,818315.0
3757398,2024-07-06,referral,ios,United States,43,Unemployed,Existing Customer,
9065819,2024-11-23,affiliate,web,Canada,48,Accountant,,221958.0
2217309,2024-04-23,organic,android,Philippines,29,Accountant,,
7034207,2024-09-03,social,android,United States,18,Accountant,,378167.0
1987938,2024-12-27,affiliate,android,United States,20,Teacher,,210268.0
9196906,2024-07-25,paid_search,android,Canada,19,Nurse,,164820.0
9033076,2023-05-26,paid_search,web,United States,25,Retired,,164820.0
6575477,2024-09-05,referral,ios,India,46,Student,Community Forum,
9885048,2024-03-16,social,web,Canada,29,Accountant,,378167.0
6444408,2024-03-22,paid_search,ios,India,33,Student,,187498.0
8738170,2024-11-17,affiliate,ios,United States,50,Small Business Owner,,291335.0
7951740,2024-07-14,paid_search,web,United Kingdom,38,Small Business Owner,,154886.0
1070463,2023-02-16,paid_search,ios,United States,18,Freelancer,,237337.0
2119043,2024-02-13,social,web,United States,40,Consultant,,465838.0
1955205,2023-09-27,paid_search,android,Philippines,21,Small Business Owner,,141090.0
9360777,2024-01-29,affiliate,ios,Australia,32,Student,,291335.0
3167626,2023-12-11,affiliate,web,United States,31,Teacher,,887201.0
8312203,2023-09-07,affiliate,ios,United States,36,Nurse,,231932.0
9688458,2024-08-26,organic,android,United States,30,Accountant,,
5428622,2024-05-22,organic,android,Canada,45,Freelancer,,
1824143,2024-08-01,organic,web,United States,28,Sales Rep,,
2413967,2024-12-24,organic,web,Brazil,34,Consultant,,
5363089,2023-05-19,organic,ios,India,33,Retired,,
8541586,2024-08-16,affiliate,android,United Kingdom,27,Consultant,,744167.0
6149534,2024-07-08,paid_search,android,Mexico,29,Retired,,141090.0
1889694,2024-02-09,organic,web,United States,39,Small Business Owner,,429365.0
5166500,2024-04-02,organic,web,United States,56,Nurse,,
7296450,2023-11-08,referral,android,United Kingdom,46,Teacher,Partner App,
3298756,2024-07-19,organic,ios,United Kingdom,37,Marketing Manager,,
2151882,2024-07-24,organic,web,United Kingdom,18,Small Business Owner,,
9950668,2024-05-08,social,ios,India,36,Marketing Manager,,378167.0
5428690,2024-12-27,social,ios,Nigeria,29,Freelancer,,378167.0
2807254,2024-05-08,organic,android,Philippines,51,Teacher,,
3659232,2024-05-30,paid_search,ios,United States,29,Sales Rep,,359178.0
5035493,2024-08-27,social,web,India,56,Accountant,,465838.0
4675049,2024-02-23,paid_search,ios,United States,45,Software Engineer,,237337.0
5101036,2024-02-23,referral,web,United States,31,Student,Employee,
7296495,2024-12-17,organic,ios,Nigeria,28,Freelancer,,
8017403,2024-05-12,organic,ios,Mexico,26,Accountant,,
3593726,2024-10-13,affiliate,android,Philippines,25,Accountant,,221958.0
9623041,2023-12-22,organic,ios,United States,40,Sales Rep,,
9131526,2024-07-07,referral,web,United States,26,Sales Rep,Employee,
5002761,2024-05-24,organic,android,United States,18,Sales Rep,,
9229840,2024-07-16,referral,web,United States,26,Software Engineer,Partner App,
4970001,2024-04-05,organic,ios,United Kingdom,28,Unemployed,,
6673938,2023-07-29,affiliate,ios,Mexico,47,Student,,210268.0
8541714,2023-09-09,social,web,India,35,Small Business Owner,,378167.0
3790353,2023-09-03,paid_search,android,Canada,18,Consultant,,141090.0
5330453,2023-08-09,organic,android,United States,21,Marketing Manager,,
3790358,2024-07-12,organic,ios,United States,31,Accountant,,
5428760,2024-02-12,social,web,United States,63,Nurse,,465838.0
5068316,2024-03-19,referral,android,India,25,Software Engineer,Community Forum,
8246813,2024-03-02,referral,android,India,18,Unemployed,Community Forum,
9360927,2024-08-22,social,web,United States,23,Consultant,,465838.0
3790373,2024-04-26,organic,web,India,19,Teacher,,
2414119,2023-02-15,organic,android,Brazil,18,Freelancer,,
2315823,2023-06-22,social,ios,Brazil,33,Student,,465838.0
1070640,2024-11-27,social,ios,Australia,25,Student,,465838.0
2577969,2024-10-25,organic,web,United States,18,Accountant,,
3036721,2023-10-26,social,android,United States,29,Accountant,,465838.0
7525940,2024-07-14,organic,android,Australia,40,Unemployed,,
4937270,2024-08-27,organic,web,Australia,36,Software Engineer,,
1562167,2024-05-06,organic,web,Brazil,42,Unemployed,,
4314692,2024-07-06,affiliate,ios,Australia,40,Consultant,,291335.0
6116934,2023-11-12,organic,web,Canada,23,Teacher,,999159.0
1758795,2024-06-28,organic,web,Mexico,42,Software Engineer,,
7984720,2024-05-04,referral,android,India,37,Software Engineer,Employee,
4281941,2024-10-04,affiliate,android,United States,30,Student,,275203.0
1660501,2024-06-12,organic,web,India,30,Freelancer,,
9295445,2024-07-17,paid_search,web,United States,48,Retired,,141090.0
5461595,2024-02-01,paid_search,android,Germany,41,Accountant,,771155.0
5101153,2024-07-30,organic,ios,United States,27,Teacher,,
6379105,2023-07-09,referral,ios,United States,27,Student,Partner App,
2807402,2024-09-22,organic,web,United States,18,Unemployed,,
9131631,2024-06-28,paid_search,web,Canada,34,Retired,,187498.0
7919219,2024-03-10,paid_search,ios,India,35,Student,,771155.0
8967801,2023-05-07,paid_search,android,Nigeria,47,Accountant,,237337.0
8574587,2024-12-25,organic,ios,Brazil,36,Student,,
2741888,2024-04-27,affiliate,web,United Kingdom,28,Teacher,,221958.0
9852545,2023-12-31,affiliate,android,United Kingdom,25,Software Engineer,,832180.0
8050305,2024-11-07,paid_search,ios,Germany,38,Retired,,359178.0
4347526,2024-01-01,affiliate,ios,United States,48,Software Engineer,,887201.0
3233414,2023-01-24,organic,android,India,18,Marketing Manager,,
2545288,2024-05-16,referral,web,United States,37,Freelancer,Partner App,
1791624,2024-03-30,organic,ios,India,41,Nurse,,
2971277,2024-08-16,social,web,United States,18,Nurse,,378167.0
4609684,2024-11-05,organic,web,United States,36,Teacher,,
1398422,2024-09-11,paid_search,web,United States,25,Accountant,,771155.0
7296665,2024-07-31,affiliate,web,India,18,Retired,,275203.0
8640167,2024-10-13,affiliate,web,Canada,29,Marketing Manager,,744167.0
3659440,2024-10-08,affiliate,ios,India,18,Small Business Owner,,744167.0
2545329,2023-12-13,social,web,Mexico,38,Small Business Owner,,465838.0
1529525,2024-04-27,affiliate,web,Mexico,18,Consultant,,275203.0
9885366,2024-12-12,affiliate,web,United States,47,Sales Rep,,210268.0
7952057,2024-07-11,organic,ios,Canada,26,Small Business Owner,,
5822139,2023-06-20,affiliate,ios,Philippines,29,Retired,,744167.0
3331774,2024-07-09,social,ios,Australia,24,Student,,378167.0
5625535,2024-07-20,organic,ios,Canada,23,Nurse,,
7689921,2024-07-19,social,android,Canada,36,Freelancer,,465838.0
4609736,2024-04-12,organic,ios,United States,42,Retired,,
8410825,2023-09-05,paid_search,android,United States,45,Unemployed,,818315.0
6018768,2023-08-01,referral,ios,Canada,31,Marketing Manager,Community Forum,
6870747,2024-05-05,referral,web,Germany,46,Consultant,Partner App,
6641379,2024-11-03,referral,ios,Mexico,21,Freelancer,Community Forum,
5002981,2023-12-02,paid_search,android,Philippines,38,Unemployed,,359178.0
5199591,2023-02-28,affiliate,ios,Canada,32,Small Business Owner,,887201.0
8181479,2024-12-12,organic,ios,India,54,Teacher,,
9197295,2024-09-08,affiliate,ios,Mexico,42,Accountant,,744167.0
5396208,2023-12-29,paid_search,ios,United States,34,Consultant,,154886.0
4773618,2024-10-25,affiliate,web,Brazil,21,Small Business Owner,,291335.0
7231219,2024-11-24,organic,web,India,23,Software Engineer,,999159.0
7263998,2023-06-08,social,ios,United States,30,Nurse,,465838.0
8115972,2024-10-15,organic,web,United Kingdom,35,Consultant,,
1464071,2024-10-26,affiliate,ios,Canada,34,Student,,275203.0
4183818,2024-01-16,social,ios,United States,22,Unemployed,,465838.0
7165706,2024-07-22,referral,android,Mexico,21,Software Engineer,Partner App,
7886608,2024-09-19,organic,web,Mexico,34,Marketing Manager,,999159.0
6412049,2024-10-16,affiliate,ios,United States,32,Marketing Manager,,744167.0
4904722,2024-02-29,paid_search,android,United States,38,Small Business Owner,,771155.0
5232406,2023-11-17,organic,ios,United States,27,Sales Rep,,
1693464,2024-12-24,affiliate,web,Mexico,23,Retired,,832180.0
7558947,2023-08-10,referral,android,United States,30,Consultant,Employee,
7853878,2024-01-17,paid_search,web,United States,31,Sales Rep,,164820.0
6051646,2023-08-10,referral,android,United States,18,Accountant,Existing Customer,
6477630,2023-11-01,organic,ios,Germany,38,Small Business Owner,,
5035851,2023-11-02,affiliate,android,United States,18,Marketing Manager,,210268.0
5625678,2023-06-23,affiliate,web,United States,51,Small Business Owner,,210268.0
4216662,2024-12-01,affiliate,android,Australia,51,Unemployed,,887201.0
7722841,2024-11-17,paid_search,android,Germany,18,Retired,,771155.0
2348894,2024-04-07,affiliate,ios,United States,30,Freelancer,,744167.0
7034722,2024-10-18,organic,web,Brazil,27,Small Business Owner,,
6936419,2024-11-23,social,web,India,26,Software Engineer,,378167.0
4708201,2024-06-11,social,android,United States,37,Retired,,378167.0
8738667,2024-07-06,organic,android,United Kingdom,21,Accountant,,
8738672,2023-08-31,social,web,Canada,27,Small Business Owner,,465838.0
1431413,2024-03-25,organic,ios,United States,22,Teacher,,
2512760,2024-10-02,social,web,United States,42,Teacher,,378167.0
1726331,2023-09-26,affiliate,ios,United States,53,Unemployed,,887201.0
9394043,2023-09-26,paid_search,ios,Germany,28,Retired,,141090.0
2414466,2024-07-18,paid_search,ios,United States,38,Small Business Owner,,621430.0
6281091,2024-06-06,affiliate,ios,United States,48,Nurse,,832180.0
7493509,2024-10-30,social,ios,Australia,28,Nurse,,465838.0
2250632,2023-06-01,referral,ios,Canada,36,Retired,Existing Customer,
4904840,2024-01-22,organic,ios,United Kingdom,34,Freelancer,,
7133066,2024-01-14,affiliate,web,Australia,39,Software Engineer,,231932.0
2578315,2023-09-23,paid_search,android,United States,31,Teacher,,771155.0
2414474,2024-02-09,organic,ios,Canada,41,Software Engineer,,
2381710,2024-11-07,organic,android,Australia,21,Retired,,
2742166,2024-04-18,organic,web,Brazil,37,Sales Rep,,
2185111,2024-12-04,affiliate,ios,Germany,26,Retired,,291335.0
6510493,2024-06-17,organic,android,Canada,28,Marketing Manager,,
5461918,2024-09-24,organic,web,United States,45,Consultant,,
7002024,2024-08-19,organic,ios,United States,25,Unemployed,,
7362473,2024-09-14,organic,ios,United States,32,Freelancer,,
3233706,2024-03-03,referral,web,United States,40,Unemployed,Partner App,
9033651,2024-08-26,paid_search,ios,Philippines,28,Small Business Owner,,187498.0
1300406,2024-11-02,organic,ios,United States,39,Marketing Manager,,
2906039,2023-06-25,organic,ios,India,34,Student,,
8869815,2023-06-07,organic,android,India,38,Unemployed,,
2807737,2024-12-29,organic,web,United States,41,Student,,
7952314,2023-12-03,referral,ios,Germany,39,Nurse,Community Forum,
8279995,2023-08-26,social,ios,India,51,Consultant,,465838.0
6215622,2024-08-05,referral,web,United States,34,Small Business Owner,Partner App,
5658575,2024-08-02,referral,ios,United States,25,Nurse,Partner App,
6248400,2024-08-16,social,ios,United States,42,Software Engineer,,465838.0
1234898,2024-04-02,social,ios,United States,36,Retired,,378167.0
3364825,2024-01-24,social,web,Philippines,35,Teacher,,378167.0
2086880,2023-11-15,affiliate,android,Canada,36,Unemployed,,832180.0
1791971,2024-11-09,social,ios,Canada,35,Accountant,,465838.0
7395300,2024-03-01,referral,web,Germany,33,Student,Employee,
1660902,2023-04-30,organic,android,United Kingdom,22,Sales Rep,,
3364840,2023-10-10,affiliate,android,Canada,41,Student,,887201.0
8902634,2024-06-05,paid_search,web,Canada,21,Sales Rep,,771155.0
1726448,2024-02-06,affiliate,android,Germany,22,Accountant,,744167.0
1464310,2024-09-26,organic,web,United States,35,Marketing Manager,,
5822455,2024-09-07,organic,web,United States,39,Small Business Owner,,
7723000,2024-06-01,affiliate,ios,United States,19,Sales Rep,,275203.0
1562621,2023-06-30,social,android,United States,34,Retired,,378167.0
7428099,2024-11-03,referral,web,United States,23,Unemployed,Employee,
1136645,2024-02-05,organic,ios,India,39,Student,,
3627014,2024-02-08,affiliate,web,Germany,30,Marketing Manager,,275203.0
3659786,2024-08-12,organic,android,Nigeria,43,Unemployed,,429365.0
6477835,2024-12-29,affiliate,ios,United States,41,Small Business Owner,,744167.0
9066513,2024-10-16,affiliate,ios,United States,42,Software Engineer,,291335.0
7297042,2024-11-25,referral,web,Brazil,37,Unemployed,Community Forum,
9197590,2024-12-21,organic,ios,India,26,Nurse,,
2578458,2024-09-07,affiliate,web,Canada,40,Marketing Manager,,744167.0
5330972,2023-07-20,paid_search,ios,United States,25,Freelancer,,818315.0
5101599,2024-12-12,referral,android,United States,30,Nurse,Employee,
4806688,2024-02-29,organic,web,United States,40,Teacher,,
6412319,2023-08-28,affiliate,ios,India,52,Freelancer,,210268.0
8542242,2024-06-30,affiliate,android,United States,42,Small Business Owner,,231932.0
8017955,2023-07-13,referral,ios,United States,37,Small Business Owner,Employee,
3332127,2024-02-01,organic,ios,United States,27,Nurse,,
3889190,2024-08-20,organic,web,India,26,Marketing Manager,,
3266598,2024-01-26,affiliate,ios,United States,38,Student,,231932.0
1398825,2024-10-12,organic,android,Germany,35,Freelancer,,429365.0
2480175,2024-02-26,social,web,Philippines,18,Consultant,,378167.0
8738866,2023-04-02,paid_search,android,United Kingdom,32,Nurse,,421879.0
8706113,2024-01-28,referral,web,Germany,44,Freelancer,Existing Customer,
2054212,2024-12-10,referral,web,United Kingdom,18,Sales Rep,Employee,
3921989,2024-12-11,organic,android,Mexico,35,Teacher,,
4741196,2023-05-31,organic,web,United States,26,Sales Rep,,999159.0
2873421,2024-08-10,affiliate,ios,United States,40,Retired,,275203.0
9295953,2024-05-28,affiliate,web,Canada,47,Unemployed,,231932.0
6051921,2024-07-20,paid_search,android,United States,42,Retired,,164820.0
8214615,2024-10-01,organic,ios,United States,37,Student,,
7886940,2024-07-07,social,web,United States,26,Teacher,,378167.0
2021469,2024-09-16,organic,web,United Kingdom,30,Marketing Manager,,
2250844,2024-12-23,organic,web,Canada,32,Accountant,,
9918562,2023-07-02,organic,android,United States,23,Nurse,,
6215784,2024-10-05,affiliate,web,Canada,33,Nurse,,221958.0
5494893,2024-04-12,social,web,United States,41,Consultant,,465838.0
2676850,2024-11-26,social,web,India,46,Nurse,,465838.0
1988722,2024-06-14,referral,ios,India,18,Unemployed,Existing Customer,
3332214,2024-07-26,organic,web,Philippines,29,Teacher,,
3430525,2024-02-26,social,ios,United States,39,Teacher,,378167.0
6248575,2024-05-24,paid_search,web,United States,34,Marketing Manager,,818315.0
9132162,2024-12-22,social,ios,United States,44,Nurse,,465838.0
8116355,2024-12-25,organic,web,United States,44,Accountant,,
3627144,2024-12-30,affiliate,ios,India,36,Small Business Owner,,291335.0
1464462,2024-11-03,paid_search,web,United States,44,Student,,621430.0
3496081,2023-07-29,affiliate,android,United Kingdom,38,Marketing Manager,,231932.0
8083610,2024-08-04,paid_search,web,United States,30,Accountant,,237337.0
8149148,2024-11-20,organic,android,United Kingdom,31,Marketing Manager,,
9164962,2024-08-06,organic,android,Australia,27,Software Engineer,,
1759401,2024-12-21,paid_search,android,United States,18,Teacher,,421879.0
5396650,2024-11-08,organic,android,United States,49,Sales Rep,,
1956011,2024-09-08,social,web,Mexico,23,Consultant,,465838.0
3922097,2024-11-28,organic,android,India,30,Freelancer,,
7002296,2024-08-08,organic,web,United States,40,Marketing Manager,,
4085945,2024-04-03,social,ios,United Kingdom,62,Sales Rep,,378167.0
5626043,2024-04-04,affiliate,android,Canada,47,Retired,,231932.0
1071295,2024-05-12,organic,ios,United States,39,Software Engineer,,
2644173,2024-09-27,paid_search,android,Mexico,19,Nurse,,359178.0
7166160,2024-04-23,organic,android,Germany,51,Software Engineer,,
9951442,2023-05-20,referral,web,India,53,Unemployed,Partner App,
1628373,2023-12-12,organic,ios,United Kingdom,35,Teacher,,
4413654,2024-04-27,paid_search,android,Canada,43,Unemployed,,164820.0
3037398,2024-04-15,affiliate,web,United States,30,Nurse,,210268.0
9853143,2024-11-07,referral,ios,Germany,43,Accountant,Community Forum,
6478047,2024-02-10,social,ios,United States,21,Teacher,,378167.0
9033951,2024-10-25,affiliate,web,United States,35,Nurse,,744167.0
5003487,2024-09-18,affiliate,ios,Canada,29,Retired,,832180.0
6772964,2024-05-21,referral,web,India,34,Nurse,Partner App,
5495013,2023-12-13,affiliate,android,United Kingdom,45,Consultant,,231932.0
6609125,2024-10-02,affiliate,web,United States,31,Teacher,,210268.0
3430630,2023-12-26,paid_search,android,Philippines,59,Freelancer,,421879.0
5396720,2024-11-24,organic,ios,Philippines,57,Small Business Owner,,
7330034,2024-08-05,social,web,Canada,52,Teacher,,465838.0
3692794,2023-12-20,organic,ios,Nigeria,36,Retired,,
6347006,2024-11-15,affiliate,web,Germany,60,Small Business Owner,,744167.0
7919875,2023-08-07,paid_search,web,United Kingdom,41,Retired,,818315.0
6445315,2024-02-11,organic,ios,United States,18,Marketing Manager,,
6248709,2024-10-06,referral,ios,India,18,Accountant,Existing Customer,
7919879,2024-01-23,social,web,Germany,37,Marketing Manager,,378167.0
5953799,2024-07-26,affiliate,web,Canada,20,Consultant,,291335.0
5134608,2023-09-12,referral,android,Germany,52,Student,Existing Customer,
7559442,2023-11-11,organic,web,United States,21,Marketing Manager,,
6674719,2024-10-24,social,android,Mexico,29,Retired,,378167.0
2218284,2023-12-23,social,ios,India,21,Sales Rep,,378167.0
4708654,2024-10-30,organic,web,Canada,30,Freelancer,,
3594545,2024-02-09,affiliate,android,United States,44,Teacher,,275203.0
8706358,2024-10-04,referral,android,Nigeria,37,Teacher,Employee,
6084921,2024-12-04,paid_search,ios,United States,43,Software Engineer,,164820.0
6609210,2024-03-27,paid_search,android,Mexico,30,Nurse,,237337.0
1104195,2024-08-20,organic,web,Brazil,30,Sales Rep,,429365.0
8542535,2024-04-11,organic,ios,United States,28,Nurse,,
9361735,2024-06-15,affiliate,android,Mexico,25,Student,,832180.0
1792330,2023-09-12,social,ios,United States,22,Accountant,,378167.0
6969677,2024-09-02,social,web,Canada,26,Student,,378167.0
7035218,2024-11-05,affiliate,ios,United States,19,Marketing Manager,,210268.0
7461202,2024-11-08,organic,ios,United States,41,Student,,
2185560,2024-06-05,organic,ios,Philippines,49,Small Business Owner,,
8575327,2024-09-03,paid_search,android,United States,18,Teacher,,621430.0
8313184,2024-07-16,social,android,United Kingdom,36,Software Engineer,,378167.0
9656691,2024-11-15,organic,web,United States,41,Freelancer,,
7854453,2024-07-13,organic,web,Canada,38,Nurse,,
5036405,2023-08-03,paid_search,android,Canada,18,Student,,187498.0
8640888,2023-12-17,paid_search,android,United Kingdom,41,Software Engineer,,818315.0
9525631,2023-10-25,organic,ios,Brazil,46,Freelancer,,429365.0
4053380,2024-04-28,affiliate,web,Mexico,37,Accountant,,210268.0
5659014,2024-07-22,social,android,Brazil,25,Accountant,,465838.0
1890695,2024-05-16,paid_search,ios,United Kingdom,26,Retired,,818315.0
3791241,2024-10-17,affiliate,ios,United States,18,Consultant,,221958.0
2546064,2024-09-29,organic,web,United States,43,Small Business Owner,,
1268116,2023-10-04,organic,android,Canada,43,Unemployed,,
6904214,2023-08-18,organic,web,United States,35,Sales Rep,,
3135896,2024-08-25,paid_search,ios,Canada,35,Software Engineer,,771155.0
8214938,2024-07-22,organic,web,United Kingdom,20,Nurse,,
4053407,2024-08-19,organic,android,United States,27,Freelancer,,
4086176,2024-11-28,social,web,India,18,Retired,,378167.0
7526818,2024-01-15,organic,android,United States,27,Nurse,,
7854500,2023-04-23,social,ios,Germany,37,Software Engineer,,378167.0
3332517,2024-10-21,paid_search,web,Canada,34,Unemployed,,154886.0
4839847,2024-11-22,affiliate,web,United States,30,Unemployed,,231932.0
1792425,2024-12-27,organic,web,United States,59,Consultant,,
1431978,2024-05-03,paid_search,android,United States,35,Consultant,,187498.0
2087341,2024-02-24,referral,android,United States,36,Accountant,Partner App,
2120113,2024-06-01,paid_search,ios,Mexico,23,Consultant,,187498.0
3561913,2024-03-12,organic,ios,Australia,30,Student,,429365.0
7428540,2024-11-19,affiliate,web,Nigeria,24,Freelancer,,887201.0
5036480,2024-03-18,organic,ios,United States,44,Unemployed,,
3398083,2024-07-27,paid_search,web,Australia,35,Software Engineer,,359178.0
9296335,2024-09-01,paid_search,ios,United Kingdom,18,Retired,,621430.0
7625169,2024-05-13,referral,android,Germany,35,Software Engineer,Employee,
1497562,2024-03-11,paid_search,ios,United States,18,Marketing Manager,,818315.0
3758566,2024-01-29,paid_search,ios,United States,26,Sales Rep,,818315.0
3791338,2024-11-18,referral,ios,United States,18,Nurse,Employee,
6150635,2024-09-17,affiliate,ios,Canada,30,Accountant,,221958.0
1661440,2023-02-01,paid_search,android,Australia,56,Small Business Owner,,771155.0
1792515,2024-03-02,affiliate,web,Philippines,29,Accountant,,231932.0
4020745,2024-07-02,organic,ios,Nigeria,47,Retired,,
9001482,2023-11-27,referral,web,Philippines,38,Nurse,Employee,
7526925,2023-07-20,organic,android,Philippines,26,Accountant,,
9558542,2024-07-18,paid_search,web,United States,30,Marketing Manager,,237337.0
1497619,2023-02-16,social,web,Australia,30,Retired,,378167.0
2349590,2024-12-09,organic,android,Canada,18,Retired,,
8313367,2024-01-11,affiliate,web,United States,39,Nurse,,887201.0
4839973,2024-11-13,social,web,United States,36,Retired,,378167.0
3201580,2024-04-07,organic,android,United States,23,Retired,,999159.0
2546236,2023-11-15,affiliate,android,United States,41,Marketing Manager,,275203.0
7756350,2024-10-07,affiliate,ios,United Kingdom,33,Sales Rep,,832180.0
6511174,2023-09-23,referral,ios,Australia,23,Freelancer,Partner App,
4151882,2023-09-17,paid_search,android,Brazil,20,Unemployed,,154886.0
2447947,2024-03-04,affiliate,ios,United States,20,Teacher,,744167.0
5790287,2023-03-02,social,ios,Canada,43,Freelancer,,378167.0
3430992,2024-02-29,affiliate,ios,Germany,58,Consultant,,291335.0
6642264,2024-08-26,organic,web,United States,18,Software Engineer,,
8018523,2023-07-01,affiliate,web,United Kingdom,18,Teacher,,832180.0
4282972,2024-12-11,referral,ios,United States,31,Teacher,Partner App,
4479591,2024-03-13,organic,web,Brazil,25,Teacher,,
4446839,2024-08-11,organic,web,United States,27,Teacher,,
1432184,2024-11-02,referral,web,United Kingdom,42,Software Engineer,Existing Customer,
3988088,2024-09-15,social,ios,United States,18,Accountant,,465838.0
8673919,2024-04-05,organic,web,United Kingdom,33,Consultant,,
4348549,2024-10-02,affiliate,web,United Kingdom,32,Unemployed,,887201.0
5495433,2024-05-23,affiliate,android,Australia,25,Small Business Owner,,744167.0
5429899,2024-12-13,social,android,Canada,41,Retired,,465838.0
3496589,2024-10-08,referral,web,United Kingdom,36,Freelancer,Employee,
7494290,2023-09-03,paid_search,android,India,18,Retired,,237337.0
6347417,2024-03-14,paid_search,web,Germany,19,Freelancer,,621430.0
9099932,2024-08-14,social,ios,Germany,47,Unemployed,,465838.0
4643488,2023-12-28,paid_search,android,United States,24,Unemployed,,141090.0
6183584,2024-10-11,organic,ios,Canada,48,Consultant,,
2742955,2023-09-27,organic,ios,United States,27,Nurse,,
5855920,2024-04-20,organic,ios,Canada,18,Freelancer,,
4479664,2024-04-25,affiliate,android,Canada,36,Small Business Owner,,832180.0
9362101,2023-11-17,referral,web,United States,33,Sales Rep,Community Forum,
5364406,2024-10-02,social,web,Philippines,18,Consultant,,465838.0
3726016,2024-08-04,affiliate,ios,United States,48,Retired,,887201.0
1923780,2024-11-05,organic,web,Philippines,46,Marketing Manager,,429365.0
2808516,2023-08-12,organic,android,United States,32,Small Business Owner,,
5528268,2024-08-12,affiliate,ios,United States,22,Sales Rep,,744167.0
4184790,2024-07-05,organic,android,United States,18,Retired,,
2579159,2024-05-20,organic,ios,United States,18,Consultant,,
5495511,2024-07-28,organic,web,United States,23,Small Business Owner,,
2775767,2024-06-03,paid_search,web,Philippines,22,Small Business Owner,,359178.0
1989336,2024-10-04,affiliate,ios,United States,27,Small Business Owner,,210268.0
3431129,2024-10-14,paid_search,ios,India,26,Nurse,,154886.0
1268449,2023-12-23,organic,web,Australia,24,Unemployed,,
7494374,2024-11-17,referral,ios,United States,37,Accountant,Employee,
8903402,2024-11-09,paid_search,web,United States,32,Small Business Owner,,237337.0
7002874,2024-10-07,paid_search,android,Brazil,18,Marketing Manager,,359178.0
2153224,2024-11-16,social,android,Philippines,28,Consultant,,378167.0
7789329,2024-08-14,affiliate,web,India,30,Consultant,,832180.0
7985945,2024-11-16,social,web,India,18,Teacher,,378167.0
9657116,2024-11-24,organic,ios,Philippines,47,Small Business Owner,,
3267357,2023-05-25,referral,android,United States,43,Sales Rep,Employee,
9329442,2024-07-21,referral,ios,United States,40,Nurse,Community Forum,
4119331,2024-08-18,organic,android,Canada,28,Consultant,,
7232302,2024-07-10,affiliate,web,Germany,28,Marketing Manager,,210268.0
3791671,2024-10-11,affiliate,ios,United States,42,Freelancer,,275203.0
2612033,2024-02-14,affiliate,web,Canada,31,Teacher,,210268.0
9526086,2023-09-07,organic,web,United States,49,Marketing Manager,,
8903498,2024-03-26,paid_search,web,Australia,30,Accountant,,421879.0
8411979,2023-08-31,paid_search,web,United States,31,Sales Rep,,164820.0
6052683,2024-10-06,organic,android,United States,36,Accountant,,429365.0
2284382,2023-07-11,organic,web,India,36,Consultant,,429365.0
7789408,2024-10-10,affiliate,ios,Canada,29,Marketing Manager,,221958.0
7494503,2024-08-16,paid_search,web,United States,37,Student,,359178.0
8084335,2024-05-06,paid_search,web,United Kingdom,37,Student,,187498.0
8215409,2024-12-12,paid_search,ios,United States,40,Marketing Manager,,771155.0
6970226,2023-08-25,referral,android,United States,31,Small Business Owner,Existing Customer,
5757812,2024-08-11,social,ios,Nigeria,26,Marketing Manager,,465838.0
9689972,2024-11-15,paid_search,web,United States,18,Retired,,818315.0
1268602,2024-02-09,social,web,United States,55,Unemployed,,465838.0
1006464,2024-11-13,social,android,United States,40,Freelancer,,465838.0
3857281,2023-10-21,paid_search,web,United States,38,Retired,,187498.0
1956740,2024-08-30,organic,ios,India,34,Marketing Manager,,
8084364,2023-10-30,affiliate,ios,Brazil,37,Marketing Manager,,210268.0
2251661,2024-12-29,organic,web,Nigeria,47,Accountant,,
2612119,2023-10-10,paid_search,android,United States,35,Retired,,141090.0
4512664,2024-08-18,social,android,United States,34,Marketing Manager,,378167.0
1629085,2024-01-28,paid_search,web,United Kingdom,43,Retired,,359178.0
7592863,2023-09-18,organic,web,Canada,23,Small Business Owner,,
2349987,2024-09-07,affiliate,android,United States,19,Nurse,,887201.0
7822255,2023-11-05,referral,web,United States,31,Unemployed,Community Forum,
4578226,2024-05-09,organic,android,United States,24,Software Engineer,,999159.0
8543159,2024-08-01,paid_search,android,United States,40,Retired,,421879.0
7625655,2024-01-28,paid_search,web,Germany,37,Teacher,,164820.0
5823416,2024-06-14,paid_search,ios,United States,47,Freelancer,,164820.0
2743227,2023-05-20,organic,web,Canada,37,Freelancer,,429365.0
6806466,2023-02-13,organic,ios,United States,44,Small Business Owner,,
8346562,2024-04-10,organic,web,Australia,46,Small Business Owner,,
2972613,2024-08-16,referral,ios,India,26,Software Engineer,Employee,
7592910,2024-09-13,social,ios,Australia,27,Sales Rep,,378167.0
5135314,2024-03-09,organic,web,United States,22,Software Engineer,,
3627988,2024-07-15,affiliate,web,United Kingdom,29,Unemployed,,275203.0
5102553,2024-02-01,organic,ios,United States,32,Small Business Owner,,
7232474,2024-01-30,organic,android,Nigeria,43,Retired,,
5266399,2024-07-14,social,web,Nigeria,36,Accountant,,378167.0
5790691,2023-06-22,organic,web,India,22,Freelancer,,
8772580,2024-07-22,paid_search,web,United States,54,Accountant,,164820.0
3562469,2024-08-26,organic,web,Canada,63,Small Business Owner,,
9722856,2023-06-03,organic,web,United States,18,Freelancer,,
8313834,2024-05-09,referral,web,United States,18,Retired,Community Forum,
9296877,2024-12-23,affiliate,android,United States,38,Small Business Owner,,221958.0
1498095,2024-04-07,social,ios,India,25,Nurse,,465838.0
3234805,2024-06-06,referral,android,United States,27,Marketing Manager,Existing Customer,
1825782,2024-09-29,organic,ios,Canada,39,Consultant,,
1039353,2023-07-13,organic,web,United Kingdom,52,Retired,,
8870907,2023-11-17,organic,web,Australia,32,Software Engineer,,
3365885,2024-10-02,paid_search,web,United States,38,Freelancer,,421879.0
6446079,2024-05-14,paid_search,web,United Kingdom,28,Nurse,,141090.0
8313861,2024-08-27,organic,web,United States,32,Nurse,,
2350093,2023-12-19,organic,ios,Philippines,42,Sales Rep,,
7166994,2024-11-10,organic,ios,Canada,38,Nurse,,
5954582,2024-12-02,organic,web,Philippines,22,Teacher,,
1137686,2024-08-22,organic,web,Germany,29,Unemployed,,
1825816,2024-01-02,organic,web,United States,29,Sales Rep,,
2481177,2024-04-01,paid_search,ios,United States,38,Retired,,359178.0
3005464,2024-03-12,affiliate,ios,India,28,Teacher,,291335.0
6478878,2024-12-07,affiliate,android,United States,40,Unemployed,,291335.0
9493535,2024-02-18,affiliate,ios,United States,18,Marketing Manager,,887201.0
2841646,2024-01-06,organic,android,United States,47,Teacher,,
2841648,2023-08-12,organic,web,United States,38,Marketing Manager,,
7363634,2024-01-19,organic,android,United States,40,Teacher,,
4119612,2024-12-06,organic,web,United States,27,Accountant,,
5889084,2023-07-26,organic,ios,Canada,42,Student,,999159.0
6708297,2024-03-04,affiliate,android,Mexico,31,Retired,,221958.0
3660891,2024-09-08,organic,android,Canada,32,Sales Rep,,429365.0
2120803,2024-06-01,organic,android,United States,23,Student,,
3562605,2024-09-27,paid_search,android,United States,22,Small Business Owner,,421879.0
6216813,2024-02-06,social,android,Canada,24,Nurse,,465838.0
3071088,2024-06-28,organic,android,Brazil,32,Nurse,,
8903797,2024-09-30,social,ios,Brazil,24,Retired,,465838.0
5463158,2023-07-28,social,web,United Kingdom,32,Consultant,,465838.0
4021372,2024-09-15,paid_search,android,Australia,31,Teacher,,818315.0
8576126,2024-06-11,affiliate,ios,United States,48,Software Engineer,,744167.0
3693695,2024-10-01,organic,web,India,30,Retired,,
8084609,2024-10-09,referral,ios,United Kingdom,29,Small Business Owner,Community Forum,
7101570,2023-10-30,referral,ios,United States,33,Software Engineer,Existing Customer,
1137799,2024-09-20,organic,ios,United States,31,Small Business Owner,,
6282379,2023-09-29,affiliate,web,United States,31,Software Engineer,,744167.0
7691409,2023-11-10,referral,web,United States,38,Nurse,Community Forum,
3234967,2024-07-14,paid_search,web,United Kingdom,34,Unemployed,,621430.0
2776238,2024-06-11,affiliate,ios,Canada,28,Marketing Manager,,221958.0
4578478,2024-10-21,paid_search,android,United States,36,Teacher,,154886.0
5299376,2024-08-10,referral,android,Canada,38,Retired,Existing Customer,
8936627,2024-07-17,affiliate,ios,Brazil,21,Sales Rep,,231932.0
5856436,2023-07-05,organic,android,United Kingdom,26,Sales Rep,,
2514101,2023-12-28,referral,ios,United States,18,Teacher,Community Forum,
4119734,2023-12-26,organic,ios,Canada,22,Software Engineer,,
3235000,2024-08-19,organic,web,Brazil,61,Nurse,,
2186430,2024-12-14,organic,android,United States,44,Accountant,,
5856447,2024-11-03,organic,web,Germany,53,Marketing Manager,,
3562688,2024-08-03,social,ios,Germany,28,Small Business Owner,,378167.0
6282433,2024-09-17,referral,web,Nigeria,24,Retired,Existing Customer,
5135554,2024-09-19,affiliate,ios,United States,42,Software Engineer,,275203.0
8608965,2024-01-27,organic,ios,United Kingdom,35,Freelancer,,
2972871,2023-10-15,paid_search,web,Germany,46,Consultant,,359178.0
5070028,2023-08-01,referral,ios,Australia,27,Retired,Employee,
7199951,2024-07-19,organic,ios,Brazil,31,Nurse,,
7396567,2024-12-18,social,web,Canada,22,Consultant,,465838.0
4381915,2023-11-19,referral,web,India,33,Marketing Manager,Partner App,
4283616,2024-07-08,affiliate,web,United States,28,Unemployed,,887201.0
7232739,2024-02-03,affiliate,web,Canada,40,Student,,231932.0
7822567,2024-02-12,social,web,United States,34,Sales Rep,,378167.0
9526508,2024-02-11,social,android,Mexico,59,Retired,,378167.0
7232753,2023-01-27,paid_search,web,United States,18,Small Business Owner,,187498.0
1563889,2024-07-26,social,ios,United States,22,Small Business Owner,,378167.0
2546933,2024-06-15,social,web,Germany,57,Student,,465838.0
9854198,2024-06-22,organic,ios,Philippines,39,Marketing Manager,,
8150265,2024-06-28,referral,web,United States,26,Nurse,Community Forum,
1858811,2024-01-15,organic,ios,Germany,25,Retired,,999159.0
9821437,2024-06-11,social,ios,United States,49,Retired,,465838.0
5070081,2024-01-30,affiliate,web,Germany,44,Nurse,,291335.0
2350339,2024-08-13,paid_search,android,United States,45,Marketing Manager,,164820.0
4119812,2024-11-15,paid_search,android,Brazil,35,Small Business Owner,,771155.0
3300612,2024-08-27,organic,android,Australia,43,Small Business Owner,,429365.0
6446342,2023-03-18,paid_search,web,United States,37,Teacher,,359178.0
6053127,2023-04-14,social,android,United States,38,Small Business Owner,,378167.0
9985290,2024-06-21,organic,web,United Kingdom,19,Sales Rep,,
7822603,2024-03-11,affiliate,android,India,21,Unemployed,,221958.0
9919757,2023-05-30,organic,web,United States,23,Software Engineer,,
3759374,2024-11-10,paid_search,web,India,22,Marketing Manager,,141090.0
5299489,2024-03-09,social,web,United Kingdom,18,Software Engineer,,378167.0
6872354,2023-09-11,paid_search,web,Brazil,23,Teacher,,154886.0
8314153,2024-12-27,organic,web,United States,35,Unemployed,,
8740141,2024-05-18,referral,android,United States,48,Student,Partner App,
7036207,2024-08-11,referral,ios,United States,30,Freelancer,Employee,
2317621,2024-04-09,referral,android,United Kingdom,32,Freelancer,Employee,
6511934,2024-12-25,organic,web,United States,35,Consultant,,
9231691,2023-03-09,affiliate,web,United States,19,Unemployed,,887201.0
9493836,2023-09-13,affiliate,web,United States,18,Teacher,,744167.0
4283737,2024-11-25,social,ios,United States,41,Unemployed,,465838.0
7953757,2024-04-10,paid_search,ios,United States,36,Sales Rep,,818315.0
6282591,2024-10-12,organic,ios,United States,18,Accountant,,
6446441,2023-04-12,social,android,United States,51,Marketing Manager,,465838.0
9821549,2023-08-23,affiliate,ios,United States,34,Retired,,221958.0
5987696,2024-11-24,organic,android,United States,25,Accountant,,
4054390,2024-07-14,affiliate,ios,Philippines,28,Freelancer,,291335.0
8347000,2023-11-02,organic,android,United States,32,Nurse,,
5463418,2023-08-31,social,web,Brazil,56,Consultant,,378167.0
6217084,2024-11-28,affiliate,ios,Canada,39,Teacher,,221958.0
7888260,2024-03-22,organic,android,United States,55,Software Engineer,,
8904069,2023-09-26,organic,ios,United States,43,Marketing Manager,,
6217092,2023-09-16,organic,web,Germany,40,Accountant,,
8150406,2024-05-28,affiliate,web,Australia,18,Student,,291335.0
7462280,2024-10-10,affiliate,ios,Brazil,31,Software Engineer,,291335.0
4906377,2023-08-19,referral,ios,Germany,18,Software Engineer,Partner App,
2416012,2024-11-10,referral,android,Canada,24,Teacher,Community Forum,
9887120,2024-09-22,organic,ios,United States,36,Consultant,,429365.0
5430675,2024-08-22,organic,ios,United States,30,Software Engineer,,
6118805,2024-01-23,organic,ios,United Kingdom,41,Retired,,
5791126,2024-05-12,organic,ios,Mexico,27,Accountant,,
8248730,2024-11-30,affiliate,android,Philippines,26,Small Business Owner,,210268.0
5660061,2024-11-02,organic,android,Philippines,44,Nurse,,
8281505,2023-09-07,organic,web,United States,35,Unemployed,,
9100706,2024-03-02,paid_search,android,United States,29,Consultant,,187498.0
7986595,2024-02-23,paid_search,android,United States,43,Unemployed,,421879.0
9657768,2024-02-19,affiliate,web,United States,38,Marketing Manager,,832180.0
5103022,2024-02-21,affiliate,web,United States,57,Software Engineer,,275203.0
3956151,2023-11-25,paid_search,android,United States,39,Marketing Manager,,818315.0
5561786,2024-11-28,social,web,United States,47,Unemployed,,465838.0
5791164,2024-11-25,paid_search,web,Mexico,50,Freelancer,,359178.0
6839741,2024-11-26,organic,ios,Germany,23,Marketing Manager,,
3956156,2024-08-26,organic,ios,Germany,53,Small Business Owner,,
8412620,2023-12-16,organic,web,United States,32,Retired,,429365.0
5660110,2024-12-04,social,android,United Kingdom,41,Freelancer,,378167.0
2940369,2024-02-27,organic,ios,Canada,48,Consultant,,
9067987,2023-08-23,social,ios,Mexico,46,Unemployed,,378167.0
9625044,2024-05-17,organic,web,India,30,Small Business Owner,,
7134678,2024-10-10,organic,ios,United States,38,Small Business Owner,,
8576472,2024-08-23,organic,web,United States,25,Marketing Manager,,
7724504,2024-04-22,social,web,Mexico,23,Sales Rep,,465838.0
8969693,2023-09-16,organic,ios,Nigeria,36,Freelancer,,999159.0
9264605,2024-03-17,organic,android,United Kingdom,38,Software Engineer,,
8019431,2024-02-04,organic,web,United States,26,Unemployed,,
1990121,2023-12-16,referral,web,United States,53,Teacher,Community Forum,
7429611,2024-04-23,affiliate,web,Brazil,38,Software Engineer,,221958.0
9559531,2023-03-30,affiliate,ios,United States,32,Student,,744167.0
5201390,2024-11-19,social,android,Canada,21,Unemployed,,378167.0
2055675,2023-03-31,organic,web,United States,28,Small Business Owner,,
7921154,2023-07-13,organic,android,United States,30,Student,,
9559556,2024-08-30,social,web,Germany,32,Nurse,,378167.0
6118922,2024-10-22,affiliate,web,United States,35,Small Business Owner,,221958.0
1564174,2024-12-11,paid_search,web,United Kingdom,44,Student,,818315.0
3202575,2023-02-24,paid_search,ios,United States,29,Teacher,,771155.0
3333647,2024-10-10,organic,android,Australia,26,Student,,
3464722,2024-11-17,referral,ios,India,18,Sales Rep,Existing Customer,
8379933,2024-08-18,organic,web,United States,50,Freelancer,,
3792427,2023-11-07,social,web,India,40,Marketing Manager,,465838.0
5266988,2023-08-25,organic,android,United States,18,Retired,,
3333679,2023-05-15,social,web,Brazil,36,Consultant,,465838.0
6184502,2024-02-25,referral,android,United States,52,Student,Employee,
9625146,2024-04-27,referral,android,Germany,32,Accountant,Partner App,
2678332,2023-08-23,organic,web,United States,39,Small Business Owner,,
8871490,2024-05-12,affiliate,web,Germany,22,Freelancer,,231932.0
2940483,2024-05-12,paid_search,ios,United Kingdom,18,Student,,154886.0
7233107,2024-02-05,organic,android,United States,38,Accountant,,429365.0
2186837,2024-11-28,organic,android,United States,35,Marketing Manager,,
4808282,2024-08-18,paid_search,ios,United Kingdom,48,Teacher,,187498.0
8642139,2024-10-29,paid_search,android,Philippines,34,Nurse,,818315.0
9887324,2024-10-26,organic,android,United States,35,Consultant,,
9756262,2024-10-02,social,web,India,34,Accountant,,465838.0
8904294,2024-06-09,organic,android,United States,49,Student,,
8707690,2024-06-08,paid_search,ios,Nigeria,18,Teacher,,359178.0
8609387,2024-12-28,social,android,Nigeria,47,Marketing Manager,,465838.0
2514542,2024-10-20,organic,web,United States,33,Student,,
4185714,2023-07-15,paid_search,web,India,36,Unemployed,,359178.0
7691891,2024-01-07,organic,ios,United Kingdom,26,Small Business Owner,,
7233146,2024-08-14,social,android,United States,30,Teacher,,378167.0
9002619,2023-08-22,social,android,United States,22,Sales Rep,,465838.0
1465982,2024-01-23,paid_search,ios,India,43,Software Engineer,,154886.0
4972162,2024-12-20,affiliate,web,Canada,31,Unemployed,,221958.0
5168773,2024-11-27,organic,ios,United Kingdom,50,Marketing Manager,,
2186887,2023-10-14,affiliate,web,Nigeria,31,Retired,,832180.0
7757450,2023-08-13,paid_search,web,United States,22,Sales Rep,,621430.0
7626379,2024-09-12,social,ios,United Kingdom,31,Accountant,,465838.0
8609420,2024-07-01,paid_search,ios,Brazil,26,Consultant,,164820.0
3792537,2023-07-07,referral,android,Philippines,52,Sales Rep,Employee,
6938271,2024-02-14,paid_search,ios,United Kingdom,42,Marketing Manager,,771155.0
3104417,2023-12-23,affiliate,web,United States,49,Unemployed,,744167.0
4251298,2024-07-20,paid_search,web,India,37,Nurse,,237337.0
3694245,2024-06-11,referral,ios,Germany,57,Software Engineer,Existing Customer,
1302186,2024-03-19,social,ios,Canada,30,Nurse,,378167.0
1892015,2024-03-04,affiliate,web,Germany,23,Unemployed,,832180.0
7134896,2024-07-15,affiliate,web,United States,30,Software Engineer,,231932.0
5037746,2024-09-06,paid_search,android,United States,45,Student,,818315.0
5988023,2024-10-19,paid_search,android,United States,35,Unemployed,,237337.0
5529275,2023-07-13,organic,ios,United States,32,Accountant,,999159.0
1760956,2024-11-24,organic,android,United States,28,Small Business Owner,,
4742849,2024-07-21,affiliate,web,Australia,23,Small Business Owner,,275203.0
5758669,2024-11-25,paid_search,ios,India,43,Student,,771155.0
9920206,2024-09-07,paid_search,web,Canada,25,Sales Rep,,421879.0
3694287,2023-10-19,organic,ios,India,18,Teacher,,
5037776,2024-02-07,paid_search,android,United States,18,Nurse,,154886.0
3366610,2024-10-06,paid_search,android,United States,36,Retired,,359178.0
2350816,2024-12-21,affiliate,android,Canada,38,Student,,221958.0
8904428,2023-06-13,affiliate,ios,Philippines,45,Small Business Owner,,275203.0
1498863,2023-09-19,social,web,Canada,29,Sales Rep,,378167.0
6381299,2024-01-13,social,web,United States,40,Consultant,,378167.0
5594877,2024-03-03,organic,web,United States,41,Accountant,,
4742918,2024-08-16,paid_search,android,United States,58,Software Engineer,,818315.0
6971143,2024-11-14,organic,android,Brazil,30,Unemployed,,
8740616,2023-01-23,organic,web,United States,33,Consultant,,
2187018,2024-03-01,organic,web,Australia,35,Freelancer,,
9658123,2023-10-06,social,web,Brazil,50,Sales Rep,,378167.0
6151946,2024-11-11,paid_search,web,Canada,50,Accountant,,771155.0
2252557,2024-07-06,affiliate,ios,Germany,38,Small Business Owner,,210268.0
9953038,2023-12-16,paid_search,ios,Nigeria,33,Freelancer,,154886.0
4775702,2024-01-10,organic,web,United States,25,Sales Rep,,
2187030,2024-12-19,organic,android,India,51,Accountant,,
2383640,2024-01-20,paid_search,ios,India,43,Teacher,,187498.0
8544022,2023-03-22,social,android,United Kingdom,49,Unemployed,,465838.0
8838941,2024-11-17,paid_search,android,India,38,Student,,771155.0
9658144,2024-10-04,organic,android,United States,24,Freelancer,,
9985826,2024-08-02,organic,android,Australia,41,Unemployed,,
8052514,2024-10-13,organic,ios,United States,19,Marketing Manager,,
1171236,2024-12-08,organic,web,United States,18,Small Business Owner,,
7626532,2024-10-29,referral,ios,United States,41,Student,Employee,
3858214,2023-10-22,social,ios,Canada,26,Retired,,378167.0
8249127,2024-07-09,referral,web,Australia,35,Retired,Community Forum,
7561000,2023-10-05,affiliate,web,India,42,Software Engineer,,832180.0
6053679,2024-07-21,social,ios,United States,42,Freelancer,,465838.0
6250295,2023-11-30,paid_search,web,Germany,27,Freelancer,,164820.0
8970043,2024-06-05,affiliate,ios,United States,50,Unemployed,,291335.0
3891005,2024-11-22,organic,ios,United States,58,Small Business Owner,,
5168962,2024-12-16,paid_search,ios,United Kingdom,25,Student,,421879.0
3661637,2024-05-05,organic,ios,Brazil,56,Unemployed,,429365.0
3202888,2023-12-25,organic,ios,United States,50,Nurse,,
2318155,2024-09-18,paid_search,ios,Mexico,24,Teacher,,164820.0
6512460,2023-03-26,organic,web,Australia,41,Unemployed,,
1171277,2024-12-30,social,web,India,20,Teacher,,465838.0
1236824,2024-01-24,social,web,Australia,37,Freelancer,,465838.0
6152030,2024-07-27,organic,web,United States,41,Teacher,,
8413023,2024-02-11,affiliate,web,United States,43,Marketing Manager,,291335.0
5201765,2023-06-26,affiliate,ios,Australia,18,Retired,,832180.0
4939625,2024-04-05,organic,android,United States,32,Accountant,,
7298941,2024-01-18,paid_search,ios,Mexico,29,Freelancer,,187498.0
1924993,2024-12-18,referral,web,United States,21,Freelancer,Existing Customer,
4546434,2024-01-12,referral,android,United States,20,Accountant,Existing Customer,
9527171,2024-05-20,affiliate,web,Germany,20,Small Business Owner,,210268.0
4120452,2024-11-01,organic,android,Canada,47,Software Engineer,,
7200646,2023-09-05,paid_search,ios,United States,29,Student,,141090.0
6414229,2024-11-21,paid_search,ios,United States,29,Small Business Owner,,818315.0
4284321,2024-06-04,paid_search,web,United Kingdom,29,Consultant,,141090.0
4087714,2024-05-04,paid_search,ios,United Kingdom,32,Software Engineer,,421879.0
4415398,2024-05-30,organic,ios,United Kingdom,34,Student,,
8904617,2024-02-25,paid_search,android,United States,29,Student,,359178.0
3628973,2023-05-17,organic,ios,Canada,35,Retired,,
1531831,2024-04-22,organic,web,United States,40,Software Engineer,,
3497934,2023-04-05,organic,android,United States,45,Student,,
3989475,2023-11-05,organic,ios,United States,29,Teacher,,
8871917,2024-07-13,organic,web,Canada,18,Unemployed,,
9101294,2023-12-06,paid_search,web,India,48,Student,,187498.0
4415473,2024-03-28,paid_search,android,United States,18,Unemployed,,164820.0
4710388,2023-10-04,paid_search,android,Brazil,18,Accountant,,771155.0
4906997,2024-11-09,social,web,United Kingdom,32,Sales Rep,,465838.0
6545403,2024-10-04,affiliate,android,Nigeria,29,Freelancer,,210268.0
7790593,2024-03-06,organic,web,Germany,30,Teacher,,
2809858,2024-04-13,affiliate,web,United Kingdom,31,Accountant,,832180.0
2383875,2024-11-10,paid_search,ios,United States,38,Consultant,,359178.0
3727364,2024-06-02,paid_search,ios,India,37,Unemployed,,164820.0
8314895,2024-09-06,paid_search,android,United States,41,Software Engineer,,421879.0
4743185,2024-06-09,paid_search,web,Brazil,28,Retired,,141090.0
8806421,2024-11-26,organic,web,Canada,41,Marketing Manager,,
7102493,2024-08-05,affiliate,ios,Canada,37,Freelancer,,832180.0
8347689,2024-11-08,paid_search,ios,United States,33,Teacher,,359178.0
6053929,2024-10-03,organic,android,Brazil,40,Software Engineer,,
3235883,2024-12-01,organic,web,United Kingdom,50,Small Business Owner,,429365.0
3727423,2023-10-21,organic,web,United States,36,Nurse,,
7266376,2023-06-23,organic,android,Australia,21,Consultant,,
4022345,2024-08-17,organic,web,Nigeria,28,Freelancer,,
1237068,2024-04-12,affiliate,web,Australia,30,Accountant,,231932.0
7102545,2024-05-13,organic,ios,Germany,50,Unemployed,,
3629137,2024-11-13,organic,web,United Kingdom,28,Small Business Owner,,
7200853,2023-08-16,affiliate,ios,United States,18,Freelancer,,210268.0
3268693,2024-03-22,organic,ios,Germany,35,Consultant,,
8249433,2024-12-06,social,web,United States,19,Nurse,,465838.0
6545501,2023-12-01,paid_search,ios,Canada,18,Software Engineer,,771155.0
6905950,2024-12-16,organic,android,United States,59,Retired,,
9494630,2024-05-06,referral,android,Mexico,18,Student,Community Forum,
2711672,2024-01-03,affiliate,android,Germany,43,Retired,,744167.0
4907129,2023-10-05,paid_search,android,Mexico,52,Software Engineer,,187498.0
5791882,2023-10-25,organic,ios,United States,19,Retired,,
2089100,2024-01-12,social,android,United Kingdom,45,Accountant,,378167.0
9592974,2023-06-27,paid_search,web,United States,38,Accountant,,154886.0
3432593,2024-10-22,paid_search,web,Philippines,37,Small Business Owner,,187498.0
1859734,2024-05-13,paid_search,web,United States,18,Small Business Owner,,421879.0
7889053,2023-10-31,organic,web,United Kingdom,36,Accountant,,
6283422,2024-10-24,organic,web,India,40,Small Business Owner,,999159.0
2121889,2024-05-11,affiliate,web,Mexico,41,Teacher,,275203.0
3072171,2024-11-09,affiliate,ios,India,31,Teacher,,832180.0
8609964,2023-12-13,paid_search,ios,Canada,39,Marketing Manager,,771155.0
7626924,2024-05-12,social,android,United States,43,Small Business Owner,,378167.0
6643893,2024-07-16,organic,ios,United States,18,Unemployed,,
9822405,2024-06-07,social,ios,Germany,39,Marketing Manager,,465838.0
8446153,2024-10-11,affiliate,web,United States,26,Unemployed,,744167.0
2416842,2023-10-06,organic,web,Brazil,33,Retired,,
1237199,2024-08-01,organic,web,United States,42,Marketing Manager,,
9724118,2024-08-07,affiliate,ios,Mexico,21,Retired,,221958.0
6119641,2024-09-24,social,web,United States,34,Nurse,,378167.0
7725275,2024-07-10,referral,web,India,37,Nurse,Community Forum,
9855197,2024-09-03,organic,web,United States,26,Sales Rep,,
9593059,2024-06-24,referral,ios,United Kingdom,31,Nurse,Community Forum,
6545636,2023-06-14,referral,android,United States,26,Student,Existing Customer,
3825896,2024-05-19,paid_search,ios,United Kingdom,43,Nurse,,771155.0
1401067,2023-03-14,affiliate,ios,Mexico,26,Student,,231932.0
1138925,2023-03-15,affiliate,android,Australia,48,Marketing Manager,,231932.0
1401072,2024-10-05,social,ios,Canada,39,Retired,,378167.0
1270001,2024-10-06,organic,web,United States,43,Retired,,
9429241,2023-03-24,referral,web,United States,30,Accountant,Employee,
8085757,2024-02-12,affiliate,ios,Germany,23,Sales Rep,,744167.0
6807811,2024-02-28,referral,android,Germany,28,Accountant,Community Forum,
7594244,2024-07-12,organic,ios,Germany,18,Teacher,,
2285844,2024-09-23,social,web,Mexico,36,Marketing Manager,,465838.0
5464344,2024-09-09,organic,android,Philippines,23,Marketing Manager,,
4940063,2024-01-27,organic,ios,Canada,21,Unemployed,,
2613560,2023-09-20,organic,android,Nigeria,30,Student,,
2416953,2024-10-09,paid_search,ios,Germany,35,Sales Rep,,154886.0
7921983,2024-11-28,referral,android,United States,49,Student,Partner App,
3760451,2024-09-05,social,ios,Mexico,33,Sales Rep,,465838.0
8970564,2024-10-13,paid_search,web,United States,26,Unemployed,,141090.0
1827150,2024-05-30,organic,web,Philippines,41,Unemployed,,
9888079,2024-12-16,affiliate,ios,India,35,Retired,,221958.0
8872277,2024-07-11,paid_search,ios,United States,33,Nurse,,421879.0
5529943,2024-05-10,affiliate,web,United States,45,Teacher,,221958.0
5169495,2024-04-03,organic,web,United Kingdom,39,Software Engineer,,
9920857,2023-05-13,affiliate,ios,Canada,21,Software Engineer,,744167.0
9167197,2023-12-30,paid_search,web,Mexico,39,Small Business Owner,,621430.0
5202271,2024-11-27,affiliate,web,United States,34,Sales Rep,,210268.0
5235040,2023-10-18,paid_search,ios,United States,30,Marketing Manager,,154886.0
5235042,2024-01-24,organic,android,Germany,22,Freelancer,,
3694946,2024-10-11,organic,web,Germany,26,Consultant,,
9593188,2024-02-25,paid_search,web,Brazil,27,Accountant,,141090.0
5661029,2024-11-24,paid_search,android,United Kingdom,18,Nurse,,818315.0
2548075,2024-08-28,paid_search,android,Nigeria,44,Marketing Manager,,141090.0
7790968,2024-02-20,paid_search,web,United States,35,Sales Rep,,359178.0
2679161,2023-12-30,social,android,United States,40,Accountant,,378167.0
2384250,2024-07-02,organic,android,Mexico,50,Sales Rep,,
6447483,2023-10-10,affiliate,web,Canada,27,Student,,744167.0
3465596,2023-11-29,referral,web,Canada,24,Consultant,Community Forum,
4415871,2024-12-20,paid_search,web,Brazil,34,Consultant,,771155.0
9658754,2024-06-09,organic,web,Canada,32,Student,,
6709635,2024-02-20,affiliate,web,Canada,37,Retired,,231932.0
7659908,2024-12-30,social,android,Canada,42,Teacher,,465838.0
9593223,2023-10-27,paid_search,ios,United States,27,Sales Rep,,141090.0
6185356,2024-11-08,social,web,Mexico,18,Unemployed,,378167.0
8085904,2024-01-24,paid_search,web,Canada,33,Sales Rep,,818315.0
3367322,2024-08-10,affiliate,android,Canada,43,Unemployed,,275203.0
6480283,2024-01-11,organic,web,United States,36,Small Business Owner,,
9462176,2024-07-10,paid_search,web,United States,30,Retired,,237337.0
7299492,2024-11-08,affiliate,ios,United States,23,Marketing Manager,,210268.0
4448678,2024-07-07,affiliate,android,Brazil,44,Software Engineer,,832180.0
3269042,2023-03-25,social,android,United States,24,Consultant,,465838.0
3531196,2024-04-23,organic,web,Mexico,33,Marketing Manager,,
1139133,2023-08-30,affiliate,ios,Nigeria,34,Retired,,231932.0
4678086,2024-11-28,social,web,United States,40,Retired,,465838.0
7365062,2023-04-20,paid_search,ios,Australia,18,Nurse,,164820.0
1663431,2024-04-24,affiliate,ios,United Kingdom,45,Small Business Owner,,744167.0
1597897,2024-11-13,social,web,Brazil,35,Marketing Manager,,378167.0
3203531,2024-12-13,affiliate,ios,India,37,Sales Rep,,291335.0
8217037,2024-07-01,social,ios,United States,29,Consultant,,465838.0
3269070,2023-12-26,organic,ios,United States,25,Retired,,
1597904,2024-07-06,paid_search,web,Philippines,40,Freelancer,,237337.0
6709716,2024-09-14,social,web,United States,41,Accountant,,378167.0
4317657,2024-03-23,referral,ios,United States,30,Student,Existing Customer,
7856604,2024-09-20,social,ios,United States,29,Teacher,,465838.0
4710879,2023-10-08,referral,web,Philippines,29,Sales Rep,Existing Customer,
8315360,2023-07-16,social,web,Brazil,18,Retired,,465838.0
6480354,2023-12-03,affiliate,web,United Kingdom,37,Sales Rep,,210268.0
3727850,2023-09-05,paid_search,ios,United States,30,Marketing Manager,,359178.0
1958379,2024-11-11,organic,ios,Brazil,45,Small Business Owner,,
4612600,2024-11-10,organic,web,India,37,Small Business Owner,,
6644219,2024-07-17,organic,ios,Canada,35,Freelancer,,
4940285,2024-09-08,paid_search,android,Brazil,42,Small Business Owner,,621430.0
8020480,2024-04-15,paid_search,ios,Canada,37,Accountant,,141090.0
4612610,2024-11-22,paid_search,ios,United Kingdom,20,Accountant,,621430.0
6742533,2024-10-12,paid_search,web,Mexico,35,Small Business Owner,,237337.0
2417158,2023-12-19,social,ios,United Kingdom,18,Unemployed,,465838.0
8413718,2024-04-03,paid_search,web,United States,18,Nurse,,359178.0
2384410,2024-01-05,paid_search,ios,Brazil,35,Consultant,,771155.0
6251035,2023-09-15,organic,android,Mexico,24,Freelancer,,
9527835,2023-12-09,organic,ios,Germany,49,Marketing Manager,,
2384418,2024-06-03,paid_search,android,United States,41,Unemployed,,771155.0
7070243,2024-05-29,organic,web,Australia,30,Freelancer,,999159.0
2417191,2024-11-04,paid_search,ios,United States,26,Software Engineer,,237337.0
3695145,2024-11-03,organic,android,United States,28,Unemployed,,
8315436,2023-12-03,social,web,United States,25,Marketing Manager,,465838.0
8249903,2024-09-23,organic,web,Philippines,47,Small Business Owner,,
7168563,2024-11-26,organic,ios,United States,34,Freelancer,,
4481591,2024-11-08,organic,android,United States,33,Consultant,,
3924537,2023-06-05,organic,android,United States,20,Unemployed,,
7725630,2024-12-28,affiliate,ios,United States,37,Consultant,,221958.0
2449991,2023-09-30,affiliate,android,United States,55,Unemployed,,291335.0
4743757,2024-12-07,paid_search,ios,United Kingdom,41,Software Engineer,,154886.0
2417231,2024-11-02,organic,android,United Kingdom,38,Nurse,,429365.0
6709840,2024-12-13,affiliate,web,United States,18,Teacher,,221958.0
3596882,2024-09-18,referral,android,United States,45,Nurse,Employee,
2515538,2024-02-19,organic,ios,United States,42,Teacher,,
7955038,2024-09-15,social,ios,Canada,29,Freelancer,,378167.0
2515554,2024-11-19,paid_search,ios,United States,18,Sales Rep,,141090.0
6087268,2023-04-11,affiliate,web,United States,18,Software Engineer,,291335.0
2286188,2023-11-22,social,android,Germany,27,Marketing Manager,,465838.0
9855603,2024-10-30,referral,web,United States,26,Nurse,Existing Customer,
4743797,2024-05-28,organic,ios,United Kingdom,37,Marketing Manager,,
3465849,2024-05-13,paid_search,web,United States,37,Student,,141090.0
9200252,2024-03-18,affiliate,web,United States,29,Accountant,,221958.0
1467010,2024-09-29,social,android,United States,27,Freelancer,,465838.0
2908802,2023-08-14,social,web,United States,23,Marketing Manager,,465838.0
3367555,2023-10-04,organic,android,United States,25,Student,,
5071495,2024-12-20,social,ios,Nigeria,37,Consultant,,465838.0
2220682,2023-10-07,affiliate,web,Philippines,42,Sales Rep,,221958.0
2384525,2023-11-29,social,android,India,57,Retired,,378167.0
4874910,2024-08-08,organic,android,United States,47,Sales Rep,,
8446633,2024-11-14,affiliate,web,Mexico,39,Sales Rep,,832180.0
5300915,2024-06-05,referral,web,United States,60,Software Engineer,Community Forum,
8348340,2024-09-15,organic,android,Canada,31,Student,,
4809395,2024-03-11,affiliate,ios,United States,63,Consultant,,291335.0
2646711,2024-12-26,paid_search,android,Canada,35,Sales Rep,,359178.0
7856825,2024-07-13,affiliate,android,United States,38,Student,,275203.0
6316741,2024-10-22,affiliate,ios,Brazil,18,Marketing Manager,,221958.0
6939334,2024-11-06,organic,android,Germany,36,Software Engineer,,
6087365,2024-02-27,affiliate,android,Nigeria,35,Software Engineer,,887201.0
3891912,2024-06-04,affiliate,ios,United States,26,Sales Rep,,275203.0
5268173,2024-03-20,paid_search,android,United States,43,Small Business Owner,,621430.0
4219598,2024-10-27,social,ios,United Kingdom,23,Student,,378167.0
6382287,2024-02-05,social,web,Germany,41,Sales Rep,,465838.0
3072723,2024-12-11,social,web,Canada,43,Consultant,,378167.0
9167575,2023-11-05,paid_search,web,United States,21,Retired,,359178.0
8905435,2023-08-12,organic,web,Canada,46,Sales Rep,,
1499876,2023-12-30,organic,android,India,18,Student,,
2908911,2024-02-04,paid_search,ios,United States,27,Consultant,,187498.0
5628656,2024-05-03,social,ios,Australia,37,Unemployed,,465838.0
9429747,2024-12-09,organic,web,India,19,Accountant,,
3957498,2024-09-19,organic,android,United States,18,Marketing Manager,,
2777850,2024-10-06,organic,web,Brazil,45,Consultant,,
1434368,2023-12-10,organic,android,United States,32,Teacher,,
4973313,2024-10-11,referral,android,Brazil,39,Nurse,Employee,
8905477,2024-07-26,affiliate,web,Canada,28,Marketing Manager,,887201.0
2515719,2023-08-17,paid_search,ios,United States,35,Accountant,,237337.0
3531528,2024-08-14,organic,web,United States,44,Nurse,,
8315664,2024-01-24,paid_search,ios,Canada,35,Student,,164820.0
3957532,2024-04-18,affiliate,web,Canada,45,Retired,,832180.0
1893150,2024-06-17,organic,web,India,45,Freelancer,,429365.0
5563167,2024-03-12,organic,web,Mexico,46,Accountant,,
3269409,2024-03-29,paid_search,web,United States,42,Nurse,,154886.0
3367713,2024-09-22,paid_search,web,India,35,Nurse,,359178.0
5071650,2024-04-01,paid_search,web,United States,37,Nurse,,237337.0
3859244,2024-11-11,social,android,United States,18,Marketing Manager,,378167.0
6185773,2023-03-10,organic,web,Mexico,22,Sales Rep,,
8643374,2023-11-30,organic,ios,United States,45,Consultant,,
8184620,2023-03-22,affiliate,web,Germany,34,Nurse,,744167.0
4612914,2023-10-13,referral,android,United States,26,Student,Employee,
9921334,2024-09-27,paid_search,android,Brazil,20,Sales Rep,,421879.0
1499964,2023-09-07,paid_search,android,India,45,Sales Rep,,141090.0
1368893,2024-10-27,affiliate,ios,Australia,46,Small Business Owner,,832180.0
1794878,2024-07-15,referral,android,United States,39,Student,Community Forum,
7136062,2024-04-20,organic,web,United States,53,Teacher,,999159.0
7922496,2024-08-07,social,web,Canada,48,Freelancer,,465838.0
4776764,2024-12-18,referral,web,United Kingdom,38,Nurse,Employee,
9462605,2023-11-13,social,ios,India,21,Retired,,465838.0
7463768,2023-12-01,paid_search,ios,United Kingdom,40,Unemployed,,154886.0
9167707,2023-10-19,referral,web,Germany,36,Retired,Existing Customer,
6021983,2024-12-17,referral,ios,United States,23,Consultant,Existing Customer,
7234408,2023-10-14,paid_search,android,United States,18,Marketing Manager,,359178.0
7758699,2024-07-26,organic,ios,Germany,20,Nurse,,
1139565,2024-05-18,affiliate,android,United States,57,Marketing Manager,,832180.0
4514674,2024-07-30,social,web,India,18,Retired,,378167.0
3138421,2024-11-17,organic,ios,United States,47,Retired,,
5137270,2024-08-19,organic,ios,United States,27,Consultant,,429365.0
4154240,2024-10-09,social,web,United States,22,Consultant,,378167.0
6579079,2023-08-25,paid_search,web,United States,25,Teacher,,421879.0
3433351,2024-06-26,affiliate,ios,United States,48,Student,,291335.0
9626510,2024-01-22,paid_search,web,United States,35,Software Engineer,,359178.0
8971153,2024-09-06,paid_search,android,Mexico,47,Consultant,,359178.0
4416403,2023-12-07,social,ios,United States,39,Retired,,378167.0
1303446,2024-01-13,social,web,United States,36,Small Business Owner,,465838.0
4547480,2023-12-19,affiliate,ios,United Kingdom,30,Freelancer,,744167.0
8709019,2024-06-18,organic,android,United Kingdom,28,Consultant,,429365.0
9298852,2024-10-28,organic,ios,Canada,42,Teacher,,999159.0
8545189,2024-05-20,social,web,United States,18,Teacher,,465838.0
3662761,2024-01-28,organic,web,Nigeria,19,Accountant,,
4842411,2024-08-06,organic,ios,Philippines,34,Freelancer,,
2581420,2023-09-06,affiliate,android,India,25,Small Business Owner,,210268.0
2876336,2024-12-30,affiliate,android,Mexico,40,Marketing Manager,,887201.0
6579123,2024-10-24,social,ios,Germany,24,Retired,,378167.0
8315830,2024-01-07,affiliate,ios,United Kingdom,18,Marketing Manager,,221958.0
2712503,2024-10-01,social,web,United States,49,Small Business Owner,,378167.0
2384822,2023-04-10,organic,ios,Germany,26,Teacher,,
2220985,2023-09-26,paid_search,ios,Mexico,24,Consultant,,359178.0
8840130,2024-07-19,affiliate,android,Brazil,30,Software Engineer,,832180.0
1565635,2023-06-14,organic,ios,United States,38,Consultant,,
1926097,2023-12-06,organic,ios,United States,40,Student,,
3367893,2024-05-22,paid_search,ios,Brazil,52,Accountant,,187498.0
4678621,2024-04-07,organic,android,Canada,29,Nurse,,
1926109,2023-05-13,affiliate,android,Canada,31,Consultant,,210268.0
4809697,2024-12-21,referral,web,Canada,18,Consultant,Community Forum,
9069552,2024-11-16,referral,ios,Philippines,40,Consultant,Community Forum,
5170163,2024-12-07,paid_search,web,United Kingdom,24,Teacher,,818315.0
5071867,2023-03-10,paid_search,web,Brazil,30,Freelancer,,359178.0
8020988,2024-08-25,affiliate,ios,United Kingdom,53,Software Engineer,,291335.0
3761158,2024-07-22,affiliate,ios,United Kingdom,26,Accountant,,275203.0
6087692,2024-04-26,social,ios,United States,42,Software Engineer,,465838.0
2352144,2024-12-21,paid_search,web,Germany,25,Sales Rep,,187498.0
8643603,2024-07-28,referral,android,Australia,45,Small Business Owner,Community Forum,
2581530,2023-06-12,organic,web,India,44,Unemployed,,
9036837,2024-07-05,referral,android,United States,23,Software Engineer,Employee,
8184872,2024-05-15,social,android,United States,24,Consultant,,465838.0
5694505,2023-04-29,paid_search,android,Canada,51,Software Engineer,,187498.0
9987114,2024-04-29,social,android,United States,30,Consultant,,378167.0
4613163,2024-08-05,affiliate,android,United States,33,Software Engineer,,231932.0
2286643,2024-09-20,affiliate,android,Germany,31,Accountant,,887201.0
1074231,2024-12-28,organic,web,United States,18,Consultant,,
3957817,2024-07-08,paid_search,web,Canada,47,Student,,818315.0
5465150,2023-11-06,social,web,Philippines,18,Nurse,,378167.0
9790529,2023-11-22,affiliate,ios,Canada,33,Student,,231932.0
1762371,2024-02-11,paid_search,ios,United States,35,Accountant,,187498.0
6644807,2024-06-22,organic,web,Nigeria,35,Nurse,,
8479816,2023-06-02,social,web,Mexico,36,Software Engineer,,465838.0
8479821,2024-08-30,organic,android,India,18,Software Engineer,,
6546510,2024-08-30,referral,ios,Nigeria,40,Sales Rep,Existing Customer,
8676431,2023-11-20,organic,android,United States,47,Nurse,,
4809821,2023-12-06,referral,web,Canada,18,Sales Rep,Existing Customer,
7332961,2024-08-04,social,ios,United States,33,Retired,,378167.0
7398497,2024-09-23,affiliate,web,United States,32,Small Business Owner,,221958.0
8741986,2024-10-18,paid_search,web,Australia,36,Nurse,,421879.0
7922795,2024-06-14,paid_search,ios,United States,18,Small Business Owner,,187498.0
1533037,2024-04-18,organic,android,United Kingdom,42,Software Engineer,,999159.0
8971379,2024-01-02,affiliate,android,United States,23,Student,,887201.0
9659522,2024-11-27,organic,ios,United States,45,Nurse,,999159.0
2778244,2024-01-29,social,web,Brazil,34,Marketing Manager,,465838.0
6972558,2024-10-17,paid_search,android,Philippines,37,Sales Rep,,421879.0
3007635,2024-03-30,social,web,India,29,Sales Rep,,465838.0
3892371,2024-05-15,organic,android,Germany,44,Consultant,,
5334165,2024-07-29,affiliate,web,Germany,53,Nurse,,291335.0
5301400,2024-01-04,social,web,Mexico,41,Sales Rep,,378167.0
4875416,2024-09-28,organic,web,United States,28,Sales Rep,,
2385049,2024-02-28,social,ios,Philippines,45,Sales Rep,,378167.0
9888923,2024-11-19,paid_search,ios,Brazil,38,Freelancer,,771155.0
6218907,2023-02-25,social,android,Australia,28,Software Engineer,,378167.0
4711584,2024-09-10,paid_search,ios,United Kingdom,45,Consultant,,771155.0
3269798,2024-03-20,affiliate,ios,United States,51,Student,,744167.0
3597480,2024-04-09,paid_search,android,Australia,46,Student,,141090.0
2942120,2024-06-06,paid_search,ios,United States,31,Consultant,,818315.0
2811049,2023-03-28,organic,ios,Germany,53,Sales Rep,,
5956780,2023-03-24,social,ios,United States,44,Sales Rep,,465838.0
3859653,2024-10-08,social,ios,Australia,38,Accountant,,378167.0
9299141,2024-02-11,paid_search,web,United States,18,Consultant,,818315.0
7955653,2024-12-27,paid_search,ios,Australia,32,Accountant,,154886.0
8250569,2024-01-08,organic,ios,Mexico,53,Retired,,
7464143,2024-11-14,social,ios,United States,25,Sales Rep,,465838.0
4777173,2023-06-15,social,web,United States,40,Accountant,,378167.0
6153435,2024-07-28,affiliate,android,Canada,18,Small Business Owner,,210268.0
5072091,2023-07-13,affiliate,ios,India,37,Freelancer,,210268.0
7759072,2024-10-26,organic,ios,Mexico,56,Consultant,,
4383973,2023-12-11,paid_search,ios,United States,40,Unemployed,,421879.0
8414440,2024-09-04,organic,web,United States,27,Teacher,,
9135340,2024-10-11,affiliate,ios,United Kingdom,30,Sales Rep,,291335.0
8283377,2024-01-21,paid_search,web,Australia,36,Consultant,,154886.0
6481140,2024-01-08,organic,web,United States,33,Retired,,
1762557,2023-09-01,organic,web,United Kingdom,42,Student,,
3892478,2024-01-28,social,web,United Kingdom,31,Student,,465838.0
6546686,2024-08-07,social,web,United States,43,Accountant,,378167.0
5563653,2024-01-21,organic,ios,United States,39,Consultant,,
5530889,2024-11-25,paid_search,android,Australia,19,Sales Rep,,359178.0
6382858,2023-09-24,paid_search,ios,United States,31,Software Engineer,,818315.0
3073290,2024-04-21,affiliate,web,Germany,40,Consultant,,231932.0
3466511,2024-03-17,referral,ios,United States,18,Unemployed,Employee,
8185115,2024-09-02,paid_search,ios,India,27,Sales Rep,,818315.0
7922972,2024-09-27,organic,ios,United States,28,Marketing Manager,,
7922981,2024-09-30,social,ios,United States,45,Unemployed,,378167.0
8381740,2024-08-05,organic,web,United States,33,Accountant,,999159.0
4351278,2024-12-28,paid_search,android,United States,39,Retired,,237337.0
4941106,2024-09-20,referral,android,United States,71,Nurse,Community Forum,
7103807,2023-05-28,affiliate,ios,United Kingdom,30,Consultant,,887201.0
1041743,2024-02-12,social,ios,Australia,33,Unemployed,,378167.0
3302743,2023-11-12,organic,android,India,40,Accountant,,
8742237,2024-06-07,social,ios,Mexico,34,Nurse,,378167.0
5825885,2024-07-16,social,ios,United States,28,Small Business Owner,,378167.0
1238366,2024-03-12,affiliate,ios,United States,28,Accountant,,832180.0
8185197,2024-11-15,organic,ios,United States,38,Sales Rep,,
7726451,2024-12-14,affiliate,android,India,18,Consultant,,210268.0
7529845,2023-12-23,organic,android,United States,39,Small Business Owner,,
4220281,2024-05-03,paid_search,android,United Kingdom,27,Retired,,187498.0
5170555,2024-06-26,affiliate,web,Canada,26,Teacher,,887201.0
4777341,2024-12-05,referral,web,Philippines,18,Small Business Owner,Existing Customer,
3007878,2024-04-29,social,ios,United States,38,Sales Rep,,465838.0
1566088,2024-04-01,paid_search,android,United States,34,Sales Rep,,154886.0
2418060,2023-09-17,paid_search,ios,United Kingdom,27,Unemployed,,164820.0
2844053,2024-10-31,organic,android,Brazil,47,Freelancer,,
9299350,2024-12-14,organic,android,United States,35,Nurse,,
2155933,2024-12-09,social,web,United States,40,Teacher,,378167.0
2614694,2023-08-08,paid_search,android,Canada,41,Teacher,,154886.0
7497127,2023-11-06,paid_search,web,United States,29,Nurse,,164820.0
5367207,2024-11-28,social,ios,United States,22,Nurse,,465838.0
4941237,2024-05-18,organic,ios,Canada,31,Retired,,
8906166,2023-12-14,affiliate,web,India,40,Teacher,,744167.0
1828282,2024-05-28,organic,web,Philippines,18,Software Engineer,,
7759291,2024-03-05,organic,ios,Germany,51,Consultant,,
9168326,2023-12-07,paid_search,android,Germany,44,Consultant,,359178.0
8316359,2024-03-19,social,android,United States,20,Nurse,,465838.0
6972872,2023-07-26,organic,ios,United States,30,Small Business Owner,,999159.0
9070024,2024-12-02,social,ios,United States,23,Sales Rep,,378167.0
6809041,2024-03-25,organic,web,Mexico,32,Freelancer,,
7202258,2024-08-20,affiliate,ios,India,26,Software Engineer,,221958.0
1664468,2024-07-16,referral,android,United States,44,Nurse,Partner App,
8185300,2024-08-02,affiliate,web,United Kingdom,21,Small Business Owner,,275203.0
5989847,2023-10-30,paid_search,android,India,35,Accountant,,141090.0
3761623,2024-08-15,social,android,United States,20,Student,,378167.0
5563870,2024-12-16,organic,web,United States,50,Teacher,,
6448608,2023-09-07,affiliate,ios,Philippines,29,Accountant,,744167.0
6710754,2024-11-19,paid_search,web,Canada,49,Unemployed,,421879.0
4875754,2023-10-03,organic,web,United States,49,Nurse,,
3761642,2023-05-26,organic,android,Germany,26,Marketing Manager,,
7792109,2023-09-18,referral,android,Nigeria,37,Software Engineer,Community Forum,
7398897,2023-11-13,affiliate,ios,United Kingdom,36,Teacher,,291335.0
5957107,2024-04-19,referral,web,Philippines,25,Teacher,Employee,
7398905,2024-01-12,organic,web,Brazil,46,Software Engineer,,
5301754,2024-12-03,referral,android,United States,31,Unemployed,Existing Customer,
7857658,2024-05-24,referral,android,Canada,18,Unemployed,Existing Customer,
2418175,2024-06-07,referral,ios,United States,38,Marketing Manager,Partner App,
2418180,2024-09-23,paid_search,ios,United States,18,Software Engineer,,164820.0
5989904,2024-07-10,paid_search,web,Mexico,33,Freelancer,,164820.0
8873491,2024-12-11,affiliate,android,India,36,Unemployed,,887201.0
4580885,2024-01-19,affiliate,android,United Kingdom,38,Small Business Owner,,221958.0
5924374,2023-12-25,paid_search,ios,United States,29,Teacher,,359178.0
7759383,2024-07-22,paid_search,web,Australia,38,Marketing Manager,,359178.0
9102873,2024-04-28,affiliate,ios,United States,18,Unemployed,,887201.0
8152604,2024-11-23,affiliate,ios,United Kingdom,18,Sales Rep,,887201.0
5236258,2023-08-04,organic,web,United Kingdom,40,Consultant,,
9463331,2024-12-09,paid_search,ios,United States,39,Student,,818315.0
4023846,2024-05-06,organic,android,Philippines,40,Small Business Owner,,
6514214,2024-05-09,paid_search,ios,Germany,34,Teacher,,154886.0
5957161,2024-06-02,affiliate,ios,Australia,32,Accountant,,744167.0
8382003,2024-04-25,affiliate,web,United States,33,Software Engineer,,210268.0
7136821,2024-08-13,organic,web,India,33,Sales Rep,,
2549302,2024-06-10,organic,web,India,49,Teacher,,
2352695,2024-12-16,affiliate,android,United States,44,Consultant,,744167.0
3204664,2024-07-07,affiliate,android,Germany,25,Consultant,,231932.0
4023871,2024-09-03,affiliate,web,India,18,Marketing Manager,,887201.0
4777538,2024-06-23,organic,ios,United States,27,Accountant,,
5400131,2024-03-22,organic,ios,United Kingdom,40,Consultant,,
5301828,2024-05-18,affiliate,ios,United States,28,Freelancer,,231932.0
5465669,2024-11-02,organic,ios,United Kingdom,62,Sales Rep,,
2549317,2024-12-29,social,android,United States,20,Unemployed,,465838.0
5105223,2024-12-13,paid_search,web,Nigeria,41,Teacher,,141090.0
6088268,2024-04-01,organic,ios,United States,29,Accountant,,
6383182,2023-07-14,referral,android,Canada,38,Student,Employee,
8611432,2024-12-21,organic,web,India,34,Marketing Manager,,
3925609,2023-09-17,paid_search,ios,United States,41,Accountant,,771155.0
9234025,2024-03-19,organic,web,Brazil,40,Nurse,,
8054378,2024-08-15,paid_search,ios,United States,18,Nurse,,164820.0
7562865,2024-09-28,affiliate,web,Mexico,33,Freelancer,,744167.0
1074804,2024-01-10,organic,android,Brazil,22,Teacher,,999159.0
4318843,2024-09-11,paid_search,android,United Kingdom,27,Student,,154886.0
5858939,2024-05-09,affiliate,web,United Kingdom,57,Nurse,,744167.0
7562877,2023-10-17,affiliate,ios,Australia,21,Unemployed,,744167.0
7104128,2024-11-22,paid_search,web,United States,18,Student,,818315.0
8578689,2023-09-17,affiliate,android,Philippines,27,Nurse,,275203.0
5826176,2023-10-27,organic,android,Philippines,33,Retired,,
3630723,2024-09-12,organic,ios,United States,42,Freelancer,,
4843139,2023-07-27,referral,web,United States,41,Consultant,Community Forum,
6710912,2024-02-04,affiliate,web,United States,36,Marketing Manager,,832180.0
9430664,2024-07-09,social,android,Canada,35,Teacher,,378167.0
7038602,2023-07-02,referral,web,India,36,Software Engineer,Partner App,
6547094,2024-03-25,affiliate,android,United States,39,Teacher,,887201.0
2057880,2023-04-13,social,ios,United States,35,Student,,465838.0
3434138,2024-04-19,organic,android,Australia,30,Nurse,,
3597979,2023-10-21,organic,web,Germany,25,Teacher,,429365.0
6284958,2024-02-23,affiliate,android,United Kingdom,29,Nurse,,887201.0
9692832,2024-05-17,affiliate,android,United States,38,Consultant,,221958.0
3827364,2024-12-01,organic,web,Mexico,33,Retired,,
8939174,2024-04-14,organic,android,Philippines,35,Unemployed,,
8578729,2024-11-14,paid_search,android,United Kingdom,39,Marketing Manager,,818315.0
8152747,2024-10-15,social,web,India,38,Teacher,,465838.0
2549420,2023-12-20,paid_search,ios,United States,18,Sales Rep,,421879.0
5695154,2024-05-09,social,ios,Germany,45,Consultant,,465838.0
9135800,2023-10-14,paid_search,ios,Brazil,43,Unemployed,,621430.0
8349369,2024-11-22,paid_search,android,United States,29,Student,,771155.0
3008187,2024-07-24,referral,ios,Australia,54,Student,Employee,
8152765,2024-07-23,social,web,Canada,33,Nurse,,378167.0
6186686,2024-12-25,affiliate,ios,India,31,Nurse,,291335.0
3761856,2024-11-30,organic,android,Canada,19,Unemployed,,999159.0
8709824,2024-11-29,organic,web,Australia,21,Sales Rep,,
1533634,2024-10-21,organic,ios,United Kingdom,33,Marketing Manager,,
1533636,2024-07-12,paid_search,web,Nigeria,31,Nurse,,771155.0
4515530,2023-11-26,paid_search,ios,United Kingdom,50,Marketing Manager,,421879.0
2156245,2023-04-24,organic,android,Canada,20,Retired,,
9070297,2023-11-12,affiliate,ios,United Kingdom,36,Marketing Manager,,231932.0
2877145,2024-04-27,organic,ios,Philippines,18,Retired,,429365.0
1042137,2023-09-23,organic,ios,United States,29,Unemployed,,
8873692,2024-12-10,organic,android,United Kingdom,30,Accountant,,
8054499,2024-02-08,paid_search,android,United States,24,Freelancer,,359178.0
3892970,2024-11-10,social,web,Philippines,23,Consultant,,465838.0
2647824,2023-03-15,organic,android,United States,31,Unemployed,,
9791249,2024-09-12,organic,ios,United States,27,Nurse,,
9201428,2023-09-17,social,android,United States,52,Nurse,,378167.0
7890709,2024-03-21,social,web,Brazil,52,Sales Rep,,465838.0
9398043,2023-07-24,social,ios,Canada,41,Teacher,,378167.0
9824031,2024-06-28,organic,android,Mexico,42,Accountant,,
9955118,2024-08-10,organic,ios,Australia,18,Software Engineer,,429365.0
6219574,2024-11-27,affiliate,android,United States,44,Nurse,,832180.0
6154048,2024-01-14,social,ios,India,18,Marketing Manager,,378167.0
4155200,2024-01-26,affiliate,ios,Australia,21,Consultant,,221958.0
1402690,2023-09-07,affiliate,ios,United States,38,Consultant,,291335.0
4253507,2024-03-20,organic,ios,United States,21,Accountant,,
9856832,2024-05-14,paid_search,android,United States,23,Freelancer,,421879.0
3237699,2024-11-28,affiliate,ios,United States,43,Sales Rep,,887201.0
4974409,2024-10-17,organic,web,United States,63,Accountant,,
1337164,2023-02-16,paid_search,android,Canada,33,Nurse,,421879.0
6907726,2024-09-05,organic,web,United States,18,Consultant,,
2189138,2024-05-23,paid_search,android,United Kingdom,45,Nurse,,421879.0
6252371,2024-11-20,paid_search,android,United States,26,Retired,,154886.0
1435477,2024-03-05,organic,ios,Philippines,39,Small Business Owner,,
6055769,2024-11-25,organic,android,United States,42,Consultant,,429365.0
2942811,2024-01-01,organic,android,India,30,Unemployed,,
6088539,2023-11-04,organic,android,United States,49,Marketing Manager,,
8021855,2023-07-25,referral,web,United Kingdom,18,Nurse,Community Forum,
4613983,2023-12-17,organic,web,India,18,Accountant,,
8021862,2023-12-05,affiliate,android,India,18,Small Business Owner,,744167.0
5105513,2024-04-30,social,ios,United States,18,Student,,378167.0
1402732,2024-11-11,social,ios,Mexico,31,Marketing Manager,,378167.0
5138286,2024-06-09,referral,web,United States,34,Unemployed,Partner App,
9430899,2024-09-29,organic,web,Philippines,32,Nurse,,
9856884,2024-05-05,referral,web,Brazil,26,Unemployed,Partner App,
7169912,2024-12-14,referral,android,United States,52,Freelancer,Partner App,
1468298,2024-02-06,organic,web,United States,32,Sales Rep,,
2615181,2024-10-06,social,ios,Germany,26,Nurse,,465838.0
2353038,2024-05-20,affiliate,web,Brazil,18,Teacher,,221958.0
2877329,2024-12-03,social,ios,United Kingdom,41,Small Business Owner,,378167.0
4646804,2024-01-02,social,web,United States,52,Sales Rep,,378167.0
5859221,2024-01-28,social,web,United States,25,Student,,465838.0
4319144,2024-10-22,affiliate,ios,United Kingdom,18,Freelancer,,231932.0
5203887,2023-03-27,paid_search,ios,Canada,31,Retired,,771155.0
2320307,2023-12-17,social,web,United Kingdom,43,Teacher,,465838.0
7792566,2024-06-04,affiliate,web,Canada,30,Accountant,,221958.0
1828791,2024-09-09,social,web,Philippines,35,Marketing Manager,,465838.0
4581311,2024-09-28,referral,ios,India,30,Freelancer,Community Forum,
1337283,2023-11-26,affiliate,android,United States,30,Accountant,,275203.0
5007324,2024-10-13,social,ios,United States,43,Small Business Owner,,465838.0
1304543,2024-06-20,organic,web,United States,26,Teacher,,
1501157,2024-10-01,paid_search,web,United States,18,Consultant,,237337.0
2615270,2024-11-27,paid_search,web,Australia,41,Teacher,,141090.0
1239017,2024-09-09,referral,ios,United States,58,Consultant,Community Forum,
9594859,2024-07-26,organic,android,India,31,Nurse,,
9889782,2024-03-12,social,web,Philippines,18,Unemployed,,465838.0
9037821,2024-12-30,paid_search,android,United States,25,Unemployed,,154886.0
8775679,2024-07-09,paid_search,ios,United Kingdom,34,Retired,,237337.0
1730559,2023-06-13,paid_search,web,United States,24,Unemployed,,164820.0
2451469,2024-01-28,organic,android,India,50,Retired,,
5466134,2024-12-22,organic,ios,United States,18,Marketing Manager,,
9725977,2024-12-24,social,ios,United States,34,Nurse,,378167.0
6023198,2024-10-21,social,ios,Germany,23,Unemployed,,378167.0
1468451,2023-12-22,paid_search,ios,Australia,39,Freelancer,,421879.0
3827754,2024-08-17,paid_search,web,Germany,37,Nurse,,621430.0
6645812,2024-02-22,organic,android,Germany,24,Sales Rep,,
5859382,2024-10-11,organic,android,United States,49,Accountant,,
4876345,2024-02-15,paid_search,ios,Germany,35,Unemployed,,187498.0
8972368,2024-12-29,paid_search,web,Brazil,18,Marketing Manager,,771155.0
9168984,2024-10-16,social,ios,Brazil,30,Marketing Manager,,378167.0
5990488,2024-02-12,referral,ios,Philippines,52,Accountant,Partner App,
3500120,2024-11-06,affiliate,android,Mexico,48,Student,,832180.0
9955427,2024-05-24,organic,ios,United States,37,Sales Rep,,
1402980,2024-09-25,paid_search,ios,Canada,30,Small Business Owner,,621430.0
6809701,2023-03-27,paid_search,android,United States,44,Small Business Owner,,187498.0
7071845,2024-01-04,paid_search,android,United States,36,Nurse,,621430.0
6973544,2024-09-18,social,android,India,40,Small Business Owner,,378167.0
8284268,2024-02-21,affiliate,android,United States,44,Retired,,832180.0
4319343,2023-11-05,affiliate,ios,Germany,48,Freelancer,,832180.0
9594992,2024-12-19,organic,web,Canada,19,Freelancer,,
1337462,2024-03-19,organic,ios,Germany,21,Consultant,,
7759991,2023-08-10,paid_search,android,Australia,19,Nurse,,771155.0
3303554,2024-10-16,affiliate,web,India,41,Small Business Owner,,832180.0
5204099,2024-04-03,paid_search,android,India,57,Retired,,187498.0
3598475,2024-09-29,organic,web,United States,27,Consultant,,
6056093,2023-12-17,referral,ios,United States,35,Accountant,Existing Customer,
6875293,2023-02-24,organic,ios,United States,38,Consultant,,
5466271,2024-04-15,social,web,India,48,Retired,,465838.0
6121632,2024-02-08,paid_search,web,India,31,Nurse,,359178.0
5171364,2024-02-25,paid_search,ios,United States,32,Freelancer,,141090.0
3238057,2024-09-10,affiliate,web,United States,30,Consultant,,291335.0
2353324,2024-08-04,paid_search,ios,Mexico,49,Retired,,621430.0
3958963,2024-10-28,paid_search,web,United States,26,Student,,421879.0
3795126,2023-03-30,organic,ios,Germany,25,Student,,
6088890,2024-11-27,affiliate,web,Philippines,18,Freelancer,,231932.0
1075388,2024-05-31,organic,android,Australia,26,Nurse,,429365.0
8775872,2024-04-27,affiliate,ios,India,18,Nurse,,221958.0
3074242,2024-08-20,organic,web,United States,32,Retired,,
9791689,2024-08-09,paid_search,ios,Germany,28,Accountant,,771155.0
9791690,2024-01-24,organic,web,Canada,18,Accountant,,
2812105,2024-09-27,paid_search,ios,United States,46,Sales Rep,,237337.0
4221131,2023-06-29,affiliate,web,United States,36,Nurse,,887201.0
6580427,2024-11-11,affiliate,ios,Australia,31,Nurse,,231932.0
6613201,2023-08-11,paid_search,web,United States,31,Small Business Owner,,818315.0
5892306,2024-07-28,paid_search,web,Canada,38,Consultant,,164820.0
4352214,2023-07-11,affiliate,ios,Canada,24,Retired,,275203.0
1206487,2024-07-19,paid_search,ios,Mexico,18,Marketing Manager,,359178.0
8153314,2024-06-13,referral,ios,United States,40,Consultant,Community Forum,
3074278,2023-11-11,referral,android,United Kingdom,33,Freelancer,Employee,
1403119,2023-10-18,paid_search,web,United Kingdom,29,Accountant,,187498.0
2681076,2024-05-22,referral,android,United States,36,Consultant,Employee,
9234679,2024-05-22,affiliate,web,United States,38,Marketing Manager,,231932.0
3959034,2024-01-24,organic,android,Canada,31,Software Engineer,,
6318331,2024-01-28,organic,web,India,27,Student,,
4352252,2024-03-16,paid_search,android,Philippines,29,Nurse,,154886.0
3565820,2024-08-25,paid_search,android,United Kingdom,42,Marketing Manager,,141090.0
4909308,2023-11-21,paid_search,android,Canada,40,Sales Rep,,154886.0
8349953,2023-05-18,organic,ios,India,31,Retired,,
6252807,2023-11-21,referral,web,United States,42,Unemployed,Existing Customer,
3238154,2024-07-22,affiliate,android,Australia,27,Retired,,291335.0
7923985,2024-10-13,paid_search,ios,United States,38,Retired,,187498.0
5400852,2023-11-30,affiliate,ios,India,46,Student,,832180.0
9791765,2023-11-18,organic,android,Canada,33,Consultant,,
7825687,2023-12-26,affiliate,ios,United States,29,Nurse,,832180.0
5630232,2024-01-26,affiliate,ios,Australia,29,Small Business Owner,,887201.0
3303707,2024-10-21,organic,android,Nigeria,32,Software Engineer,,
6580509,2023-09-19,affiliate,ios,Philippines,42,Small Business Owner,,291335.0
9169183,2023-12-12,paid_search,ios,United States,43,Consultant,,771155.0
5695781,2024-12-18,organic,android,Australia,46,Freelancer,,
7825711,2023-03-29,social,ios,United States,34,Sales Rep,,465838.0
9988400,2024-11-24,referral,android,United States,52,Sales Rep,Partner App,
5859633,2024-07-08,affiliate,ios,United States,55,Software Engineer,,887201.0
9103670,2024-10-28,organic,ios,United Kingdom,27,Small Business Owner,,
8022336,2024-01-23,affiliate,web,United States,32,Retired,,887201.0
4122951,2023-12-05,referral,web,United States,23,Unemployed,Partner App,
9070924,2024-04-23,organic,ios,Brazil,34,Software Engineer,,429365.0
2779472,2024-08-30,organic,ios,United Kingdom,35,Consultant,,999159.0
2877779,2024-08-24,referral,web,Mexico,30,Nurse,Existing Customer,
7563614,2024-02-16,affiliate,web,United States,57,Software Engineer,,210268.0
5040479,2024-03-14,organic,web,Canada,20,Marketing Manager,,
6941028,2024-08-31,affiliate,ios,Canada,21,Sales Rep,,291335.0
9333100,2024-07-13,organic,ios,Australia,52,Small Business Owner,,
5892472,2024-09-03,affiliate,web,United States,18,Freelancer,,231932.0
3402110,2024-07-25,organic,ios,India,44,Freelancer,,
4909439,2023-08-31,organic,web,United States,27,Teacher,,
3402114,2024-07-04,organic,web,Australia,42,Unemployed,,
6416775,2023-12-07,paid_search,ios,India,18,Small Business Owner,,771155.0
1501590,2024-10-03,social,web,Brazil,37,Teacher,,378167.0
9136537,2024-11-08,affiliate,android,Australia,31,Nurse,,832180.0
7465377,2024-03-15,affiliate,ios,United States,50,Small Business Owner,,275203.0
3762594,2023-08-08,affiliate,android,Canada,24,Nurse,,221958.0
2550184,2023-07-27,affiliate,android,India,36,Marketing Manager,,291335.0
8841640,2023-10-09,social,web,Germany,22,Software Engineer,,465838.0
5499311,2024-01-20,affiliate,web,Brazil,20,Student,,210268.0
8743343,2023-06-05,paid_search,web,Germany,45,Sales Rep,,771155.0
1403322,2024-07-12,affiliate,ios,United States,33,Software Engineer,,291335.0
3008960,2024-08-20,social,ios,India,47,Nurse,,378167.0
6449604,2024-10-19,affiliate,ios,Canada,26,Retired,,832180.0
4647371,2024-05-15,paid_search,android,United States,35,Consultant,,359178.0
8710611,2023-09-21,organic,ios,United States,44,Nurse,,
6187480,2024-12-28,affiliate,web,United Kingdom,46,Accountant,,275203.0
5892571,2024-08-01,organic,web,United States,26,Small Business Owner,,
1632731,2024-03-01,social,web,Philippines,43,Accountant,,378167.0
5335518,2024-11-30,paid_search,web,Germany,42,Teacher,,164820.0
2615777,2024-01-03,paid_search,web,United Kingdom,47,Student,,421879.0
9693670,2024-09-02,organic,web,United Kingdom,30,Small Business Owner,,
7662064,2024-09-05,referral,android,Canada,38,Nurse,Existing Customer,
2910705,2024-04-03,paid_search,web,United States,37,Freelancer,,421879.0
1174001,2023-10-26,organic,ios,United States,29,Teacher,,
4581877,2024-01-03,affiliate,android,Germany,41,Sales Rep,,832180.0
3697143,2024-01-04,organic,android,Australia,43,Software Engineer,,999159.0
5695995,2024-12-09,referral,web,United States,26,Nurse,Partner App,
3009021,2023-09-21,paid_search,android,Mexico,50,Small Business Owner,,164820.0
8415745,2024-02-18,affiliate,android,Canada,39,Marketing Manager,,887201.0
6679042,2024-03-12,organic,android,Brazil,20,Retired,,
6711813,2024-02-01,affiliate,ios,Canada,25,Marketing Manager,,210268.0
9234955,2024-07-13,affiliate,web,India,42,Accountant,,221958.0
6744588,2023-11-19,organic,ios,Germany,43,Nurse,,
2877971,2024-10-14,paid_search,web,United States,49,Retired,,187498.0
7760403,2023-07-11,organic,web,Australia,28,Accountant,,
8219155,2023-11-15,organic,ios,United States,29,Software Engineer,,
8907288,2023-08-23,social,android,Mexico,56,Unemployed,,378167.0
7039523,2024-11-01,organic,ios,Brazil,48,Marketing Manager,,
8809006,2024-04-16,paid_search,ios,United States,36,Teacher,,154886.0
5990961,2024-06-16,paid_search,android,United Kingdom,34,Accountant,,359178.0
4614705,2024-07-06,organic,web,United States,54,Software Engineer,,
5270070,2024-05-21,organic,web,Germany,22,Unemployed,,
7072310,2024-09-11,organic,web,United Kingdom,32,Sales Rep,,
1239608,2024-10-22,organic,android,Germany,38,Sales Rep,,
4188729,2024-08-13,social,ios,Brazil,43,Teacher,,465838.0
1337913,2024-04-22,paid_search,web,Brazil,26,Marketing Manager,,359178.0
5171774,2023-09-11,affiliate,ios,Canada,33,Student,,887201.0
8645195,2024-06-21,affiliate,web,Philippines,34,Freelancer,,275203.0
1862219,2024-10-18,paid_search,web,Germany,63,Freelancer,,141090.0
6580815,2024-01-22,organic,android,Canada,49,Retired,,
4287058,2024-05-11,affiliate,ios,United States,60,Software Engineer,,832180.0
3336798,2024-01-28,paid_search,ios,India,30,Freelancer,,421879.0
1239647,2024-10-11,social,ios,United States,51,Accountant,,378167.0
9890401,2024-03-22,paid_search,ios,United Kingdom,43,Retired,,141090.0
8088166,2024-04-23,organic,ios,United States,36,Marketing Manager,,
3336806,2023-12-20,organic,android,United States,39,Accountant,,
2746988,2024-09-28,affiliate,ios,United States,26,Teacher,,210268.0
7989875,2024-01-18,organic,ios,United States,18,Freelancer,,
3828340,2024-04-20,organic,android,Australia,26,Accountant,,
4287093,2023-08-25,affiliate,android,India,37,Nurse,,744167.0
5401207,2024-08-26,paid_search,ios,India,36,Teacher,,359178.0
8907386,2023-11-08,social,ios,Philippines,50,Accountant,,465838.0
8415871,2024-04-24,organic,android,Australia,42,Unemployed,,999159.0
6515328,2023-08-30,social,web,Mexico,46,Sales Rep,,378167.0
6908553,2024-12-19,organic,ios,United Kingdom,26,Nurse,,999159.0
9104010,2024-05-10,social,web,Canada,26,Retired,,378167.0
5335702,2024-02-22,social,android,Brazil,23,Retired,,465838.0
8579751,2024-05-27,organic,web,United States,18,Accountant,,
8153768,2023-04-04,affiliate,android,Germany,31,Retired,,744167.0
1534633,2024-06-27,social,ios,India,30,Small Business Owner,,378167.0
9038508,2024-10-01,paid_search,ios,United States,41,Small Business Owner,,771155.0
3959470,2024-04-05,organic,android,Mexico,53,Unemployed,,
8317619,2024-11-12,social,web,United States,18,Accountant,,378167.0
8678073,2024-08-02,organic,ios,United States,29,Retired,,999159.0
1600198,2024-08-30,organic,android,United States,29,Nurse,,
9530057,2023-08-12,organic,web,United States,33,Unemployed,,
2255564,2024-11-02,paid_search,ios,United States,35,Small Business Owner,,818315.0
1960652,2023-11-09,organic,web,Australia,27,Teacher,,
2583246,2023-12-16,paid_search,ios,Australia,39,Small Business Owner,,164820.0
2157260,2024-05-30,paid_search,web,United States,22,Marketing Manager,,771155.0
6122194,2024-10-13,organic,web,United States,21,Sales Rep,,
4483802,2024-06-11,affiliate,ios,Canada,45,Retired,,744167.0
6908635,2024-06-05,paid_search,android,United States,49,Retired,,621430.0
1272544,2024-07-19,social,web,United States,24,Sales Rep,,465838.0
7334625,2024-06-04,paid_search,web,United States,25,Consultant,,187498.0
1239779,2023-12-17,social,web,Philippines,20,Software Engineer,,465838.0
7662314,2024-12-25,paid_search,web,United States,29,Nurse,,771155.0
6712044,2023-11-22,paid_search,android,India,22,Nurse,,621430.0
4254449,2023-12-12,affiliate,ios,Australia,41,Software Engineer,,210268.0
2779892,2023-07-21,affiliate,ios,Germany,19,Small Business Owner,,744167.0
2386689,2024-07-06,organic,web,United States,40,Small Business Owner,,
7432975,2023-10-11,paid_search,web,United States,41,Software Engineer,,421879.0
5008146,2024-11-29,paid_search,android,Germany,43,Teacher,,237337.0
2222869,2024-05-29,organic,web,United Kingdom,43,Freelancer,,
1764121,2023-06-06,referral,web,United Kingdom,50,Retired,Partner App,
8284953,2024-01-15,organic,android,Philippines,38,Teacher,,
7400231,2024-08-19,paid_search,android,United States,44,Nurse,,237337.0
4844328,2024-03-28,organic,web,United States,18,Teacher,,
2681641,2024-02-07,paid_search,web,Philippines,38,Freelancer,,237337.0
5335868,2024-03-05,organic,web,United States,40,Small Business Owner,,
5466951,2024-04-26,organic,android,United States,44,Small Business Owner,,
7269191,2024-08-26,organic,ios,United States,40,Software Engineer,,
1600338,2024-06-20,paid_search,android,India,35,Freelancer,,421879.0
9399122,2024-04-12,affiliate,web,United States,23,Small Business Owner,,744167.0
3894100,2024-10-12,paid_search,web,United Kingdom,32,Small Business Owner,,421879.0
7990102,2024-02-16,referral,android,Nigeria,28,Teacher,Existing Customer,
5139289,2023-10-02,affiliate,ios,Germany,50,Sales Rep,,291335.0
5172060,2024-03-15,referral,web,India,22,Accountant,Employee,
8973155,2024-07-09,affiliate,android,United States,51,Small Business Owner,,832180.0
1829735,2024-06-15,paid_search,android,Germany,52,Teacher,,164820.0
7203690,2023-09-07,organic,android,Mexico,41,Accountant,,
9464685,2024-06-01,organic,web,United Kingdom,27,Software Engineer,,429365.0
3664749,2024-09-05,paid_search,web,India,28,Small Business Owner,,771155.0
8252270,2024-10-13,affiliate,ios,United States,34,Software Engineer,,832180.0
2550642,2023-07-05,organic,android,Mexico,25,Small Business Owner,,
3304310,2024-11-21,paid_search,web,United States,34,Software Engineer,,621430.0
9825150,2024-12-23,organic,web,India,29,Consultant,,
7695233,2023-04-02,referral,web,United States,25,Small Business Owner,Community Forum,
4483978,2024-10-09,social,web,United States,42,Retired,,465838.0
9333648,2023-05-25,organic,android,Mexico,18,Teacher,,
6613904,2024-09-09,referral,web,Brazil,53,Software Engineer,Employee,
4811666,2024-10-10,organic,ios,Philippines,36,Consultant,,
4352921,2023-08-07,organic,android,United States,54,Consultant,,
8776604,2024-06-08,organic,android,Philippines,44,Sales Rep,,
6056861,2023-11-08,referral,ios,United Kingdom,18,Retired,Existing Customer,
2059165,2023-07-11,paid_search,android,United Kingdom,24,Student,,187498.0
7531423,2024-04-15,organic,web,Canada,28,Software Engineer,,
1239968,2024-11-20,organic,android,United States,26,Consultant,,
1764265,2024-12-19,organic,android,United States,58,Software Engineer,,
9038762,2024-05-11,affiliate,android,United Kingdom,35,Student,,887201.0
4746169,2024-12-13,organic,ios,Canada,37,Sales Rep,,
1665979,2023-07-20,paid_search,ios,United States,18,Accountant,,141090.0
6679487,2024-11-04,affiliate,web,United States,52,Consultant,,832180.0
3926979,2024-08-25,referral,android,Philippines,26,Consultant,Partner App,
2223045,2024-08-23,social,android,United States,18,Software Engineer,,378167.0
7695306,2024-07-31,affiliate,android,Mexico,34,Software Engineer,,832180.0
5434315,2024-12-16,paid_search,android,Canada,33,Unemployed,,771155.0
7269324,2024-10-04,paid_search,ios,India,29,Retired,,359178.0
9202637,2024-02-13,social,android,United States,38,Freelancer,,378167.0
9497552,2024-05-09,affiliate,android,United States,36,Marketing Manager,,744167.0
6351826,2023-12-27,paid_search,android,India,33,Software Engineer,,621430.0
5204955,2024-04-11,affiliate,android,Canada,43,Software Engineer,,221958.0
3337180,2024-03-09,social,android,United States,53,Marketing Manager,,465838.0
5860319,2024-04-25,social,web,Mexico,25,Freelancer,,378167.0
5893091,2024-02-20,social,ios,United Kingdom,25,Small Business Owner,,378167.0
8416240,2023-11-25,paid_search,ios,Canada,41,Software Engineer,,359178.0
7105525,2024-09-01,organic,ios,United States,29,Student,,
5860345,2023-11-16,affiliate,web,United Kingdom,39,Student,,744167.0
1076218,2024-08-20,organic,web,Canada,23,Sales Rep,,
2845700,2023-08-15,referral,web,Germany,57,Accountant,Existing Customer,
4189189,2023-08-10,referral,android,United States,31,Small Business Owner,Existing Customer,
4353030,2024-11-07,referral,web,United States,50,Consultant,Community Forum,
5663754,2024-07-07,affiliate,android,India,40,Accountant,,291335.0
7433230,2023-10-24,paid_search,web,United States,35,Student,,421879.0
4942863,2024-06-21,affiliate,android,India,32,Student,,231932.0
7859216,2023-10-08,organic,ios,United Kingdom,28,Consultant,,999159.0
5532688,2023-11-13,organic,ios,Nigeria,35,Retired,,
9989138,2024-11-20,organic,android,Australia,41,Accountant,,
9464848,2024-05-01,referral,ios,United States,29,Marketing Manager,Employee,
4549651,2024-05-15,paid_search,ios,United Kingdom,34,Teacher,,818315.0
3664921,2024-07-02,paid_search,android,Philippines,29,Accountant,,237337.0
4451356,2024-06-18,organic,web,United States,18,Unemployed,,
4647965,2024-12-28,organic,android,United States,35,Teacher,,
7367712,2024-06-15,referral,ios,United States,23,Sales Rep,Existing Customer,
2386980,2023-07-11,organic,web,India,18,Retired,,
4779044,2023-08-24,organic,ios,United Kingdom,43,Marketing Manager,,
2845733,2023-11-05,affiliate,ios,United States,18,Small Business Owner,,210268.0
4090930,2023-10-22,organic,ios,United States,32,Accountant,,
1731636,2023-11-28,affiliate,android,United States,18,Marketing Manager,,221958.0
9595960,2023-08-16,organic,ios,United States,33,Unemployed,,
2026553,2024-10-15,organic,web,Canada,20,Accountant,,
9890872,2024-05-16,affiliate,web,United States,35,Retired,,231932.0
1928252,2023-07-10,paid_search,web,Brazil,18,Sales Rep,,621430.0
1174588,2023-08-23,social,ios,Philippines,44,Retired,,378167.0
4222018,2023-11-09,affiliate,ios,United States,46,Small Business Owner,,231932.0
3927109,2023-11-01,social,ios,Canada,27,Accountant,,465838.0
3009606,2023-08-30,paid_search,web,Mexico,64,Unemployed,,141090.0
4713543,2023-08-08,organic,ios,United States,42,Sales Rep,,
2255950,2024-01-25,social,web,United States,25,Small Business Owner,,465838.0
1567827,2024-02-15,affiliate,web,Brazil,27,Freelancer,,275203.0
5467223,2023-05-21,social,ios,India,18,Sales Rep,,378167.0
2255959,2024-08-19,social,android,Canada,48,Small Business Owner,,378167.0
2780248,2024-07-05,organic,ios,United States,38,Accountant,,999159.0
9202787,2024-08-04,affiliate,android,Nigeria,45,Marketing Manager,,210268.0
6843493,2023-12-10,organic,ios,India,18,Sales Rep,,
2124905,2023-03-20,social,android,United States,23,Teacher,,465838.0
1633389,2024-02-13,affiliate,web,United States,61,Retired,,231932.0
6646895,2024-12-06,organic,web,United States,30,Accountant,,
5991536,2023-12-23,referral,web,Philippines,33,Teacher,Community Forum,
1666165,2023-09-05,social,android,Australia,41,Sales Rep,,465838.0
7105661,2024-05-23,affiliate,android,United Kingdom,23,Small Business Owner,,231932.0
8744064,2024-11-18,referral,web,United Kingdom,42,Marketing Manager,Existing Customer,
1043585,2024-08-06,organic,web,Canada,40,Sales Rep,,
3173513,2024-12-28,paid_search,web,United States,34,Student,,141090.0
2813065,2024-07-03,affiliate,android,United States,29,Freelancer,,832180.0
1698956,2024-09-30,affiliate,web,United States,30,Student,,291335.0
9530508,2024-07-15,organic,web,United States,18,Sales Rep,,
9694353,2024-09-13,organic,ios,Germany,60,Freelancer,,429365.0
8088727,2024-11-07,social,web,Philippines,22,Teacher,,378167.0
9333920,2024-08-20,organic,web,United States,26,Student,,
7072929,2024-11-29,affiliate,android,Brazil,19,Nurse,,231932.0
6810786,2023-12-14,social,ios,United States,24,Software Engineer,,465838.0
8449194,2024-01-04,referral,ios,Nigeria,36,Software Engineer,Community Forum,
9727148,2024-01-22,social,android,United States,22,Sales Rep,,378167.0
1895596,2024-07-26,organic,web,India,44,Teacher,,
1862839,2024-01-16,organic,web,United States,67,Teacher,,
8285387,2024-10-25,paid_search,ios,United States,28,Accountant,,771155.0
9596108,2024-06-28,paid_search,ios,United States,21,Consultant,,771155.0
2419920,2024-11-10,organic,web,Germany,18,Student,,
7892180,2024-07-09,affiliate,web,Canada,18,Accountant,,221958.0
1502420,2024-02-15,organic,ios,India,22,Small Business Owner,,
5532889,2024-10-24,paid_search,ios,Germany,43,Consultant,,421879.0
8514782,2024-01-16,paid_search,ios,Germany,31,Freelancer,,141090.0
6581472,2023-12-29,social,web,Philippines,44,Teacher,,465838.0
4812010,2023-12-14,social,web,United Kingdom,28,Accountant,,378167.0
8416510,2024-02-29,paid_search,web,United States,43,Teacher,,237337.0
5762315,2023-11-21,affiliate,android,Germany,31,Student,,887201.0
2845964,2024-11-09,social,web,United States,38,Small Business Owner,,465838.0
4254992,2023-12-31,organic,web,United States,25,Consultant,,999159.0
7007509,2023-08-08,organic,web,United States,44,Marketing Manager,,
1666326,2023-11-28,social,ios,Nigeria,42,Marketing Manager,,378167.0
4877590,2023-12-15,paid_search,ios,United Kingdom,27,Consultant,,187498.0
1240346,2024-08-24,organic,web,India,35,Teacher,,
1207580,2024-01-14,paid_search,android,United States,25,Accountant,,359178.0
7236893,2024-12-03,affiliate,web,United States,25,Unemployed,,221958.0
3894558,2024-10-31,referral,android,United States,18,Freelancer,Existing Customer,
6122783,2024-04-28,paid_search,web,United States,37,Sales Rep,,154886.0
6647069,2024-10-31,paid_search,android,United States,18,Small Business Owner,,164820.0
6384935,2024-04-25,affiliate,ios,United States,30,Sales Rep,,832180.0
9432372,2024-12-14,organic,web,Germany,23,Software Engineer,,
1273146,2023-07-15,organic,ios,India,53,Nurse,,
5926203,2023-07-24,referral,ios,United States,22,Sales Rep,Employee,
9268541,2024-03-04,organic,web,United States,41,Nurse,,
1011009,2024-01-20,paid_search,ios,United States,39,Retired,,421879.0
4779337,2023-12-05,paid_search,web,United States,35,Consultant,,237337.0
9399625,2023-09-03,social,ios,Germany,36,Accountant,,378167.0
2878798,2023-12-03,social,android,Canada,20,Student,,378167.0
8940879,2024-06-02,organic,android,Germany,54,Retired,,
7990607,2024-12-13,organic,web,Australia,44,Freelancer,,
6417755,2024-08-16,affiliate,web,United States,31,Sales Rep,,275203.0
7433564,2023-09-12,affiliate,web,United States,35,Consultant,,231932.0
2059622,2023-12-13,referral,web,India,52,Freelancer,Partner App,
2485619,2024-01-28,organic,ios,United States,57,Teacher,,
3468665,2024-12-19,affiliate,android,United Kingdom,47,Sales Rep,,291335.0
5303677,2024-11-05,paid_search,android,India,41,Consultant,,237337.0
7105931,2023-03-08,social,web,United States,26,Marketing Manager,,465838.0
1142157,2023-09-21,affiliate,web,Brazil,38,Accountant,,887201.0
6647183,2023-11-19,affiliate,ios,Nigeria,19,Unemployed,,291335.0
6024592,2024-03-17,affiliate,ios,Australia,25,Marketing Manager,,275203.0
8613269,2024-12-09,paid_search,android,Mexico,20,Nurse,,818315.0
9104789,2024-12-30,social,web,Mexico,41,Retired,,465838.0
6253974,2024-09-06,organic,ios,United States,53,Sales Rep,,429365.0
7433636,2024-10-03,affiliate,ios,United Kingdom,30,Unemployed,,221958.0
5565861,2024-02-11,social,web,United States,36,Retired,,465838.0
4615590,2024-03-03,paid_search,android,Nigeria,18,Unemployed,,154886.0
8613287,2024-10-09,paid_search,web,India,20,Marketing Manager,,141090.0
5500328,2024-09-23,social,ios,United Kingdom,24,Student,,465838.0
4812197,2023-07-14,affiliate,ios,Canada,37,Consultant,,744167.0
6679980,2024-10-26,organic,web,United Kingdom,46,Software Engineer,,
6122930,2024-10-24,affiliate,web,Australia,32,Nurse,,832180.0
7859634,2024-11-20,affiliate,web,United States,25,Small Business Owner,,210268.0
8121782,2024-05-23,organic,web,Philippines,29,Sales Rep,,
8842680,2024-10-14,affiliate,ios,United States,57,Teacher,,744167.0
3763642,2023-12-17,organic,ios,United States,26,Consultant,,
8613312,2024-04-08,affiliate,web,United States,45,Nurse,,210268.0
7597519,2023-09-12,organic,web,Mexico,35,Student,,
8711634,2024-12-24,affiliate,android,United States,24,Small Business Owner,,275203.0
9006546,2023-10-17,organic,ios,Canada,30,Freelancer,,999159.0
6122964,2024-09-03,organic,android,Canada,37,Marketing Manager,,
2092501,2024-12-04,paid_search,android,United States,43,Consultant,,237337.0
6122969,2024-11-01,affiliate,android,United States,29,Unemployed,,221958.0
6450652,2023-08-12,organic,web,United States,18,Marketing Manager,,
1371616,2024-01-23,social,ios,United States,20,Nurse,,378167.0
4615652,2024-08-10,affiliate,android,United States,40,Freelancer,,221958.0
5500398,2024-12-02,organic,web,India,29,Accountant,,
4877809,2024-10-10,affiliate,ios,Philippines,35,Teacher,,221958.0
7859698,2023-12-12,organic,android,United States,29,Teacher,,
7040502,2024-06-17,referral,ios,United States,31,Sales Rep,Existing Customer,
9563645,2024-05-30,affiliate,android,United States,22,Accountant,,832180.0
9661957,2024-10-30,social,web,United States,28,Marketing Manager,,465838.0
3042823,2024-11-14,paid_search,web,Germany,18,Nurse,,187498.0
8089109,2023-08-15,referral,ios,Germany,36,Software Engineer,Employee,
2518560,2024-11-11,organic,web,United States,53,Nurse,,429365.0
2551330,2024-05-08,paid_search,web,United States,31,Student,,359178.0
7663143,2023-06-15,paid_search,ios,United Kingdom,45,Unemployed,,237337.0
8547881,2024-08-25,organic,web,United Kingdom,49,Accountant,,
4681262,2023-12-02,affiliate,web,Germany,32,Software Engineer,,832180.0
6385201,2024-06-18,organic,web,Canada,49,Sales Rep,,
1109556,2024-06-23,organic,web,United States,23,Small Business Owner,,429365.0
7171638,2023-02-20,affiliate,web,United States,24,Teacher,,275203.0
1404470,2024-04-04,social,web,United States,52,Small Business Owner,,378167.0
4353597,2023-07-08,organic,android,United Kingdom,32,Freelancer,,999159.0
3763779,2024-12-02,affiliate,android,Germany,25,Freelancer,,887201.0
8449607,2023-06-10,social,web,India,19,Consultant,,378167.0
4943439,2024-08-12,organic,web,United States,38,Teacher,,
2780752,2024-02-28,affiliate,ios,India,36,Accountant,,231932.0
2944606,2024-01-06,social,android,Philippines,44,Retired,,378167.0
9170528,2024-12-07,paid_search,ios,United States,45,Teacher,,237337.0
6155872,2023-11-27,paid_search,ios,United States,29,Sales Rep,,621430.0
9399911,2024-05-20,paid_search,ios,United Kingdom,35,Accountant,,421879.0
1273452,2023-09-10,social,android,United States,46,Marketing Manager,,378167.0
2748014,2023-06-11,organic,web,United States,52,Nurse,,
5041776,2024-02-17,affiliate,ios,Canada,18,Teacher,,231932.0
6319728,2023-05-24,affiliate,web,United States,27,Marketing Manager,,275203.0
6123122,2024-02-17,paid_search,android,Australia,27,Nurse,,154886.0
8875639,2024-02-20,organic,ios,United States,47,Retired,,
7270016,2024-12-09,paid_search,ios,Mexico,41,Teacher,,187498.0
2649729,2024-04-02,social,web,United States,33,Freelancer,,465838.0
3993220,2024-09-06,paid_search,web,United States,37,Sales Rep,,237337.0
2649734,2023-09-29,social,ios,Germany,18,Small Business Owner,,378167.0
6254224,2024-12-10,organic,ios,Canada,29,Student,,
2846357,2023-10-15,organic,android,India,35,Unemployed,,999159.0
6254230,2024-04-06,organic,ios,United States,26,Software Engineer,,
5467801,2024-12-30,paid_search,ios,United States,22,Small Business Owner,,237337.0
1928864,2024-08-15,social,web,Brazil,32,Software Engineer,,378167.0
9465506,2024-09-07,affiliate,android,Germany,42,Unemployed,,744167.0
3796647,2024-05-09,paid_search,ios,Canada,36,Marketing Manager,,187498.0
6811303,2024-04-22,referral,ios,Mexico,18,Unemployed,Employee,
1175211,2024-12-23,referral,android,India,49,Software Engineer,Existing Customer,
8941238,2024-08-19,paid_search,web,Germany,33,Nurse,,154886.0
3042999,2024-05-20,affiliate,ios,Canada,18,Teacher,,221958.0
8285880,2023-08-27,affiliate,web,United States,30,Retired,,210268.0
3108542,2024-09-29,social,ios,United States,18,Nurse,,465838.0
4386501,2023-09-05,referral,web,Germany,38,Nurse,Community Forum,
9662149,2023-06-17,paid_search,web,United States,28,Nurse,,818315.0
5336787,2023-08-24,referral,web,United States,32,Retired,Existing Customer,
6188757,2023-10-03,social,ios,United States,47,Teacher,,465838.0
5926622,2023-11-18,affiliate,android,Canada,37,Retired,,275203.0
3895018,2023-07-27,organic,web,Canada,27,Software Engineer,,
1863403,2023-12-15,social,web,India,38,Retired,,465838.0
6876924,2023-09-10,organic,android,Australia,42,Marketing Manager,,
7466751,2023-09-23,social,ios,Mexico,26,Accountant,,465838.0
4452097,2024-12-28,affiliate,ios,United States,40,Sales Rep,,221958.0
2158343,2023-11-15,affiliate,ios,United Kingdom,31,Consultant,,291335.0
7630604,2023-11-13,organic,android,United States,27,Retired,,429365.0
6287118,2024-10-15,organic,android,United States,34,Teacher,,
7859991,2024-04-29,affiliate,web,United States,24,Teacher,,832180.0
7466780,2024-08-08,referral,ios,Philippines,39,Teacher,Existing Customer,
4943645,2024-07-16,organic,web,United States,25,Retired,,429365.0
7728926,2024-12-06,organic,android,Canada,45,Sales Rep,,
9203492,2024-12-16,organic,android,India,36,Retired,,
7860006,2024-04-18,referral,android,India,45,Small Business Owner,Employee,
8351548,2023-06-25,paid_search,web,Mexico,29,Unemployed,,818315.0
3895107,2024-07-22,organic,web,United States,29,Teacher,,
5828426,2024-06-01,organic,android,Mexico,41,Unemployed,,999159.0
2256715,2024-11-24,organic,web,India,30,Unemployed,,
5926730,2024-01-30,organic,web,Mexico,31,Freelancer,,999159.0
1797968,2024-05-23,organic,ios,Canada,31,Retired,,
9924435,2023-09-24,referral,android,United States,18,Sales Rep,Partner App,
6352727,2024-11-17,social,web,Canada,18,Teacher,,378167.0
9531225,2024-02-02,organic,ios,Germany,51,Accountant,,
7827299,2024-07-17,social,web,United States,38,Consultant,,465838.0
9793380,2024-12-14,paid_search,android,United States,43,Sales Rep,,421879.0
4321127,2023-12-28,affiliate,android,United States,36,Freelancer,,744167.0
2649959,2024-06-30,paid_search,ios,Australia,36,Software Engineer,,187498.0
5107560,2023-11-27,organic,android,United Kingdom,34,Unemployed,,
6778728,2023-10-02,organic,android,United States,19,Small Business Owner,,
7335787,2024-08-06,social,android,Canada,39,Consultant,,465838.0
4517741,2024-12-20,referral,android,Australia,36,Unemployed,Employee,
2223981,2024-07-13,paid_search,web,United States,20,Retired,,771155.0
8875889,2024-08-17,organic,ios,Germany,40,Teacher,,
6745980,2023-09-02,affiliate,ios,Canada,50,Sales Rep,,210268.0
7106428,2024-10-10,organic,android,United States,37,Freelancer,,
1929090,2024-09-02,organic,ios,Canada,50,Retired,,
8089478,2024-03-27,affiliate,web,United States,19,Accountant,,887201.0
1863561,2024-08-28,organic,ios,India,39,Software Engineer,,
8581002,2024-10-12,paid_search,ios,Canada,45,Freelancer,,164820.0
4714379,2024-11-05,organic,ios,Brazil,32,Unemployed,,
4485001,2024-11-15,affiliate,android,Canada,19,Accountant,,887201.0
8712079,2024-05-21,affiliate,android,United Kingdom,45,Unemployed,,832180.0
1535888,2024-09-07,social,web,United Kingdom,41,Freelancer,,465838.0
4517778,2024-06-24,organic,android,United States,24,Freelancer,,
2355097,2023-08-15,organic,android,India,25,Accountant,,
4845474,2023-03-29,organic,ios,United Kingdom,35,Accountant,,
5861282,2024-11-19,affiliate,web,Australia,67,Nurse,,231932.0
2420654,2024-01-22,organic,ios,United States,26,Freelancer,,
2551726,2024-06-21,referral,android,Germany,39,Nurse,Employee,
8318898,2024-10-24,organic,ios,United States,26,Freelancer,,
1077175,2024-11-06,social,web,Germany,35,Consultant,,378167.0
6352825,2024-10-18,organic,ios,Canada,23,Marketing Manager,,
9826233,2023-09-19,organic,web,United Kingdom,31,Small Business Owner,,
6942654,2023-08-30,referral,ios,India,49,Retired,Partner App,
5959617,2024-06-08,social,ios,United States,38,Nurse,,378167.0
9531336,2024-04-29,social,web,Canada,18,Marketing Manager,,465838.0
8122313,2024-07-04,organic,ios,India,43,Retired,,
9072590,2024-08-11,organic,ios,Australia,42,Freelancer,,
6451151,2023-11-22,organic,web,Philippines,26,Unemployed,,
8056784,2024-05-05,organic,web,Brazil,32,Student,,
5894097,2024-12-20,affiliate,ios,United States,22,Student,,832180.0
7565269,2024-01-14,social,android,United States,38,Software Engineer,,378167.0
7172056,2023-07-05,affiliate,ios,Germany,33,Teacher,,221958.0
3305433,2024-03-04,organic,web,Canada,19,Teacher,,
8843227,2023-11-26,paid_search,android,Germany,38,Freelancer,,187498.0
9334750,2024-06-29,social,web,Canada,23,Unemployed,,378167.0
3567587,2024-11-01,social,web,United States,38,Marketing Manager,,465838.0
5795817,2024-07-08,paid_search,android,United States,30,Retired,,141090.0
2715630,2024-01-12,organic,ios,United States,26,Nurse,,
1863663,2024-05-10,affiliate,android,Nigeria,18,Retired,,887201.0
1404911,2023-07-29,affiliate,web,Canada,18,Sales Rep,,744167.0
8646638,2024-06-06,affiliate,ios,United States,30,Small Business Owner,,221958.0
9859060,2024-11-18,organic,web,United States,47,Retired,,
6221816,2024-02-22,organic,web,Australia,29,Nurse,,
7630840,2024-08-11,social,ios,Mexico,40,Unemployed,,378167.0
6582266,2024-12-19,referral,android,United States,32,Retired,Existing Customer,
2879490,2024-12-06,paid_search,web,United States,48,Software Engineer,,771155.0
2093060,2024-08-13,organic,ios,United Kingdom,29,Teacher,,
5959691,2023-11-06,organic,ios,United Kingdom,52,Small Business Owner,,429365.0
7139353,2024-11-21,affiliate,ios,Philippines,36,Sales Rep,,221958.0
4878363,2024-11-08,referral,ios,Nigeria,33,Nurse,Existing Customer,
3928100,2024-05-19,affiliate,ios,United States,20,Freelancer,,231932.0
2027557,2024-11-23,social,android,United Kingdom,41,Consultant,,465838.0
4911146,2024-05-08,paid_search,ios,Germany,36,Software Engineer,,621430.0
7729199,2024-08-15,organic,web,United States,28,Unemployed,,
3960883,2024-09-05,organic,web,India,45,Marketing Manager,,
5074999,2024-09-02,affiliate,web,United States,33,Accountant,,210268.0
7041084,2024-09-19,social,android,United States,36,Sales Rep,,465838.0
1110078,2023-06-11,affiliate,android,Mexico,19,Accountant,,231932.0
1470529,2024-10-31,referral,web,United States,32,Accountant,Existing Customer,
5304388,2024-10-31,organic,web,Philippines,25,Marketing Manager,,
2584645,2024-09-03,organic,ios,United States,21,Accountant,,
9302089,2024-09-19,organic,web,United States,31,Consultant,,
8974411,2024-02-22,referral,android,United States,45,Marketing Manager,Community Forum,
7434323,2024-07-17,paid_search,web,Germany,32,Retired,,771155.0
6156371,2024-09-18,paid_search,ios,Brazil,48,Software Engineer,,621430.0
7073877,2023-04-12,organic,android,United States,18,Software Engineer,,
3534937,2023-08-23,affiliate,ios,Mexico,18,Student,,744167.0
6516825,2024-10-21,social,ios,United States,40,Freelancer,,378167.0
3076198,2023-08-21,referral,web,Mexico,48,Nurse,Employee,
2257008,2024-01-09,organic,android,Mexico,18,Unemployed,,
2650224,2024-04-25,affiliate,web,United States,30,Consultant,,832180.0
4878450,2023-12-14,affiliate,web,Canada,48,Student,,832180.0
1732722,2024-11-20,social,android,United Kingdom,19,Sales Rep,,378167.0
8876146,2024-03-28,organic,android,Brazil,25,Consultant,,
7925877,2024-06-20,paid_search,web,United States,38,Marketing Manager,,187498.0
7827575,2024-12-01,social,ios,United Kingdom,35,Consultant,,378167.0
5107834,2024-08-24,paid_search,ios,Australia,21,Teacher,,154886.0
2420858,2023-06-25,paid_search,android,Canada,18,Unemployed,,818315.0
3338377,2024-12-10,referral,web,United States,18,Retired,Employee,
5304459,2024-02-18,social,ios,Australia,34,Small Business Owner,,465838.0
5894287,2024-06-17,paid_search,web,Brazil,18,Nurse,,621430.0
4911251,2024-11-10,organic,android,Canada,44,Nurse,,
4452501,2024-12-20,social,ios,United States,26,Nurse,,465838.0
2683032,2024-10-31,referral,ios,United States,36,Retired,Existing Customer,
5828761,2024-11-25,organic,ios,United Kingdom,39,Student,,
8056993,2023-10-24,affiliate,android,United States,45,Accountant,,291335.0
4681890,2024-04-28,referral,android,Mexico,44,Freelancer,Existing Customer,
3076259,2023-07-26,affiliate,android,Brazil,28,Sales Rep,,291335.0
9957541,2024-03-27,paid_search,web,United States,35,Retired,,359178.0
4976808,2024-04-03,organic,ios,Canada,60,Freelancer,,
3731638,2024-08-01,organic,web,United States,55,Small Business Owner,,
1700033,2024-10-19,paid_search,ios,India,42,Teacher,,771155.0
6418626,2024-04-24,organic,ios,United States,42,Student,,
7696579,2024-09-14,organic,ios,India,25,Software Engineer,,
1142980,2024-11-19,organic,ios,United Kingdom,33,Student,,
8188106,2024-11-19,organic,android,United States,40,Nurse,,429365.0
7762126,2024-09-27,affiliate,ios,Australia,31,Freelancer,,210268.0
5533910,2024-04-07,paid_search,android,United States,24,Unemployed,,621430.0
4878551,2024-08-07,referral,ios,India,50,Retired,Existing Customer,
3862750,2024-07-05,affiliate,android,Canada,58,Software Engineer,,231932.0
7499998,2024-06-19,organic,web,Philippines,38,Sales Rep,,
6058211,2024-08-13,paid_search,android,India,38,Consultant,,621430.0
6910184,2024-11-07,organic,android,Canada,36,Nurse,,
5566701,2024-02-01,organic,ios,Canada,46,Unemployed,,
9072879,2024-06-13,affiliate,android,United States,18,Consultant,,231932.0
3895537,2024-06-21,paid_search,android,Mexico,27,Retired,,421879.0
8483058,2024-12-24,affiliate,android,India,40,Nurse,,210268.0
9302258,2024-04-27,affiliate,ios,United States,32,Freelancer,,832180.0
6680820,2024-07-20,affiliate,ios,United States,39,Nurse,,291335.0
6385909,2024-05-04,paid_search,web,United States,23,Teacher,,141090.0
6320385,2024-04-07,organic,android,Canada,40,Retired,,
4714755,2023-07-10,organic,web,United Kingdom,39,Teacher,,
2650375,2023-06-06,organic,ios,United Kingdom,35,Accountant,,
3928339,2024-08-15,paid_search,android,Mexico,26,Teacher,,771155.0
3141912,2024-01-17,social,web,Canada,41,Teacher,,465838.0
4649244,2023-11-24,affiliate,web,Germany,26,Nurse,,832180.0
3436831,2024-03-20,referral,web,India,30,Student,Community Forum,
7696674,2024-03-19,referral,ios,United States,39,Unemployed,Partner App,
4092195,2024-10-13,organic,android,Australia,40,Student,,
3469606,2024-07-03,organic,ios,United Kingdom,24,Sales Rep,,
9236781,2024-02-16,affiliate,ios,Philippines,18,Nurse,,210268.0
9007407,2024-07-10,paid_search,ios,Brazil,32,Unemployed,,421879.0
8745269,2024-05-09,affiliate,ios,United States,37,Retired,,744167.0
4649279,2024-08-13,paid_search,android,Canada,28,Student,,154886.0
3699015,2024-01-22,social,web,Canada,41,Consultant,,378167.0
2912584,2024-11-17,affiliate,web,Canada,36,Small Business Owner,,210268.0
4550985,2024-11-08,referral,web,United States,25,Nurse,Community Forum,
2355531,2024-12-01,paid_search,ios,Canada,38,Freelancer,,421879.0
8188238,2024-08-03,paid_search,android,United States,18,Software Engineer,,164820.0
1044816,2024-12-30,organic,ios,United States,65,Software Engineer,,
5435728,2024-04-14,social,ios,United Kingdom,41,Unemployed,,465838.0
8876375,2023-10-08,social,ios,Germany,22,Software Engineer,,465838.0
5730654,2024-10-15,paid_search,ios,United States,24,Student,,237337.0
9990499,2024-06-23,social,web,India,32,Teacher,,378167.0
8089975,2023-12-08,organic,web,United Kingdom,18,Sales Rep,,
8253817,2023-11-11,affiliate,web,Philippines,34,Teacher,,221958.0
3076475,2024-05-06,referral,android,Canada,32,Unemployed,Existing Customer,
3535232,2024-03-31,paid_search,web,United Kingdom,21,Small Business Owner,,187498.0
7532930,2023-04-15,paid_search,web,Germany,43,Small Business Owner,,818315.0
8352132,2023-12-04,social,web,United States,30,Sales Rep,,378167.0
5435786,2024-09-18,social,android,United States,18,Consultant,,465838.0
6779277,2024-02-21,organic,android,Brazil,27,Marketing Manager,,
9400728,2024-11-20,paid_search,ios,United States,26,Sales Rep,,771155.0
2650522,2023-11-27,paid_search,ios,Canada,32,Accountant,,164820.0
7336356,2024-12-06,referral,web,Nigeria,45,Marketing Manager,Partner App,
1700270,2024-04-11,social,android,Canada,36,Nurse,,465838.0
5730741,2024-07-13,paid_search,ios,United States,19,Unemployed,,164820.0
5370297,2024-08-04,affiliate,ios,United Kingdom,27,Consultant,,221958.0
5960124,2024-07-31,affiliate,android,Canada,32,Nurse,,744167.0
4452814,2024-12-06,referral,web,Canada,35,Consultant,Employee,
8352207,2023-04-13,social,ios,Mexico,39,Marketing Manager,,378167.0
4354513,2023-08-26,organic,ios,United States,37,Teacher,,
7500242,2024-12-11,social,web,Canada,37,Consultant,,465838.0
1667538,2024-07-02,organic,android,United States,36,Retired,,
4813270,2024-07-14,social,web,India,36,Accountant,,378167.0
7041495,2024-10-08,affiliate,android,Mexico,37,Software Engineer,,887201.0
6156758,2024-12-13,paid_search,ios,United States,24,Freelancer,,359178.0
6353369,2023-10-21,affiliate,android,Australia,24,Accountant,,275203.0
6353374,2024-10-21,social,android,India,46,Student,,465838.0
2847199,2024-09-01,affiliate,android,India,36,Student,,291335.0
7565792,2024-04-12,organic,web,United States,38,Student,,
3568101,2023-03-18,affiliate,ios,Nigeria,29,Small Business Owner,,275203.0
7664102,2024-08-20,paid_search,web,India,48,Student,,818315.0
3568103,2023-08-25,organic,ios,United States,32,Nurse,,429365.0
6386159,2024-12-01,social,web,Brazil,44,Accountant,,378167.0
8352245,2024-09-05,organic,web,United States,36,Freelancer,,
2945537,2024-11-27,paid_search,web,Brazil,23,Software Engineer,,421879.0
9105925,2024-10-14,organic,web,Brazil,40,Accountant,,
8122887,2024-01-14,affiliate,android,Canada,32,Accountant,,231932.0
6418952,2024-03-23,organic,web,United States,25,Sales Rep,,429365.0
8385034,2024-06-08,paid_search,web,United Kingdom,42,Sales Rep,,771155.0
6091281,2024-09-15,social,web,Brazil,23,Retired,,378167.0
6451731,2024-08-02,social,web,Canada,38,Small Business Owner,,378167.0
9597467,2024-07-06,paid_search,web,United States,47,Small Business Owner,,421879.0
6910494,2023-11-10,referral,web,United States,36,Teacher,Partner App,
4223522,2024-09-24,paid_search,web,Mexico,42,Student,,164820.0
3535394,2024-06-03,organic,android,United States,44,Sales Rep,,
6025764,2024-04-04,social,android,United Kingdom,50,Freelancer,,378167.0
6287913,2024-05-30,social,android,Brazil,26,Small Business Owner,,465838.0
2519598,2024-02-29,referral,web,Mexico,45,Sales Rep,Employee,
2519603,2023-07-01,social,ios,Canada,38,Consultant,,378167.0
2748982,2024-12-20,paid_search,android,Philippines,34,Retired,,237337.0
9597494,2024-06-30,organic,android,United Kingdom,23,Freelancer,,
7303745,2023-09-29,social,web,Canada,33,Teacher,,465838.0
6648393,2023-10-04,organic,ios,United Kingdom,43,Accountant,,
9204298,2024-09-07,paid_search,ios,Brazil,36,Nurse,,818315.0
9269841,2024-04-30,organic,android,Canada,34,Unemployed,,
8417874,2024-01-13,organic,android,Germany,34,Unemployed,,
9171548,2024-07-27,organic,web,United States,32,Nurse,,
6713948,2024-12-20,organic,web,United States,37,Nurse,,
2224744,2024-12-27,organic,web,India,35,Student,,
9859690,2024-04-22,organic,web,India,30,Consultant,,429365.0
3469930,2024-02-16,paid_search,web,Mexico,29,Retired,,164820.0
7107182,2024-06-04,social,web,United States,29,Marketing Manager,,465838.0
1208944,2024-02-09,affiliate,ios,Mexico,26,Retired,,210268.0
6877809,2023-02-16,social,web,United Kingdom,24,Sales Rep,,465838.0
4977266,2024-04-23,paid_search,web,United States,30,Software Engineer,,621430.0
9400944,2023-11-20,organic,web,Canada,36,Unemployed,,
6517366,2024-05-09,paid_search,android,Canada,45,Retired,,421879.0
1536644,2024-06-25,affiliate,web,United States,23,Student,,221958.0
5501572,2024-09-30,paid_search,ios,United States,30,Retired,,154886.0
7303816,2024-12-04,organic,web,Canada,35,Sales Rep,,
3469970,2024-04-12,social,android,United States,38,Unemployed,,378167.0
6877845,2024-05-19,affiliate,ios,Brazil,45,Teacher,,210268.0
3633819,2024-03-22,organic,ios,United States,39,Teacher,,
7139996,2024-11-29,paid_search,web,Nigeria,37,Teacher,,187498.0
4256415,2024-12-16,paid_search,android,Philippines,18,Retired,,164820.0
2880164,2024-12-08,social,ios,Germany,22,Accountant,,378167.0
6320804,2023-12-08,affiliate,ios,India,47,Software Engineer,,275203.0
5010086,2023-07-26,affiliate,ios,India,34,Sales Rep,,887201.0
1274535,2024-07-06,paid_search,web,United States,54,Student,,141090.0
8221352,2024-05-16,paid_search,ios,United States,63,Accountant,,818315.0
4125354,2024-11-29,organic,android,United States,26,Consultant,,
5468852,2023-05-06,paid_search,android,Australia,29,Consultant,,237337.0
5042879,2024-09-22,paid_search,web,Canada,47,Student,,154886.0
2650824,2024-12-11,organic,web,Brazil,27,Nurse,,
3928785,2023-12-18,organic,android,United States,31,Teacher,,
1831635,2023-12-11,paid_search,web,United Kingdom,35,Teacher,,154886.0
7893728,2024-06-28,social,web,Australia,30,Freelancer,,378167.0
9990884,2024-04-16,affiliate,ios,United Kingdom,51,Freelancer,,210268.0
4485862,2023-08-23,organic,ios,Germany,39,Nurse,,
5370602,2024-06-26,affiliate,ios,United States,28,Student,,210268.0
9466602,2024-09-29,organic,web,United Kingdom,45,Marketing Manager,,
9433840,2024-11-02,social,ios,India,39,Student,,378167.0
8778484,2024-09-10,social,web,Brazil,45,Retired,,465838.0
2650870,2024-10-09,organic,ios,Nigeria,30,Student,,
4256505,2023-10-19,social,web,Brazil,52,Software Engineer,,378167.0
5042942,2024-02-11,organic,ios,United States,27,Unemployed,,
3830527,2024-05-25,affiliate,web,United States,20,Accountant,,291335.0
4584197,2024-12-15,organic,ios,United States,46,Retired,,
6451973,2023-09-15,paid_search,ios,Philippines,18,Sales Rep,,818315.0
9433864,2024-10-18,organic,android,United States,30,Sales Rep,,
8778512,2023-07-11,organic,android,United States,22,Marketing Manager,,
8319764,2024-06-12,social,web,Brazil,50,Consultant,,378167.0
6615829,2024-03-01,paid_search,web,Germany,40,Sales Rep,,141090.0
3765013,2024-07-14,social,android,Nigeria,43,Student,,378167.0
6386452,2024-02-05,organic,web,Brazil,42,Nurse,,
5894940,2023-07-09,affiliate,web,United States,23,Student,,744167.0
9368352,2023-11-10,organic,android,United States,30,Consultant,,
1176355,2024-09-30,social,android,Brazil,34,Accountant,,465838.0
9073461,2024-07-30,organic,web,Mexico,62,Nurse,,
9466685,2023-09-28,affiliate,ios,India,22,Unemployed,,210268.0
5141314,2024-02-14,organic,android,Australia,18,Small Business Owner,,
7369553,2024-11-09,organic,ios,United States,51,Marketing Manager,,
9466721,2023-12-22,organic,ios,Mexico,40,Marketing Manager,,
9466724,2024-01-11,organic,ios,India,41,Nurse,,
7271271,2024-03-07,social,android,Australia,22,Sales Rep,,378167.0
5600108,2024-04-09,referral,ios,India,40,Unemployed,Existing Customer,
6910838,2023-11-19,organic,ios,United States,25,Software Engineer,,429365.0
5043064,2024-07-12,organic,android,United States,18,Software Engineer,,
6583161,2023-07-11,organic,web,United States,41,Teacher,,
5075837,2024-04-06,organic,android,Australia,28,Unemployed,,
8909699,2024-06-11,organic,android,United Kingdom,28,Freelancer,,999159.0
2716548,2024-08-21,organic,web,United Kingdom,35,Student,,
8745863,2023-12-29,organic,web,Australia,25,Accountant,,429365.0
1143704,2024-08-21,organic,android,Canada,39,Small Business Owner,,
4649886,2024-03-19,social,ios,United States,39,Software Engineer,,465838.0
6648734,2024-07-03,social,ios,India,46,Teacher,,378167.0
3797921,2024-03-21,paid_search,web,Brazil,37,Sales Rep,,818315.0
8156065,2024-05-07,referral,android,United Kingdom,29,Nurse,Employee,
1110957,2024-03-29,affiliate,ios,India,36,Teacher,,210268.0
5141426,2024-02-01,affiliate,web,Germany,20,Nurse,,744167.0
7107511,2024-07-20,social,web,Nigeria,29,Software Engineer,,378167.0
4355000,2024-05-03,organic,ios,United Kingdom,43,Freelancer,,
7173049,2024-02-09,affiliate,web,Australia,21,Unemployed,,275203.0
8221626,2024-03-23,affiliate,ios,India,32,Nurse,,221958.0
9302975,2024-06-28,organic,web,United States,53,Unemployed,,
5272513,2024-10-31,organic,android,Mexico,30,Sales Rep,,
4486082,2024-11-20,social,ios,United States,40,Consultant,,378167.0
1864645,2024-09-25,organic,ios,United States,36,Freelancer,,
6222798,2024-08-22,organic,web,United States,38,Teacher,,
9761753,2023-02-12,social,ios,United States,18,Consultant,,465838.0
1045475,2024-02-20,organic,ios,Germany,32,Teacher,,
6321129,2024-12-23,organic,ios,United States,36,Student,,
6124524,2023-10-31,paid_search,android,United Kingdom,29,Consultant,,818315.0
7926767,2023-03-04,referral,web,United States,20,Small Business Owner,Employee,
8614896,2024-12-18,paid_search,android,India,34,Student,,421879.0
7500785,2023-11-26,organic,web,United States,78,Accountant,,
6583281,2023-06-18,organic,ios,Brazil,24,Small Business Owner,,
8975343,2023-12-24,affiliate,web,Germany,32,Small Business Owner,,887201.0
8451062,2024-04-26,organic,ios,India,47,Software Engineer,,
6353912,2024-09-02,organic,web,United States,44,Marketing Manager,,
8778748,2024-10-27,organic,ios,United States,42,Retired,,
4486142,2023-12-18,organic,ios,United States,32,Retired,,
6845447,2024-11-06,organic,web,Australia,27,Sales Rep,,
4518920,2023-07-23,social,ios,Australia,52,Software Engineer,,378167.0
5010442,2024-05-21,referral,web,United States,41,Software Engineer,Existing Customer,
7042060,2024-01-04,paid_search,web,United States,28,Unemployed,,621430.0
1995791,2024-01-30,referral,web,India,31,Marketing Manager,Employee,
3437587,2023-06-03,social,web,Germany,39,Sales Rep,,465838.0
2323483,2024-08-04,organic,web,India,37,Teacher,,
2257949,2024-08-14,organic,ios,United States,20,Student,,
6550560,2023-03-06,organic,ios,United States,32,Software Engineer,,
6681635,2024-03-04,organic,web,United States,18,Retired,,
1176615,2024-05-02,affiliate,android,Canada,23,Teacher,,221958.0
4682796,2024-04-22,paid_search,ios,United States,49,Small Business Owner,,421879.0
6353966,2024-10-08,social,android,United Kingdom,42,Sales Rep,,465838.0
5633078,2024-08-11,organic,android,India,40,Software Engineer,,
6878263,2024-09-07,social,web,Australia,33,Marketing Manager,,465838.0
8516669,2024-04-21,referral,ios,Australia,48,Teacher,Existing Customer,
3306569,2024-04-29,affiliate,web,India,31,Nurse,,210268.0
3961937,2024-06-08,social,ios,Germany,42,Retired,,378167.0
4158546,2024-06-11,paid_search,web,Mexico,28,Freelancer,,141090.0
9040979,2024-06-26,social,android,United States,18,Software Engineer,,465838.0
3765331,2023-12-04,affiliate,ios,United States,26,Teacher,,231932.0
4191319,2024-11-26,affiliate,ios,India,33,Freelancer,,291335.0
9303143,2023-09-25,social,ios,United States,44,Small Business Owner,,465838.0
1995893,2023-03-26,organic,ios,United States,28,Retired,,
2847865,2024-07-23,organic,web,United States,33,Accountant,,
7435389,2024-07-23,social,ios,United States,44,Nurse,,378167.0
6124674,2024-05-17,affiliate,web,Canada,30,Freelancer,,231932.0
7238795,2023-06-28,referral,ios,Mexico,34,Sales Rep,Employee,
1012879,2024-09-21,social,web,Canada,33,Unemployed,,465838.0
5108880,2024-11-14,organic,android,United States,37,Accountant,,
3241105,2024-08-13,paid_search,ios,United States,28,Accountant,,187498.0
4387990,2023-12-18,organic,ios,United Kingdom,34,Nurse,,999159.0
9106584,2024-11-26,organic,ios,United States,38,Student,,
5698713,2024-11-07,paid_search,ios,United Kingdom,38,Marketing Manager,,187498.0
6354075,2024-04-24,paid_search,ios,United States,18,Freelancer,,421879.0
8058021,2024-09-06,organic,android,Mexico,49,Sales Rep,,
5371047,2023-03-21,affiliate,android,Australia,38,Software Engineer,,221958.0
5469353,2024-08-28,paid_search,web,United States,22,Software Engineer,,359178.0
3536047,2024-10-15,organic,android,United States,26,Student,,
9106609,2023-08-07,organic,ios,United States,26,Student,,
7074999,2024-04-17,organic,android,United Kingdom,27,Freelancer,,
9860286,2024-02-19,organic,ios,United States,44,Nurse,,
1864899,2024-02-21,affiliate,web,Mexico,45,Unemployed,,832180.0
5240012,2024-04-27,organic,android,Brazil,40,Teacher,,999159.0
9434320,2024-04-04,organic,android,United States,22,Accountant,,
5174482,2023-09-24,social,web,Philippines,29,Unemployed,,378167.0
2651348,2024-09-23,organic,ios,United States,25,Sales Rep,,
5108949,2023-04-27,affiliate,web,Australia,26,Teacher,,744167.0
3601623,2024-12-14,organic,ios,Australia,28,Nurse,,
2290906,2024-09-05,organic,ios,Mexico,26,Retired,,
6091995,2024-11-07,paid_search,web,United States,26,Accountant,,621430.0
3470562,2023-11-15,paid_search,ios,India,36,Accountant,,359178.0
4945123,2024-07-23,paid_search,android,United States,28,Small Business Owner,,359178.0
6747372,2024-12-30,organic,android,Australia,30,Marketing Manager,,
2094316,2024-08-23,organic,android,United States,48,Unemployed,,
3863793,2024-10-22,organic,android,Philippines,18,Marketing Manager,,
7730419,2023-12-01,organic,web,United States,35,Consultant,,
8156406,2024-02-01,organic,ios,United States,30,Sales Rep,,
6124795,2024-01-26,paid_search,ios,Nigeria,45,Freelancer,,141090.0
4289791,2024-10-17,organic,web,Philippines,34,Teacher,,
8779008,2024-11-13,social,web,Canada,29,Consultant,,378167.0
5108997,2024-04-12,organic,web,India,33,Accountant,,
8910091,2024-09-10,organic,ios,United States,18,Teacher,,
6681868,2024-06-08,organic,android,United States,26,Retired,,
7632142,2024-10-08,social,web,United States,51,Student,,465838.0
9860369,2024-08-11,affiliate,web,United States,43,Accountant,,275203.0
8189204,2023-04-17,organic,android,United States,35,Freelancer,,
1635605,2023-10-15,organic,ios,United States,27,Nurse,,
9139480,2024-08-09,organic,android,United States,35,Accountant,,
9270562,2024-12-25,affiliate,android,Canada,36,Sales Rep,,291335.0
2749736,2024-11-21,organic,web,United Kingdom,44,Teacher,,
4486444,2023-09-06,social,ios,United States,18,Software Engineer,,378167.0
1045807,2024-02-28,social,android,Australia,18,Unemployed,,378167.0
4060465,2023-01-11,paid_search,web,United States,36,Software Engineer,,359178.0
5305665,2024-08-12,organic,web,United States,37,Nurse,,
9499970,2023-09-20,social,web,Canada,41,Sales Rep,,378167.0
4453708,2024-07-27,organic,android,United Kingdom,31,Freelancer,,
5109070,2024-07-21,referral,web,United Kingdom,35,Accountant,Partner App,
5010768,2024-07-18,paid_search,web,Canada,43,Student,,237337.0
4617556,2024-03-05,affiliate,android,Germany,50,Accountant,,291335.0
7566692,2024-02-18,social,web,United States,22,Retired,,378167.0
8123753,2024-06-29,social,ios,United Kingdom,25,Sales Rep,,378167.0
6387059,2024-05-07,paid_search,web,United States,28,Unemployed,,359178.0
9074037,2023-12-07,organic,ios,United Kingdom,30,Consultant,,
1209720,2024-07-18,organic,web,United States,40,Sales Rep,,
9237881,2024-01-10,referral,web,India,25,Consultant,Existing Customer,
2454908,2024-11-29,affiliate,ios,India,19,Unemployed,,744167.0
1996161,2024-04-01,social,android,Canada,28,Software Engineer,,378167.0
5371272,2023-06-10,organic,web,Canada,39,Student,,999159.0
7402891,2024-10-07,organic,web,United States,37,Software Engineer,,999159.0
1504655,2024-01-16,organic,web,United States,68,Nurse,,
8942992,2023-07-16,organic,web,United States,46,Freelancer,,
8353172,2023-09-10,paid_search,web,Canada,33,Accountant,,237337.0
4715929,2024-12-04,organic,web,United States,36,Nurse,,
7501211,2023-07-08,paid_search,ios,India,18,Accountant,,771155.0
3995035,2024-04-20,organic,ios,Mexico,28,Unemployed,,
4257181,2024-12-04,affiliate,web,Mexico,36,Retired,,832180.0
7959972,2024-05-15,social,android,India,44,Consultant,,465838.0
6354342,2024-02-23,organic,web,Brazil,32,Consultant,,
7435689,2024-06-13,organic,ios,United Kingdom,37,Unemployed,,999159.0
9958825,2024-09-13,affiliate,android,Philippines,45,Retired,,291335.0
5993899,2023-12-16,social,ios,India,29,Student,,378167.0
1865139,2024-05-27,affiliate,web,Australia,27,Retired,,832180.0
7665088,2024-10-15,social,ios,Brazil,43,Accountant,,465838.0
4289986,2024-10-16,organic,android,Germany,18,Small Business Owner,,
6518225,2023-12-23,paid_search,web,United States,35,Teacher,,771155.0
5961172,2023-11-14,social,web,United States,31,Freelancer,,378167.0
5010912,2024-09-13,social,web,Mexico,47,Sales Rep,,378167.0
7304680,2024-10-18,organic,android,Germany,31,Accountant,,
9369066,2024-12-16,paid_search,web,United States,25,Nurse,,164820.0
5862894,2023-05-10,organic,web,Canada,25,Freelancer,,429365.0
4421103,2024-04-12,paid_search,web,United States,39,Sales Rep,,237337.0
3438064,2024-10-27,organic,ios,United States,33,Accountant,,
3896818,2023-10-26,paid_search,ios,United Kingdom,28,Unemployed,,164820.0
9434610,2023-07-23,affiliate,android,Mexico,39,Sales Rep,,887201.0
3339767,2024-10-29,social,web,United States,37,Accountant,,465838.0
1570303,2023-09-09,paid_search,android,India,37,Software Engineer,,237337.0
3470856,2024-01-24,organic,android,India,42,Sales Rep,,999159.0
4486669,2024-03-10,organic,web,Australia,40,Sales Rep,,
3077645,2023-10-19,affiliate,ios,Germany,48,Unemployed,,275203.0
7304721,2024-06-02,social,android,United States,44,Retired,,465838.0
1668629,2023-10-05,affiliate,ios,United States,38,Accountant,,887201.0
5830165,2024-11-11,referral,ios,Nigeria,44,Student,Community Forum,
2160152,2024-12-06,referral,android,Canada,35,Student,Partner App,
1963544,2024-09-14,affiliate,ios,United States,39,Small Business Owner,,832180.0
7730713,2024-09-02,organic,android,United States,32,Marketing Manager,,999159.0
7697947,2024-03-11,affiliate,ios,United States,34,Consultant,,221958.0
5928476,2023-08-19,organic,web,United States,29,Sales Rep,,
4912669,2024-12-01,paid_search,web,United States,31,Accountant,,818315.0
1603103,2024-05-05,organic,web,Australia,37,Teacher,,
2192929,2023-11-20,social,android,United States,19,Unemployed,,378167.0
2684449,2024-10-16,organic,android,Canada,22,Freelancer,,
2192931,2024-11-11,organic,web,India,21,Software Engineer,,
1144356,2024-06-29,organic,web,Australia,31,Teacher,,
1799717,2024-03-04,organic,android,Canada,44,Freelancer,,999159.0
1865256,2024-06-03,referral,ios,United States,40,Nurse,Employee,
4159016,2024-09-17,paid_search,android,Mexico,28,Retired,,237337.0
8156720,2023-11-17,organic,ios,United States,35,Accountant,,
1144375,2023-08-02,paid_search,web,United States,33,Software Engineer,,818315.0
4879928,2024-06-24,organic,android,Brazil,53,Marketing Manager,,
1078840,2024-01-09,paid_search,android,United States,35,Marketing Manager,,818315.0
5895737,2024-12-06,paid_search,ios,India,18,Accountant,,359178.0
8320583,2024-02-28,social,android,Germany,26,Nurse,,378167.0
2553416,2024-03-07,referral,ios,India,18,Accountant,Existing Customer,
3274316,2023-11-22,affiliate,ios,United States,27,Student,,832180.0
1603151,2024-06-02,referral,ios,India,41,Freelancer,Employee,
7960145,2024-08-12,affiliate,web,United States,37,Small Business Owner,,291335.0
8517201,2024-05-22,organic,web,Mexico,31,Consultant,,
1406547,2023-05-05,paid_search,web,United States,42,Software Engineer,,359178.0
8386133,2024-09-17,paid_search,ios,Canada,36,Unemployed,,771155.0
6518358,2024-04-08,affiliate,web,Germany,49,Student,,231932.0
4388445,2024-11-04,referral,android,Australia,31,Sales Rep,Community Forum,
2324070,2023-04-25,paid_search,android,Brazil,19,Software Engineer,,818315.0
4322918,2023-10-23,affiliate,ios,United States,35,Consultant,,832180.0
2258542,2024-10-17,social,ios,Mexico,41,Software Engineer,,378167.0
6354552,2024-05-24,organic,ios,Canada,35,Unemployed,,
7927416,2023-02-19,paid_search,web,United States,47,Consultant,,421879.0
1177216,2024-11-23,social,web,Germany,32,Teacher,,378167.0
1734275,2024-05-19,affiliate,web,United States,21,Freelancer,,231932.0
9074308,2023-06-08,paid_search,ios,Germany,25,Consultant,,237337.0
1144454,2024-07-02,affiliate,android,India,18,Retired,,210268.0
6780554,2024-03-22,referral,android,Germany,38,Student,Community Forum,
2750093,2023-06-28,paid_search,ios,United States,37,Consultant,,421879.0
9893518,2024-08-04,organic,web,Philippines,42,Unemployed,,
1996433,2024-05-22,affiliate,ios,Nigeria,18,Nurse,,275203.0
1570451,2024-02-26,social,ios,India,35,Student,,378167.0
2225811,2023-09-03,paid_search,web,United Kingdom,24,Small Business Owner,,771155.0
6059667,2023-10-16,organic,ios,Mexico,18,Teacher,,
3503771,2024-11-10,social,ios,United States,40,Freelancer,,378167.0
5109404,2024-01-24,affiliate,android,Canada,48,Small Business Owner,,744167.0
9926299,2024-11-11,social,web,United States,18,Freelancer,,378167.0
7468703,2024-10-21,affiliate,ios,India,42,Nurse,,744167.0
8451747,2024-09-03,social,ios,United Kingdom,28,Accountant,,378167.0
1078947,2024-12-27,affiliate,web,Canada,34,Sales Rep,,275203.0
2717355,2024-09-24,paid_search,ios,United States,42,Consultant,,237337.0
9565873,2024-07-05,paid_search,android,Nigeria,24,Freelancer,,771155.0
6813365,2023-02-04,affiliate,android,Canada,36,Freelancer,,887201.0
2029242,2023-06-10,organic,web,Canada,33,Student,,
7993018,2024-07-13,social,web,Canada,31,Sales Rep,,465838.0
2913980,2024-12-11,affiliate,web,Philippines,22,Student,,887201.0
2258624,2024-12-08,paid_search,ios,United States,44,Marketing Manager,,771155.0
4683460,2023-05-19,social,web,United States,40,Student,,465838.0
7730886,2024-03-24,organic,web,United States,50,Student,,
8648392,2024-11-29,social,web,Canada,31,Student,,378167.0
6780618,2023-12-18,organic,ios,United States,45,Teacher,,999159.0
5764812,2024-01-17,affiliate,android,Germany,36,Sales Rep,,291335.0
1439439,2024-11-11,paid_search,web,India,18,Nurse,,187498.0
6387408,2024-10-04,organic,ios,Mexico,31,Student,,
6551252,2024-02-19,affiliate,web,India,49,Small Business Owner,,744167.0
1767128,2024-09-27,organic,ios,Germany,41,Freelancer,,429365.0
5338843,2023-05-11,affiliate,ios,Germany,44,Student,,210268.0
9991899,2024-07-14,paid_search,android,Brazil,21,Unemployed,,359178.0
5306080,2024-08-31,social,web,Australia,27,Unemployed,,465838.0
2946793,2024-01-14,social,web,Brazil,31,Marketing Manager,,465838.0
9434858,2024-06-27,paid_search,android,United States,39,Sales Rep,,164820.0
7501553,2024-10-26,paid_search,ios,United States,46,Consultant,,621430.0
1996530,2024-09-13,organic,web,United States,30,Sales Rep,,
9336562,2024-12-01,referral,web,Canada,26,Small Business Owner,Existing Customer,
5601020,2024-04-23,organic,android,Canada,30,Software Engineer,,
4290303,2024-10-09,social,ios,Nigeria,18,Software Engineer,,465838.0
9074444,2023-05-02,paid_search,web,Australia,30,Sales Rep,,359178.0
2946830,2024-02-13,social,web,United States,25,Small Business Owner,,465838.0
3831569,2024-03-02,affiliate,ios,Germany,39,Student,,231932.0
2881297,2023-04-14,affiliate,ios,United States,40,Consultant,,887201.0
3208977,2024-07-04,organic,ios,Canada,37,Software Engineer,,
1341207,2023-04-28,organic,ios,India,30,Small Business Owner,,
5797663,2024-07-13,affiliate,ios,India,18,Accountant,,221958.0
9697057,2024-05-29,paid_search,web,India,22,Marketing Manager,,237337.0
5076773,2024-07-12,paid_search,android,Mexico,18,Consultant,,359178.0
6715175,2024-10-03,organic,web,Canada,37,Retired,,
2717479,2024-07-24,social,web,India,30,Student,,378167.0
5109545,2024-12-23,paid_search,android,United States,48,Freelancer,,818315.0
3471146,2023-11-19,social,android,United States,44,Accountant,,378167.0
9467691,2024-10-02,social,ios,United Kingdom,36,Software Engineer,,465838.0
4912942,2023-06-22,social,ios,United States,27,Nurse,,465838.0
7501632,2023-09-05,social,android,United States,47,Small Business Owner,,378167.0
7829313,2023-09-23,paid_search,android,United States,26,Student,,359178.0
9860935,2024-05-07,affiliate,web,United Kingdom,28,Student,,210268.0
1898320,2023-08-19,social,web,India,28,Software Engineer,,465838.0
1898332,2024-04-24,social,ios,India,47,Consultant,,378167.0
5044064,2024-12-23,paid_search,web,United States,31,Consultant,,771155.0
8517475,2024-08-23,referral,android,India,28,Student,Existing Customer,
5273445,2024-05-16,referral,ios,United States,42,Freelancer,Community Forum,
3962732,2024-08-09,organic,ios,United Kingdom,31,Small Business Owner,,
9107317,2024-10-12,paid_search,ios,Canada,25,Software Engineer,,421879.0
2881397,2024-09-04,organic,ios,United States,33,Sales Rep,,
6748035,2024-10-26,social,ios,United Kingdom,29,Teacher,,465838.0
6289283,2024-09-18,organic,android,Australia,51,Student,,
1177476,2024-06-25,paid_search,web,United States,27,Software Engineer,,237337.0
2553744,2024-11-28,social,web,India,18,Marketing Manager,,465838.0
2619282,2024-11-09,referral,web,Canada,50,Software Engineer,Community Forum,
4716434,2023-06-13,social,ios,Germany,37,Small Business Owner,,378167.0
2520982,2024-12-08,social,web,India,40,Sales Rep,,378167.0
3667867,2024-01-01,paid_search,web,United States,44,Retired,,237337.0
1865630,2024-09-03,social,web,United States,40,Accountant,,465838.0
8845219,2023-12-01,social,android,United States,39,Student,,378167.0
9795492,2024-05-02,affiliate,web,Germany,18,Small Business Owner,,744167.0
1800101,2024-09-17,paid_search,web,United States,44,Sales Rep,,359178.0
2455465,2024-04-24,organic,ios,United States,30,Student,,999159.0
7010224,2023-05-27,referral,android,Mexico,57,Unemployed,Existing Customer,
3602352,2024-10-10,social,ios,United States,56,Teacher,,378167.0
3635122,2024-03-23,paid_search,android,United Kingdom,34,Retired,,154886.0
6453174,2024-07-11,organic,web,United Kingdom,56,Software Engineer,,
1537977,2024-10-31,referral,ios,Canada,34,Small Business Owner,Partner App,
1144771,2023-11-07,paid_search,android,Germany,40,Unemployed,,141090.0
4880323,2024-08-06,affiliate,web,Philippines,36,Accountant,,887201.0
6584263,2024-10-18,affiliate,ios,United States,26,Accountant,,832180.0
7567304,2024-03-09,organic,web,United Kingdom,36,Accountant,,
1308617,2024-03-01,organic,web,United States,29,Software Engineer,,
6256583,2023-12-31,organic,ios,Australia,33,Unemployed,,
1308623,2024-07-19,organic,ios,United States,52,Accountant,,
3733460,2023-10-03,organic,web,United States,38,Consultant,,999159.0
5175252,2024-12-18,organic,ios,United States,47,Freelancer,,
7960534,2024-12-23,paid_search,ios,Philippines,35,Software Engineer,,237337.0
3471321,2024-02-26,affiliate,web,United Kingdom,38,Consultant,,231932.0
2652131,2024-09-25,social,android,United States,42,Student,,465838.0
1112036,2023-04-25,referral,ios,United States,18,Consultant,Partner App,
9828325,2024-08-01,affiliate,android,Mexico,26,Nurse,,275203.0
6387691,2024-09-06,social,ios,Philippines,44,Retired,,465838.0
2488303,2024-09-02,paid_search,web,Germany,38,Unemployed,,237337.0
5175282,2024-11-07,organic,web,United States,20,Sales Rep,,
9140210,2024-03-27,affiliate,ios,Australia,44,Unemployed,,231932.0
5666805,2024-01-06,social,web,India,47,Sales Rep,,465838.0
1931253,2024-11-30,affiliate,ios,United States,18,Nurse,,221958.0
6092792,2023-10-23,paid_search,web,United States,43,Teacher,,359178.0
6911993,2024-05-17,affiliate,ios,United States,42,Retired,,231932.0
9369597,2024-09-14,paid_search,ios,United States,49,Freelancer,,187498.0
5142535,2024-10-11,paid_search,web,United States,44,Sales Rep,,154886.0
4978702,2024-12-26,referral,ios,Nigeria,18,Retired,Partner App,
5732369,2024-12-19,affiliate,web,United States,52,Accountant,,291335.0
3471378,2024-01-13,organic,android,United States,25,Software Engineer,,
1767442,2023-10-13,paid_search,ios,United Kingdom,30,Unemployed,,818315.0
7305236,2023-11-04,organic,ios,Germany,50,Freelancer,,
3307539,2024-09-27,paid_search,android,United States,28,Student,,141090.0
7010334,2023-10-02,social,ios,Brazil,61,Consultant,,378167.0
9271330,2024-10-11,organic,android,United States,18,Retired,,
2619426,2024-11-21,organic,ios,United States,18,Nurse,,
5601318,2023-07-07,referral,ios,United States,21,Small Business Owner,Employee,
5797927,2024-08-17,affiliate,ios,Brazil,35,Accountant,,275203.0
5109803,2024-10-11,social,android,United States,46,Teacher,,465838.0
6125614,2024-07-22,affiliate,web,Canada,40,Sales Rep,,887201.0
6354993,2023-11-15,paid_search,web,United States,39,Student,,141090.0
3176512,2024-01-27,affiliate,ios,United States,32,Small Business Owner,,275203.0
9336900,2023-07-03,social,android,Philippines,18,Marketing Manager,,465838.0
4618313,2024-05-15,referral,ios,Canada,19,Sales Rep,Existing Customer,
2160714,2024-06-30,affiliate,web,Canada,18,Consultant,,275203.0
6813775,2024-10-30,organic,ios,Canada,26,Student,,999159.0
1636431,2024-10-05,affiliate,android,United States,22,Consultant,,887201.0
8321105,2024-08-12,affiliate,android,United Kingdom,35,Sales Rep,,832180.0
3373139,2023-07-07,social,android,United States,30,Small Business Owner,,378167.0
8681556,2024-03-20,organic,web,Mexico,26,Small Business Owner,,
4782164,2024-05-11,affiliate,android,Australia,31,Student,,887201.0
9369689,2023-10-17,paid_search,web,Australia,33,Freelancer,,141090.0
2193502,2023-09-05,referral,android,Mexico,18,Retired,Existing Customer,
8026206,2024-01-31,paid_search,ios,India,30,Student,,818315.0
5339235,2024-05-16,social,ios,Mexico,25,Student,,378167.0
5961828,2024-10-28,referral,web,United States,25,Freelancer,Employee,
7665769,2024-06-24,social,web,Germany,34,Small Business Owner,,378167.0
7698541,2024-11-27,paid_search,android,India,46,Consultant,,818315.0
3995765,2024-01-04,paid_search,web,Nigeria,34,Sales Rep,,359178.0
8517750,2024-11-30,affiliate,web,India,60,Nurse,,221958.0
3438710,2024-04-17,affiliate,ios,United States,36,Consultant,,887201.0
8157303,2024-09-06,organic,android,United States,46,Student,,
1898628,2024-11-18,organic,ios,Mexico,21,Teacher,,
4683909,2024-02-10,paid_search,web,United States,22,Marketing Manager,,621430.0
6125702,2023-08-17,organic,ios,United Kingdom,35,Sales Rep,,429365.0
3995785,2024-10-19,organic,web,United States,27,Software Engineer,,
9009292,2023-05-19,affiliate,ios,Canada,18,Sales Rep,,210268.0
7796877,2024-11-20,social,android,United States,45,Retired,,378167.0
8747156,2023-10-06,paid_search,web,Philippines,38,Marketing Manager,,621430.0
4257945,2024-03-04,social,ios,United States,34,Freelancer,,378167.0
7436446,2024-09-20,organic,ios,Philippines,32,Student,,
4061342,2024-12-28,organic,web,Australia,35,Nurse,,
5568672,2024-10-18,organic,ios,Philippines,29,Marketing Manager,,
7403679,2024-07-31,organic,web,United States,25,Retired,,
2947238,2024-11-17,social,ios,United States,40,Retired,,465838.0
5437610,2024-01-15,paid_search,web,United States,24,Software Engineer,,187498.0
6846636,2024-10-17,organic,web,Canada,36,Consultant,,
9959601,2024-08-11,affiliate,ios,United States,55,Sales Rep,,744167.0
8583354,2024-11-14,organic,web,Philippines,48,Nurse,,
5961914,2023-10-18,social,web,United States,27,Teacher,,378167.0
3930299,2024-09-03,affiliate,web,Philippines,30,Consultant,,887201.0
5372093,2024-10-12,affiliate,ios,United States,51,Teacher,,275203.0
4257983,2024-06-28,social,ios,United States,32,Sales Rep,,378167.0
9173192,2024-12-17,paid_search,android,Nigeria,47,Marketing Manager,,141090.0
8517836,2024-08-24,paid_search,web,United States,34,Software Engineer,,187498.0
2357453,2023-11-24,social,ios,Mexico,37,Student,,465838.0
1898704,2024-05-01,organic,ios,United States,33,Teacher,,
8911057,2024-12-15,paid_search,ios,United States,35,Student,,164820.0
4487379,2024-10-13,affiliate,android,India,51,Freelancer,,744167.0
4028631,2024-07-22,affiliate,web,United Kingdom,18,Unemployed,,221958.0
2488543,2024-08-18,paid_search,ios,United States,41,Marketing Manager,,621430.0
7928040,2024-08-03,organic,android,United States,35,Freelancer,,
6420712,2024-04-24,organic,android,United States,47,Unemployed,,
6158570,2024-02-21,paid_search,web,Canada,36,Sales Rep,,818315.0
9042153,2024-12-14,affiliate,ios,United States,40,Freelancer,,832180.0
5437677,2024-11-16,organic,web,United Kingdom,33,Sales Rep,,
7010554,2024-10-01,affiliate,android,United States,60,Teacher,,221958.0
6125819,2024-10-30,social,web,Canada,23,Freelancer,,378167.0
1997057,2024-06-22,organic,web,Australia,43,Small Business Owner,,
3700993,2024-06-06,affiliate,android,Canada,41,Teacher,,832180.0
6584581,2024-06-18,paid_search,web,United States,27,Sales Rep,,359178.0
2390281,2024-11-25,paid_search,web,Canada,25,Small Business Owner,,771155.0
8780047,2024-10-31,organic,android,United States,33,Marketing Manager,,
2750740,2023-07-09,organic,android,United States,29,Software Engineer,,
8288538,2024-12-19,organic,android,Mexico,34,Teacher,,
4094235,2024-04-02,social,web,United Kingdom,37,Unemployed,,378167.0
1571107,2024-06-06,organic,android,Mexico,25,Marketing Manager,,429365.0
4258084,2024-04-30,paid_search,ios,United States,41,Software Engineer,,771155.0
4815144,2024-09-18,affiliate,ios,United States,29,Consultant,,291335.0
4061481,2024-06-03,organic,android,United States,33,Accountant,,
2226476,2024-09-18,organic,android,Germany,18,Freelancer,,
7600430,2023-12-26,affiliate,web,United States,53,Student,,291335.0
4127022,2024-08-05,affiliate,web,United States,28,Nurse,,832180.0
2193728,2024-10-07,organic,android,Brazil,25,Unemployed,,
6289730,2024-05-10,paid_search,ios,United States,18,Accountant,,621430.0
2619715,2023-12-21,social,web,India,30,Small Business Owner,,465838.0
8583491,2024-12-02,organic,android,United Kingdom,25,Unemployed,,
9173321,2024-09-02,organic,ios,Australia,47,Freelancer,,
9566554,2024-12-18,organic,web,United States,32,Software Engineer,,
2554205,2023-11-23,organic,ios,Philippines,30,Unemployed,,429365.0
9075042,2024-11-11,affiliate,web,United States,27,Sales Rep,,231932.0
3897706,2024-06-22,paid_search,web,Australia,23,Retired,,141090.0
6224237,2024-07-29,organic,ios,Germany,29,Accountant,,429365.0
9140594,2024-06-17,paid_search,ios,United States,47,Consultant,,154886.0
7600500,2024-12-18,organic,ios,United States,22,Marketing Manager,,
5536119,2024-09-07,paid_search,web,Brazil,24,Student,,771155.0
4651387,2024-10-03,social,ios,United States,18,Nurse,,378167.0
8026492,2024-10-06,social,ios,Brazil,29,Retired,,465838.0
3242365,2024-08-20,organic,web,United States,39,Nurse,,
1735053,2023-11-02,affiliate,web,United States,28,Marketing Manager,,221958.0
6846866,2024-11-09,paid_search,web,Canada,38,Sales Rep,,187498.0
2750866,2024-08-08,social,web,Philippines,50,Marketing Manager,,378167.0
6814104,2023-08-24,organic,web,United States,32,Small Business Owner,,429365.0
5962140,2024-10-23,organic,ios,Germany,31,Retired,,
5241244,2024-05-13,paid_search,ios,Canada,40,Marketing Manager,,141090.0
2619814,2023-12-16,referral,android,United States,28,Consultant,Existing Customer,
2161068,2024-10-21,paid_search,ios,United Kingdom,18,Retired,,771155.0
9796015,2024-01-17,organic,android,United Kingdom,18,Sales Rep,,
6846899,2024-11-23,paid_search,android,United States,44,Marketing Manager,,237337.0
9533879,2023-08-14,affiliate,web,United States,38,Accountant,,210268.0
5405113,2024-09-17,organic,web,India,39,Student,,999159.0
9370043,2024-05-24,organic,ios,United Kingdom,51,Retired,,
3799487,2024-02-18,organic,android,United States,48,Nurse,,
7436737,2023-07-06,social,android,United States,21,Small Business Owner,,378167.0
2980290,2024-07-12,affiliate,web,Mexico,31,Retired,,231932.0
3570115,2024-06-29,organic,android,Brazil,18,Software Engineer,,
5601731,2024-11-17,paid_search,ios,United Kingdom,18,Small Business Owner,,164820.0
8845772,2023-07-25,referral,web,Canada,38,Retired,Employee,
3504594,2024-08-01,social,web,Brazil,55,Unemployed,,465838.0
5929426,2024-05-09,affiliate,web,United States,39,Sales Rep,,744167.0
7731666,2024-10-25,paid_search,android,United Kingdom,18,Software Engineer,,187498.0
7404003,2024-09-01,affiliate,web,Philippines,18,Consultant,,231932.0
2095589,2024-03-09,referral,web,Australia,28,Nurse,Employee,
7862758,2024-03-03,organic,android,Mexico,45,Teacher,,
8157676,2023-12-11,paid_search,android,Canada,28,Retired,,359178.0
1473006,2024-03-15,social,ios,Brazil,36,Accountant,,465838.0
6650352,2024-01-13,paid_search,ios,United States,31,Student,,237337.0
9763313,2024-06-02,organic,web,United States,19,Marketing Manager,,
6224369,2024-01-14,paid_search,ios,Germany,19,Retired,,359178.0
6322675,2024-03-18,referral,ios,India,47,Consultant,Employee,
2161140,2024-10-07,paid_search,web,Brazil,40,Accountant,,359178.0
8354292,2024-03-13,organic,ios,United Kingdom,34,Unemployed,,
2423286,2024-10-26,paid_search,android,United States,39,Accountant,,621430.0
4291066,2024-12-15,organic,android,United States,37,Marketing Manager,,
3701243,2023-03-05,social,web,Nigeria,36,Small Business Owner,,378167.0
4291070,2024-04-01,organic,ios,United States,27,Nurse,,
9992719,2024-10-22,affiliate,web,United Kingdom,29,Small Business Owner,,744167.0
2718224,2024-12-19,referral,web,Philippines,26,Student,Partner App,
5241361,2023-06-15,organic,ios,Philippines,26,Nurse,,
8518162,2024-11-05,organic,web,India,31,Software Engineer,,
3602967,2024-09-04,paid_search,web,United States,35,Teacher,,154886.0
7666199,2024-03-12,affiliate,web,India,49,Retired,,231932.0
3013148,2023-02-04,organic,ios,India,35,Freelancer,,
5470756,2024-08-18,paid_search,android,India,18,Nurse,,818315.0
2030117,2023-12-16,paid_search,web,United States,30,Accountant,,421879.0
9173542,2024-03-10,social,android,United States,29,Small Business Owner,,465838.0
2030120,2023-10-09,affiliate,ios,United Kingdom,29,Consultant,,887201.0
9566765,2024-10-23,affiliate,ios,Philippines,39,Small Business Owner,,832180.0
8845870,2024-04-28,paid_search,android,Canada,26,Retired,,187498.0
4094510,2024-07-11,social,android,Brazil,36,Sales Rep,,378167.0
2980407,2024-01-29,affiliate,android,Philippines,18,Small Business Owner,,887201.0
5372472,2024-04-17,referral,android,United States,40,Unemployed,Existing Customer,
6978106,2024-03-12,affiliate,ios,Canada,43,Teacher,,210268.0
2193982,2023-04-13,organic,ios,India,51,Teacher,,
9206336,2023-11-21,referral,ios,United States,18,Freelancer,Partner App,
2390598,2024-06-08,paid_search,android,United States,22,Teacher,,237337.0
2980425,2024-09-09,affiliate,ios,United States,22,Retired,,231932.0
9239115,2024-11-14,paid_search,ios,Nigeria,50,Retired,,359178.0
6093388,2023-07-03,referral,android,United Kingdom,40,Consultant,Community Forum,
3996244,2024-06-24,organic,ios,India,35,Small Business Owner,,999159.0
1538645,2024-05-07,organic,ios,United States,36,Consultant,,
5896799,2024-03-22,organic,web,Canada,30,Unemployed,,999159.0
2718303,2024-09-03,paid_search,web,Mexico,21,Retired,,154886.0
4880993,2024-11-13,organic,web,United States,23,Teacher,,
2521701,2024-11-09,referral,web,United States,29,Marketing Manager,Partner App,
3045990,2023-12-15,referral,web,Canada,34,Small Business Owner,Community Forum,
2849395,2024-08-06,organic,web,India,37,Marketing Manager,,
2849396,2023-03-21,social,ios,Canada,27,Software Engineer,,378167.0
8354421,2024-08-26,social,web,Germany,32,Consultant,,378167.0
5208694,2024-10-26,organic,android,United States,47,Teacher,,
7535223,2024-10-07,organic,ios,Nigeria,27,Sales Rep,,429365.0
5569146,2024-01-16,organic,android,United States,55,Consultant,,
6781565,2024-11-08,paid_search,ios,United States,46,Unemployed,,154886.0
7240327,2024-06-26,organic,android,United States,40,Freelancer,,
7371400,2023-10-30,social,ios,United States,23,Accountant,,378167.0
2554510,2024-12-01,organic,web,United States,18,Marketing Manager,,
9009806,2024-11-18,affiliate,ios,Germany,29,Small Business Owner,,221958.0
7502483,2023-02-18,organic,android,United States,46,Small Business Owner,,
9370262,2024-08-25,organic,web,India,50,Retired,,
3078808,2024-10-12,affiliate,android,United Kingdom,28,Nurse,,210268.0
7469723,2024-04-29,organic,web,United States,41,Small Business Owner,,999159.0
9403037,2024-12-04,organic,android,Germany,39,Retired,,429365.0
9468579,2024-07-11,social,web,United Kingdom,33,Marketing Manager,,378167.0
3570348,2023-05-30,affiliate,web,United States,50,Sales Rep,,210268.0
2947763,2023-10-15,referral,ios,Philippines,32,Consultant,Community Forum,
4324024,2023-03-15,social,android,United States,32,Student,,465838.0
7699144,2024-11-07,affiliate,web,Canada,18,Software Engineer,,744167.0
5307086,2024-04-12,social,web,United States,45,Small Business Owner,,465838.0
5077716,2024-05-11,paid_search,android,United Kingdom,32,Retired,,771155.0
3013338,2024-11-04,organic,ios,Canada,30,Marketing Manager,,
6585056,2024-09-21,organic,web,Nigeria,24,Retired,,
9108196,2024-01-07,organic,android,India,63,Small Business Owner,,
1243877,2024-05-16,organic,web,Nigeria,51,Student,,
6257386,2023-10-25,organic,android,United States,42,Teacher,,
9501424,2024-10-20,social,web,United States,34,Consultant,,378167.0
4487924,2024-07-23,affiliate,web,Philippines,18,Freelancer,,832180.0
4881143,2024-05-25,affiliate,android,United States,23,Unemployed,,221958.0
6060795,2024-04-24,referral,web,United States,35,Consultant,Existing Customer,
1964795,2024-01-22,organic,ios,United States,20,Marketing Manager,,
9304831,2023-11-07,organic,android,United Kingdom,38,Unemployed,,
6028035,2024-06-26,paid_search,android,United States,34,Unemployed,,359178.0
6421251,2024-11-25,affiliate,android,Canada,35,Retired,,887201.0
2784006,2024-07-11,organic,web,Philippines,51,Small Business Owner,,
5667592,2024-01-09,affiliate,ios,United States,27,Unemployed,,275203.0
8420105,2023-07-23,paid_search,web,United States,19,Nurse,,154886.0
9730829,2024-08-22,organic,web,Philippines,22,Teacher,,
7666455,2024-06-26,affiliate,web,Nigeria,22,Consultant,,887201.0
3734296,2024-12-07,paid_search,ios,India,59,Unemployed,,164820.0
3078937,2023-08-16,affiliate,ios,United States,27,Freelancer,,221958.0
5896986,2024-08-31,affiliate,android,United States,47,Consultant,,744167.0
4782875,2024-12-05,social,ios,Mexico,29,Unemployed,,465838.0
1506079,2023-05-04,organic,android,United States,34,Student,,
7174943,2024-02-24,affiliate,android,United States,26,Teacher,,291335.0
4881185,2024-02-27,social,ios,United States,44,Marketing Manager,,465838.0
3570466,2024-10-08,paid_search,web,Canada,18,Nurse,,621430.0
7961383,2024-06-11,paid_search,ios,Philippines,30,Accountant,,771155.0
4619047,2024-08-26,social,android,United States,46,Accountant,,465838.0
8256300,2024-01-02,organic,web,India,23,Nurse,,
3341102,2023-09-02,paid_search,android,United States,21,Consultant,,359178.0
3472189,2024-12-08,affiliate,ios,Canada,35,Marketing Manager,,221958.0
1571650,2023-01-16,organic,web,United Kingdom,24,Small Business Owner,,
2653005,2024-11-02,organic,android,United Kingdom,44,Student,,
3275598,2023-06-29,organic,web,United States,34,Student,,999159.0
7928655,2024-04-23,organic,android,India,50,Sales Rep,,429365.0
2358097,2024-01-22,referral,android,Nigeria,29,Marketing Manager,Community Forum,
1145693,2024-09-11,paid_search,web,United States,39,Teacher,,237337.0
2784094,2024-05-02,social,ios,Philippines,31,Small Business Owner,,378167.0
2718562,2023-07-07,organic,ios,United States,24,Consultant,,999159.0
1112935,2024-01-26,affiliate,web,United States,44,Software Engineer,,887201.0
5143403,2024-10-30,paid_search,ios,Brazil,29,Freelancer,,421879.0
9337735,2023-03-20,paid_search,web,United Kingdom,18,Marketing Manager,,359178.0
5798793,2024-02-18,social,web,Australia,35,Small Business Owner,,378167.0
4750222,2023-04-18,social,web,Germany,26,Accountant,,378167.0
2587542,2023-11-28,affiliate,android,Canada,21,Freelancer,,291335.0
4127640,2024-12-05,organic,ios,United States,34,Freelancer,,
7043995,2024-11-12,organic,web,United Kingdom,32,Accountant,,
9501598,2023-11-12,social,android,Brazil,27,Unemployed,,378167.0
3144608,2024-10-20,affiliate,android,India,35,Software Engineer,,291335.0
5995427,2024-01-18,affiliate,android,Philippines,33,Freelancer,,275203.0
1801125,2024-10-01,organic,ios,United States,53,Software Engineer,,
7142314,2023-09-21,social,web,Mexico,46,Freelancer,,378167.0
2456498,2024-12-11,social,ios,United States,39,Sales Rep,,378167.0
9468865,2024-08-27,social,web,Nigeria,39,Unemployed,,378167.0
3210186,2024-12-07,social,ios,United States,37,Sales Rep,,465838.0
9731032,2024-05-26,referral,android,United States,33,Marketing Manager,Community Forum,
3767257,2024-06-28,affiliate,android,Brazil,23,Accountant,,275203.0
2948061,2024-08-03,affiliate,ios,Canada,23,Consultant,,832180.0
1407974,2023-12-05,paid_search,ios,United States,31,Software Engineer,,359178.0
6519803,2023-11-01,organic,android,United States,43,Marketing Manager,,
8059903,2024-04-28,organic,android,Philippines,30,Freelancer,,
1375233,2024-07-03,affiliate,ios,Canada,33,Consultant,,231932.0
4127748,2024-11-13,affiliate,android,Australia,19,Sales Rep,,832180.0
4783112,2024-10-04,organic,web,United Kingdom,43,Accountant,,999159.0
8059916,2023-10-07,organic,android,Canada,20,Retired,,
4684815,2024-08-22,paid_search,web,Canada,35,Small Business Owner,,154886.0
2227222,2024-08-09,organic,web,India,29,Marketing Manager,,
6552612,2023-12-27,organic,web,Brazil,31,Marketing Manager,,
3570725,2024-09-08,referral,web,United States,43,Marketing Manager,Employee,
3963944,2024-08-12,social,ios,India,28,Retired,,378167.0
2685996,2024-06-15,organic,android,India,23,Unemployed,,
7928887,2024-11-02,organic,ios,Germany,48,Accountant,,
3570746,2024-06-14,organic,ios,India,20,Nurse,,
4258881,2024-12-09,paid_search,android,United Kingdom,33,Consultant,,237337.0
5274692,2024-08-19,social,web,United States,30,Freelancer,,465838.0
1211463,2023-12-07,organic,android,United States,29,Student,,999159.0
3374151,2024-05-05,social,ios,Canada,36,Nurse,,378167.0
7240779,2024-08-23,affiliate,ios,Canada,30,Unemployed,,221958.0
2358356,2024-12-15,paid_search,android,Canada,32,Student,,237337.0
7863382,2024-11-28,social,android,United States,29,Sales Rep,,378167.0
7666781,2023-05-16,social,web,Australia,30,Accountant,,465838.0
8322153,2024-11-20,social,web,Germany,41,Small Business Owner,,378167.0
3800174,2024-12-04,organic,android,United States,48,Unemployed,,999159.0
9862264,2024-07-07,paid_search,ios,United Kingdom,32,Freelancer,,164820.0
5078140,2023-09-23,social,ios,India,31,Student,,378167.0
9927811,2024-02-09,organic,android,Brazil,47,Retired,,
1965188,2023-11-16,social,ios,United Kingdom,28,Unemployed,,465838.0
6028427,2024-09-13,affiliate,android,United States,34,Marketing Manager,,221958.0
6519948,2024-10-05,organic,web,India,33,Freelancer,,
6683797,2024-12-19,paid_search,ios,United States,24,Freelancer,,771155.0
1506453,2024-06-03,organic,ios,United Kingdom,30,Teacher,,
7011493,2023-09-15,social,android,United States,18,Consultant,,378167.0
2587819,2024-05-26,paid_search,ios,India,33,Software Engineer,,187498.0
7830707,2024-12-12,organic,ios,Australia,26,Small Business Owner,,
2358454,2024-06-22,paid_search,web,United States,26,Freelancer,,421879.0
7273672,2024-10-31,affiliate,android,United States,43,Consultant,,744167.0
5110993,2024-01-24,paid_search,ios,United States,44,Nurse,,187498.0
1866964,2023-04-20,organic,web,Nigeria,29,Teacher,,
6683860,2024-12-20,social,web,United States,22,Freelancer,,465838.0
3505365,2024-12-01,affiliate,web,India,41,Sales Rep,,210268.0
3538143,2024-07-09,organic,ios,United States,24,Retired,,
3603680,2023-06-12,paid_search,web,Mexico,31,Freelancer,,164820.0
9174244,2024-08-19,affiliate,android,United Kingdom,18,Retired,,210268.0
6782197,2024-02-01,organic,ios,United States,33,Consultant,,
7961848,2023-12-30,paid_search,web,United States,42,Retired,,359178.0
4455673,2024-02-15,social,ios,United States,41,Marketing Manager,,465838.0
4947208,2024-09-20,referral,ios,Brazil,48,Accountant,Existing Customer,
1309963,2024-01-30,paid_search,web,United States,23,Consultant,,164820.0
8846613,2023-11-14,social,ios,Germany,18,Retired,,465838.0
8518933,2024-08-29,affiliate,android,India,20,Retired,,221958.0
6290717,2024-01-14,affiliate,web,India,20,Small Business Owner,,744167.0
1768734,2024-05-06,paid_search,ios,United States,40,Consultant,,154886.0
7699744,2024-10-16,organic,web,United States,39,Accountant,,
3865893,2024-07-29,organic,web,United Kingdom,44,Consultant,,
6913318,2023-05-25,paid_search,web,India,24,Retired,,187498.0
6061354,2024-10-14,affiliate,android,Germany,41,Freelancer,,887201.0
5602606,2023-08-17,social,web,Canada,46,Student,,378167.0
2915631,2024-12-30,referral,ios,Germany,42,Teacher,Employee,
4685104,2023-07-04,social,web,United Kingdom,43,Unemployed,,465838.0
7601457,2024-04-05,social,ios,United States,31,Accountant,,378167.0
2194737,2024-07-05,organic,android,Canada,26,Student,,
7929140,2024-11-15,organic,ios,India,43,Accountant,,
2751797,2023-10-24,social,android,United States,18,Student,,465838.0
4324664,2024-03-10,referral,web,United States,18,Student,Employee,
2325831,2024-03-25,social,web,Nigeria,37,Small Business Owner,,465838.0
3276106,2023-10-16,paid_search,web,Canada,23,Consultant,,154886.0
2063692,2024-10-13,affiliate,android,Canada,29,Teacher,,887201.0
4980053,2023-07-27,affiliate,web,Mexico,40,Sales Rep,,231932.0
7667051,2024-11-24,affiliate,android,Australia,23,Accountant,,744167.0
6585709,2024-12-17,paid_search,web,Brazil,29,Freelancer,,621430.0
9272686,2024-01-26,organic,android,United States,39,Retired,,
7503216,2024-11-12,organic,web,Canada,37,Accountant,,
7077234,2024-02-13,organic,web,United States,42,Accountant,,
9960820,2023-12-12,paid_search,android,Brazil,29,Small Business Owner,,141090.0
5897590,2024-08-16,social,web,Philippines,38,Retired,,465838.0
8748408,2024-12-19,organic,web,United States,22,Consultant,,
1179001,2024-01-24,organic,web,Canada,43,Sales Rep,,
5668223,2023-08-11,organic,web,United States,36,Student,,
3014017,2023-11-28,affiliate,web,United States,55,Retired,,221958.0
3931531,2023-12-15,social,android,Nigeria,29,Marketing Manager,,378167.0
1441168,2024-12-11,organic,ios,United States,46,Consultant,,
4291987,2024-08-23,affiliate,android,Canada,42,Unemployed,,210268.0
6749593,2024-09-27,organic,ios,United States,46,Consultant,,
2391449,2023-10-29,affiliate,ios,United States,46,Retired,,275203.0
5832091,2023-04-13,affiliate,android,United States,36,Unemployed,,291335.0
4980125,2023-09-14,affiliate,ios,Mexico,24,Freelancer,,887201.0
3374494,2023-11-09,affiliate,web,United States,22,Retired,,231932.0
2260386,2024-07-30,organic,ios,United States,25,Accountant,,
7994791,2024-11-25,organic,android,United States,28,Unemployed,,
3112368,2024-08-31,affiliate,web,United States,26,Small Business Owner,,210268.0
1211830,2024-09-20,organic,ios,Mexico,19,Sales Rep,,429365.0
8486327,2024-10-11,referral,web,United Kingdom,39,Small Business Owner,Existing Customer,
6061500,2023-10-04,paid_search,web,United Kingdom,38,Small Business Owner,,164820.0
4881857,2023-10-04,affiliate,android,Brazil,29,Software Engineer,,210268.0
6356430,2023-08-09,paid_search,ios,United States,32,Software Engineer,,359178.0
5864912,2023-10-04,organic,android,United Kingdom,34,Unemployed,,
9010643,2024-08-08,paid_search,ios,Brazil,24,Nurse,,421879.0
3866069,2024-12-15,paid_search,ios,Canada,32,Consultant,,187498.0
3898845,2024-12-09,referral,web,Philippines,44,Unemployed,Partner App,
3636722,2024-04-24,paid_search,web,Brazil,20,Sales Rep,,141090.0
2391538,2024-08-05,affiliate,ios,India,43,Student,,887201.0
5799412,2024-06-19,organic,ios,Mexico,51,Freelancer,,
5307910,2023-11-01,affiliate,ios,Mexico,44,Freelancer,,221958.0
9272841,2024-02-05,social,web,United States,26,Sales Rep,,378167.0
3931659,2024-03-04,organic,ios,Australia,39,Sales Rep,,
2162189,2024-08-18,organic,web,United States,24,Accountant,,
7437845,2024-03-25,organic,ios,United States,34,Freelancer,,
8453659,2023-11-02,organic,ios,Mexico,47,Accountant,,
3702303,2023-12-30,social,web,Brazil,41,Retired,,378167.0
3505700,2024-09-08,organic,android,United States,18,Accountant,,
9272874,2024-06-12,affiliate,web,United States,29,Marketing Manager,,221958.0
4357679,2024-03-25,paid_search,web,Nigeria,42,Sales Rep,,164820.0
8551989,2024-10-13,paid_search,web,Canada,25,Marketing Manager,,187498.0
6880823,2024-10-15,paid_search,ios,United States,21,Consultant,,621430.0
7437885,2024-10-31,social,web,Australia,29,Small Business Owner,,378167.0
4816446,2024-02-23,organic,web,Australia,42,Marketing Manager,,
4947526,2024-10-01,organic,android,India,40,Student,,999159.0
3276360,2024-03-31,organic,ios,United States,35,Retired,,
1769032,2024-07-07,paid_search,web,Canada,39,Freelancer,,359178.0
7077449,2024-09-01,organic,ios,Canada,32,Retired,,
5537358,2024-11-16,affiliate,web,Philippines,28,Accountant,,221958.0
9109074,2023-10-20,referral,android,Philippines,18,Retired,Partner App,
9371223,2024-03-11,paid_search,ios,Germany,18,Sales Rep,,818315.0
1244761,2024-07-01,affiliate,android,United States,45,Software Engineer,,275203.0
5209689,2024-07-12,organic,web,United States,42,Consultant,,429365.0
3210846,2023-08-16,paid_search,ios,United States,40,Small Business Owner,,621430.0
9535078,2024-03-02,organic,web,United States,35,Freelancer,,
1801849,2024-08-06,organic,ios,Mexico,39,Teacher,,
8748670,2024-04-10,organic,web,Brazil,27,Software Engineer,,
3538568,2024-03-14,affiliate,web,United States,28,Sales Rep,,210268.0
5963401,2024-02-13,social,ios,Brazil,34,Accountant,,465838.0
4554382,2023-10-25,social,android,United States,29,Freelancer,,465838.0
3899033,2024-10-15,social,android,United Kingdom,24,Marketing Manager,,378167.0
7634586,2023-11-24,affiliate,web,Canada,52,Unemployed,,291335.0
4128411,2023-12-25,affiliate,android,Nigeria,36,Retired,,744167.0
6880926,2024-12-02,organic,ios,Canada,29,Sales Rep,,
3473055,2024-12-27,affiliate,ios,Mexico,40,Student,,744167.0
2490017,2024-08-20,organic,ios,United Kingdom,44,Retired,,
6094502,2024-08-18,organic,web,United States,21,Software Engineer,,
1310375,2024-07-22,organic,android,Germany,22,Retired,,
7536295,2024-12-23,social,web,United Kingdom,44,Consultant,,465838.0
5537454,2024-11-07,social,web,Canada,51,Sales Rep,,465838.0
3309231,2024-11-05,social,web,United States,41,Retired,,465838.0
1506995,2024-12-11,paid_search,ios,United States,32,Accountant,,141090.0
2490036,2024-11-22,social,android,Canada,42,Teacher,,465838.0
5734071,2023-01-20,paid_search,web,United Kingdom,25,Consultant,,421879.0
4783799,2024-11-16,organic,android,United States,30,Teacher,,
4685501,2024-12-04,social,android,United Kingdom,25,Unemployed,,465838.0
7110341,2024-12-25,referral,ios,United States,19,Retired,Partner App,
3833552,2024-07-03,social,android,Germany,41,Software Engineer,,378167.0
3342035,2024-09-01,organic,ios,Australia,18,Retired,,429365.0
6127319,2024-12-14,affiliate,android,United States,22,Retired,,275203.0
4783831,2023-11-10,paid_search,android,Philippines,29,Student,,621430.0
6192859,2023-04-15,paid_search,web,India,42,Marketing Manager,,359178.0
1703645,2024-09-08,organic,ios,United Kingdom,35,Software Engineer,,
3735264,2024-12-28,organic,android,United Kingdom,33,Small Business Owner,,
5897954,2024-05-24,social,android,India,43,Teacher,,378167.0
1801955,2024-08-01,referral,ios,United States,36,Teacher,Employee,
9699043,2024-05-12,paid_search,ios,United States,24,Student,,237337.0
4882149,2024-08-08,social,android,United Kingdom,18,Marketing Manager,,465838.0
9305827,2024-07-23,organic,ios,Germany,40,Marketing Manager,,
6323940,2024-03-17,affiliate,android,India,40,Teacher,,744167.0
1703662,2024-02-09,paid_search,web,United States,22,Small Business Owner,,164820.0
8355566,2024-11-19,organic,ios,Canada,38,Small Business Owner,,
2588404,2024-07-05,paid_search,web,Mexico,19,Small Business Owner,,141090.0
7962365,2023-11-21,organic,web,Brazil,54,Unemployed,,
7339776,2024-02-16,paid_search,android,United States,26,Software Engineer,,141090.0
7208714,2023-09-04,organic,web,Philippines,19,Consultant,,
7634699,2024-08-25,social,ios,United States,40,Unemployed,,378167.0
3342094,2024-10-30,affiliate,ios,United States,32,Small Business Owner,,231932.0
9043732,2024-05-01,paid_search,android,India,22,Unemployed,,818315.0
9994006,2024-08-03,organic,web,United States,24,Teacher,,999159.0
7143192,2023-03-21,organic,web,Canada,18,Nurse,,
1605409,2023-09-13,organic,web,United Kingdom,18,Teacher,,
6946594,2023-10-05,social,web,United States,37,Small Business Owner,,378167.0
9043756,2024-02-20,referral,web,Australia,25,Software Engineer,Partner App,
1212204,2024-10-14,paid_search,ios,United States,28,Software Engineer,,141090.0
3473199,2023-07-02,organic,web,Brazil,26,Marketing Manager,,
2883376,2024-08-22,organic,ios,United States,49,Accountant,,
3997493,2023-06-17,organic,ios,United States,34,Nurse,,
9207623,2023-10-01,organic,ios,India,35,Unemployed,,
7143243,2023-12-08,referral,android,United States,41,Unemployed,Community Forum,
4357963,2024-05-02,organic,web,United States,36,Freelancer,,
8224589,2024-05-23,organic,web,Canada,27,Consultant,,429365.0
1113936,2024-01-26,paid_search,web,United States,19,Nurse,,818315.0
1081171,2024-03-08,organic,ios,Mexico,46,Accountant,,
4390742,2024-02-24,social,ios,United States,46,Accountant,,465838.0
9109334,2024-11-17,affiliate,ios,United States,26,Sales Rep,,275203.0
3866457,2024-09-16,organic,android,Mexico,18,Marketing Manager,,
5472089,2024-09-21,paid_search,android,Canada,39,Freelancer,,771155.0
4751198,2024-02-29,organic,web,United Kingdom,21,Teacher,,
3604325,2023-06-02,organic,ios,Brazil,18,Sales Rep,,429365.0
2129775,2024-03-16,referral,ios,United States,49,Student,Community Forum,
8322933,2024-01-11,referral,android,United States,18,Software Engineer,Employee,
3211130,2024-11-13,affiliate,ios,United States,31,Teacher,,291335.0
5898107,2023-10-04,paid_search,web,United States,31,Nurse,,771155.0
9961343,2024-01-19,organic,ios,Nigeria,44,Small Business Owner,,
7241602,2024-02-07,organic,android,United States,34,Teacher,,999159.0
9043846,2024-03-10,social,ios,United States,18,Freelancer,,378167.0
7045001,2024-08-10,referral,android,Australia,53,Nurse,Community Forum,
1277834,2024-07-21,organic,web,United States,25,Accountant,,
2195344,2023-12-27,social,ios,Canada,39,Sales Rep,,465838.0
5308307,2024-12-26,organic,web,Canada,40,Student,,999159.0
3506068,2023-11-02,organic,android,Philippines,35,Nurse,,
5275542,2024-12-15,affiliate,ios,Mexico,58,Small Business Owner,,275203.0
7700379,2024-12-20,affiliate,web,United States,19,Freelancer,,744167.0
8355740,2024-10-21,organic,android,Germany,48,Marketing Manager,,
7143326,2023-08-07,organic,android,United States,18,Accountant,,
2031519,2024-12-23,referral,web,Australia,52,Accountant,Existing Customer,
2555811,2024-02-11,affiliate,android,Philippines,37,Marketing Manager,,275203.0
8290213,2023-12-15,organic,ios,Philippines,51,Freelancer,,429365.0
8421289,2023-04-07,affiliate,android,Canada,43,Accountant,,744167.0
9469872,2023-11-09,referral,android,United States,18,Freelancer,Community Forum,
7962544,2024-04-15,social,web,India,50,Nurse,,465838.0
7897012,2023-06-17,organic,web,India,42,Nurse,,429365.0
8880055,2024-08-17,paid_search,web,United States,38,Nurse,,818315.0
1834938,2023-06-17,organic,web,United States,23,Sales Rep,,999159.0
9306042,2023-04-16,social,android,United States,37,Nurse,,465838.0
8716220,2023-08-17,affiliate,web,United States,32,Software Engineer,,210268.0
6553535,2023-08-13,organic,web,Brazil,25,Small Business Owner,,
8585153,2023-06-06,affiliate,web,United States,41,Marketing Manager,,275203.0
4325315,2024-12-18,paid_search,web,Mexico,54,Freelancer,,154886.0
6160324,2024-01-21,paid_search,ios,United States,18,Sales Rep,,237337.0
8585159,2024-09-27,organic,ios,United States,40,Accountant,,
6455249,2023-12-17,paid_search,web,India,27,Freelancer,,164820.0
1245144,2023-08-17,paid_search,ios,United States,48,Student,,818315.0
3080154,2024-03-28,paid_search,android,Canada,32,Nurse,,164820.0
7733214,2023-05-05,affiliate,web,Canada,54,Marketing Manager,,221958.0
7733215,2024-09-20,social,android,India,40,Marketing Manager,,378167.0
2064367,2024-04-07,social,ios,United States,35,Unemployed,,465838.0
5832691,2024-02-24,referral,web,United Kingdom,24,Sales Rep,Existing Customer,
3276787,2024-12-11,organic,ios,Australia,18,Retired,,
3375100,2024-02-10,affiliate,ios,Mexico,37,Student,,832180.0
1900542,2024-02-29,social,ios,Mexico,18,Unemployed,,378167.0
